{
"type": "FeatureCollection",
"name": "Kauai County",
"crs": { "type": "name", "properties": { "name": "urn:ogc:def:crs:OGC:1.3:CRS84" } },
"features": [
{ "type": "Feature", "properties": { "objectid": 1, "distname": null, "shortname": null, "st_areasha": null, "st_perimet": null }, "geometry": { "type": "MultiPolygon", "coordinates": [ [ [ [ -160.060834624038449, 21.995960360770201 ], [ -160.060625592913624, 21.996020731774774 ], [ -160.060539793399556, 21.996043994874935 ], [ -160.060072227511256, 21.995939365891125 ], [ -160.059826065279339, 21.995972941455761 ], [ -160.059536782150815, 21.996151352150854 ], [ -160.05922960814425, 21.996203475493438 ], [ -160.058817566750008, 21.996238375498663 ], [ -160.058497508652124, 21.996349299923466 ], [ -160.058374375530178, 21.996399951990767 ], [ -160.058116071057043, 21.996429106524776 ], [ -160.057980698906277, 21.996380518928966 ], [ -160.057919522574991, 21.996295215850697 ], [ -160.057845636182492, 21.996128736974185 ], [ -160.057833500634558, 21.995961765851757 ], [ -160.057747242032917, 21.995677985966065 ], [ -160.057703863657082, 21.995461595517838 ], [ -160.05762422181283, 21.99541707729567 ], [ -160.057500787895407, 21.99542709272086 ], [ -160.057421307628829, 21.995567703241964 ], [ -160.057365878557476, 21.995604268489966 ], [ -160.05725509123917, 21.995605152488562 ], [ -160.057156856467429, 21.995420805736224 ], [ -160.05702737512334, 21.995268316235528 ], [ -160.056713787923371, 21.995108263930728 ], [ -160.056455726350634, 21.995006467885293 ], [ -160.056135849002857, 21.994896132659203 ], [ -160.055778700014542, 21.994903494299198 ], [ -160.05571147197108, 21.994818237400843 ], [ -160.055698867378879, 21.994669330532158 ], [ -160.055729450030725, 21.994465895232413 ], [ -160.055655704794901, 21.994236198132192 ], [ -160.055563394031992, 21.994033741628336 ], [ -160.05540334597012, 21.993840854648678 ], [ -160.055354180285576, 21.993741908569987 ], [ -160.055176138035762, 21.99357174155303 ], [ -160.055046722954046, 21.993509556552475 ], [ -160.054702667024202, 21.993403925841278 ], [ -160.054511508295235, 21.993260954536275 ], [ -160.054370129502871, 21.993054371843883 ], [ -160.054271599995332, 21.992829386158608 ], [ -160.054222617689476, 21.992509182683907 ], [ -160.054228814342054, 21.992364640792118 ], [ -160.054093296168304, 21.992049641992537 ], [ -160.053841473260292, 21.991807812492485 ], [ -160.0538231611269, 21.991541550271229 ], [ -160.053902709660349, 21.991409971705821 ], [ -160.054019891811265, 21.991291639177749 ], [ -160.054081473751239, 21.99126857309151 ], [ -160.054142861382417, 21.991137138212139 ], [ -160.054124376158001, 21.990929577523307 ], [ -160.05408732037975, 21.990830533278412 ], [ -160.054050697305428, 21.990790186635721 ], [ -160.053982695191905, 21.990763634256965 ], [ -160.053921086109511, 21.990700908701147 ], [ -160.05380465327363, 21.990674741456502 ], [ -160.053767459280891, 21.990638914245476 ], [ -160.053564713167077, 21.990319932022793 ], [ -160.053330855674972, 21.990050866791897 ], [ -160.053103174760423, 21.989962367771859 ], [ -160.053010825133583, 21.989917946772191 ], [ -160.052771487926691, 21.989644408143295 ], [ -160.052648203290573, 21.989509924770726 ], [ -160.05261107650125, 21.989483126702925 ], [ -160.05247587047586, 21.989127483545321 ], [ -160.052408566129827, 21.988784847390402 ], [ -160.052285301645952, 21.988406531067014 ], [ -160.052100957253202, 21.98811900793714 ], [ -160.052008415610629, 21.987966217431346 ], [ -160.051817884921803, 21.987660681095232 ], [ -160.051725956574245, 21.987426608648569 ], [ -160.051614682743974, 21.987278482701726 ], [ -160.05146756040412, 21.987112579077774 ], [ -160.051375226297949, 21.986905602202501 ], [ -160.05134413371303, 21.986711685504122 ], [ -160.051344114638084, 21.986544615019312 ], [ -160.0512336079845, 21.986089434018606 ], [ -160.051128869077075, 21.985841916469905 ], [ -160.051042690350641, 21.985648435669152 ], [ -160.050845931653214, 21.985482924306471 ], [ -160.050735711751059, 21.985230933846807 ], [ -160.050686320756824, 21.985100377540221 ], [ -160.050600374800666, 21.984938503124731 ], [ -160.050501673160994, 21.984523865805421 ], [ -160.050440208462078, 21.984397920602436 ], [ -160.050286689574165, 21.984349466681451 ], [ -160.050237364804559, 21.984227940553787 ], [ -160.05021913474431, 21.98388942799723 ], [ -160.050022037387976, 21.983430414273052 ], [ -160.049856020281538, 21.982916968856863 ], [ -160.049677915067093, 21.982570690250117 ], [ -160.049517838323908, 21.982206205638594 ], [ -160.049462288120992, 21.982143429469485 ], [ -160.049432070309848, 21.981985627895792 ], [ -160.049425667699438, 21.981773453202685 ], [ -160.049499278373247, 21.981492914455295 ], [ -160.049585318232062, 21.981338709932984 ], [ -160.049640892280934, 21.981157653065665 ], [ -160.049819324980888, 21.980889831320827 ], [ -160.050010227509631, 21.980671581282124 ], [ -160.050169859308198, 21.980399393445165 ], [ -160.050200746687352, 21.980236593877962 ], [ -160.050157866272428, 21.979920853318614 ], [ -160.050188286140468, 21.979365214633905 ], [ -160.050286952475062, 21.979034808427095 ], [ -160.050422228912709, 21.978826029637752 ], [ -160.050600275500727, 21.978671096600248 ], [ -160.051012583520219, 21.97851431104128 ], [ -160.05138140606843, 21.978371415618746 ], [ -160.051904526116317, 21.978136989673271 ], [ -160.052014900861792, 21.978081930423414 ], [ -160.052285886197978, 21.978052692547905 ], [ -160.052544078811536, 21.977766177640856 ], [ -160.052691895458565, 21.977534721214631 ], [ -160.052765424260599, 21.977326430600442 ], [ -160.052839046730895, 21.977212962064414 ], [ -160.052931452927879, 21.976855513100787 ], [ -160.053054544231998, 21.976719075642904 ], [ -160.053153217123764, 21.976637017386153 ], [ -160.053190059261112, 21.976379347370852 ], [ -160.053239328469544, 21.976329287414764 ], [ -160.053337728778331, 21.976292384690908 ], [ -160.053620610641246, 21.976317236777859 ], [ -160.053810813009477, 21.976333790885089 ], [ -160.054081693586966, 21.976291006023732 ], [ -160.054573758029932, 21.976115520617029 ], [ -160.054629313919293, 21.976097018094759 ], [ -160.054960820543528, 21.976148574584652 ], [ -160.055237916344481, 21.976209592296325 ], [ -160.055502104617887, 21.9761623422356 ], [ -160.055828206095669, 21.976055900882596 ], [ -160.056086712521363, 21.975977088229346 ], [ -160.056252601987495, 21.975980286374853 ], [ -160.056406622611604, 21.975933910021212 ], [ -160.056510940977262, 21.975878897666632 ], [ -160.056665028217168, 21.975841550514808 ], [ -160.056757235930206, 21.975867910974973 ], [ -160.057156946728611, 21.975810551666655 ], [ -160.057359491857369, 21.975777335325926 ], [ -160.057870107791416, 21.975737155129892 ], [ -160.058030344590833, 21.975794581558389 ], [ -160.058072950649603, 21.975825850008032 ], [ -160.058116258386576, 21.975951936529839 ], [ -160.058060660402759, 21.976209754470144 ], [ -160.058073030737972, 21.976327055729669 ], [ -160.058177506057433, 21.976538447585611 ], [ -160.058417539665982, 21.976744245253265 ], [ -160.058921928677023, 21.976925363255415 ], [ -160.059604251519403, 21.977019270925656 ], [ -160.060041153927443, 21.977079008319066 ], [ -160.060207549286957, 21.977068651654058 ], [ -160.060717766109065, 21.976974281389566 ], [ -160.061308355431208, 21.976779930458839 ], [ -160.061984462961618, 21.976444920458899 ], [ -160.062169320657887, 21.976312502292878 ], [ -160.062482674929981, 21.975957806644569 ], [ -160.06287653353877, 21.975521193080553 ], [ -160.063036033874766, 21.975316730973859 ], [ -160.063128512551629, 21.97521665546553 ], [ -160.063442399189626, 21.974771648883255 ], [ -160.063639057105689, 21.974435945756884 ], [ -160.063804945111031, 21.974195309499571 ], [ -160.063927686892441, 21.973932440444603 ], [ -160.064013874570946, 21.973394429317938 ], [ -160.064198255361816, 21.972954971765745 ], [ -160.06424751895463, 21.972579806823564 ], [ -160.064389392787461, 21.972122627267268 ], [ -160.064370964312815, 21.971842823957719 ], [ -160.064339892075026, 21.971653428267576 ], [ -160.064376813965168, 21.971409299669272 ], [ -160.064475342332003, 21.971227887543101 ], [ -160.064733228174475, 21.970986500298192 ], [ -160.064985733896521, 21.970835467803933 ], [ -160.065188337182775, 21.970729991118066 ], [ -160.065336094229764, 21.97065656133104 ], [ -160.065397598029847, 21.970624460144702 ], [ -160.0654897689015, 21.970483739317523 ], [ -160.065526724356374, 21.9704066788522 ], [ -160.065736049484229, 21.97014761604397 ], [ -160.065883771940378, 21.97006967018271 ], [ -160.066018816163194, 21.969915059988391 ], [ -160.066110953672393, 21.969851105456595 ], [ -160.066400375424166, 21.969537214294444 ], [ -160.066664578968187, 21.969413182070472 ], [ -160.066793536245882, 21.969335385349652 ], [ -160.067076367045871, 21.96911185970729 ], [ -160.067482269559179, 21.968833161903387 ], [ -160.067721952389832, 21.968506121234437 ], [ -160.067740815139786, 21.968438235829211 ], [ -160.067937321876002, 21.968165727038411 ], [ -160.06817118143482, 21.967707779951549 ], [ -160.068349256227691, 21.967318013391537 ], [ -160.068533955726309, 21.967004958181427 ], [ -160.068687282122369, 21.96670570144769 ], [ -160.068816602752094, 21.966515011464072 ], [ -160.068964472148565, 21.965971955114544 ], [ -160.069050310973182, 21.965713879257748 ], [ -160.069142776333933, 21.965532514854985 ], [ -160.069259215410739, 21.96531935005925 ], [ -160.069443564982066, 21.96471729937122 ], [ -160.069449847632001, 21.964586296689731 ], [ -160.069290047566597, 21.964262450596603 ], [ -160.069326931890515, 21.964176359049432 ], [ -160.069622296027319, 21.964092715874393 ], [ -160.069843411838491, 21.963955478912204 ], [ -160.069898982105514, 21.963616363699572 ], [ -160.06984951122368, 21.963395495287781 ], [ -160.069695730205666, 21.963067085451616 ], [ -160.069818824109348, 21.962853867908784 ], [ -160.069800424026937, 21.962659843225186 ], [ -160.069825202173746, 21.962573848508814 ], [ -160.070003137222074, 21.962328583243213 ], [ -160.070119972434725, 21.96200704080589 ], [ -160.070199913461863, 21.961527747005736 ], [ -160.070169204839743, 21.961306728351989 ], [ -160.070089407360058, 21.961158351502984 ], [ -160.070034059879958, 21.961122669511237 ], [ -160.069800468018911, 21.961129052288531 ], [ -160.069739067448921, 21.961093418659694 ], [ -160.069671074871508, 21.960985587293901 ], [ -160.069511286997823, 21.960905583328081 ], [ -160.069511385299222, 21.960837848831382 ], [ -160.069560406870409, 21.960756175951431 ], [ -160.069763229202749, 21.960682304383027 ], [ -160.069978656133827, 21.960513505350164 ], [ -160.070101345238299, 21.96032738434004 ], [ -160.070113573123137, 21.960020225440914 ], [ -160.070144735105913, 21.959816773850338 ], [ -160.0702862198535, 21.959635018969596 ], [ -160.070445726315796, 21.959435056991079 ], [ -160.070457929426425, 21.959367225532066 ], [ -160.070390673187092, 21.959196170706068 ], [ -160.070396651545593, 21.959024529248669 ], [ -160.070507069186789, 21.958897210010072 ], [ -160.070980988808458, 21.958572813328345 ], [ -160.071189919112442, 21.958345362029643 ], [ -160.07124526272176, 21.95829976325718 ], [ -160.071552518810677, 21.958270212237004 ], [ -160.071804524312142, 21.958137243838731 ], [ -160.071921427951793, 21.957987294092952 ], [ -160.072149050492555, 21.957750661784452 ], [ -160.072327187313334, 21.957695047806904 ], [ -160.072585350452471, 21.957656854221899 ], [ -160.072905739914262, 21.957442052396495 ], [ -160.073169702874253, 21.957128360759729 ], [ -160.073477071549007, 21.956791742663214 ], [ -160.073624635023805, 21.956614451249031 ], [ -160.074042615551519, 21.956177602772353 ], [ -160.074350409958186, 21.955737121714979 ], [ -160.074467105343359, 21.955560078467066 ], [ -160.074583703457563, 21.955450768693844 ], [ -160.074749885466531, 21.955173985519544 ], [ -160.075057612811719, 21.954805754218544 ], [ -160.075641704303621, 21.953762484083654 ], [ -160.076053185377248, 21.9529463781328 ], [ -160.076071906472038, 21.952860432173367 ], [ -160.076126974488801, 21.95277870973786 ], [ -160.076207141849778, 21.952493586176761 ], [ -160.07643427377252, 21.951791850086931 ], [ -160.076526491091528, 21.951258273219008 ], [ -160.076581892208964, 21.95073853834219 ], [ -160.076600163906676, 21.950512613594448 ], [ -160.076778440426523, 21.949833847696233 ], [ -160.076876911267931, 21.949327314650102 ], [ -160.076913998631227, 21.948947710245569 ], [ -160.077085723359204, 21.948363823894706 ], [ -160.077171952055323, 21.947839326559965 ], [ -160.077245669450775, 21.947662628312923 ], [ -160.077362626256985, 21.94711982271949 ], [ -160.077528316535563, 21.946779824899846 ], [ -160.077552910285277, 21.946589974351486 ], [ -160.077553100832716, 21.946454503612401 ], [ -160.077565360430611, 21.946314413500311 ], [ -160.077503924244894, 21.946192979306808 ], [ -160.077386614084446, 21.946126183633094 ], [ -160.077343544067162, 21.946112981779873 ], [ -160.077331365749274, 21.946022762177179 ], [ -160.07734991522787, 21.945914233513438 ], [ -160.077350002924874, 21.94576520961547 ], [ -160.077534432870578, 21.945583095121439 ], [ -160.07765095363456, 21.945464747727605 ], [ -160.077663382273926, 21.94534723654693 ], [ -160.077706309563325, 21.945261090079583 ], [ -160.077632864522627, 21.945072014369099 ], [ -160.077706219425863, 21.945008204141057 ], [ -160.077755674516624, 21.944985227447479 ], [ -160.077841744901633, 21.945002599745436 ], [ -160.077989366825705, 21.944915613765357 ], [ -160.078063168783473, 21.944589880463411 ], [ -160.078154970813642, 21.944403994487431 ], [ -160.07825339517882, 21.944213538338769 ], [ -160.078566843578471, 21.943885880739288 ], [ -160.078659457591669, 21.943406458371999 ], [ -160.0788008397883, 21.943134372651329 ], [ -160.079003823438683, 21.942604389662165 ], [ -160.079120528855071, 21.942350565172038 ], [ -160.079126435883325, 21.942251169973407 ], [ -160.07925578153305, 21.941988212661148 ], [ -160.07943348073789, 21.941476495591864 ], [ -160.079495311613897, 21.941168922611286 ], [ -160.079593314851252, 21.940842995364381 ], [ -160.079623957387184, 21.94065308398957 ], [ -160.079691650143729, 21.940480939230653 ], [ -160.079734898944594, 21.940277379454198 ], [ -160.079777772695508, 21.94002414798495 ], [ -160.079993243416453, 21.939385685598793 ], [ -160.080054168940137, 21.938798138598607 ], [ -160.080140357758125, 21.938350379278436 ], [ -160.080392219406349, 21.93692135421054 ], [ -160.080404757696897, 21.936578050463478 ], [ -160.080490661670979, 21.9363335061689 ], [ -160.080594848324182, 21.936025592883855 ], [ -160.080785840820937, 21.935432486674475 ], [ -160.080890085586702, 21.935052319507278 ], [ -160.081104990899263, 21.934580947960008 ], [ -160.081357063809264, 21.933982835041498 ], [ -160.081430946780358, 21.933589364945945 ], [ -160.081449525467718, 21.933164729119198 ], [ -160.081559568198713, 21.932350997071836 ], [ -160.081633673244596, 21.932147190407122 ], [ -160.081565676481517, 21.931958071231115 ], [ -160.081756339636769, 21.931803002872869 ], [ -160.081897910229401, 21.931558011181512 ], [ -160.081996141369558, 21.93126369459171 ], [ -160.082026710963078, 21.931064752450723 ], [ -160.082051545343944, 21.930987784594333 ], [ -160.082211171448506, 21.930489762738368 ], [ -160.082327964664927, 21.930249486678367 ], [ -160.082340330972471, 21.930204228861978 ], [ -160.082395727705915, 21.930167657087811 ], [ -160.08250016023419, 21.929733300409744 ], [ -160.082585751941622, 21.928888155728348 ], [ -160.082757867066192, 21.928281653941561 ], [ -160.082819465902645, 21.928105042206735 ], [ -160.08283772737596, 21.927879104924475 ], [ -160.082850322659255, 21.927784171382047 ], [ -160.082918132920639, 21.927548804724125 ], [ -160.082813412775664, 21.92722450696537 ], [ -160.082782269997097, 21.927107346416829 ], [ -160.082616752320376, 21.926905463123134 ], [ -160.082530434185088, 21.926693912743389 ], [ -160.082456565639916, 21.926288081345106 ], [ -160.082616431131385, 21.925582330828956 ], [ -160.082690040323968, 21.924913399457985 ], [ -160.082689621833566, 21.924777928029126 ], [ -160.082487183842062, 21.92417443227022 ], [ -160.082271497673929, 21.923819412471747 ], [ -160.082087072810424, 21.923437046442334 ], [ -160.081970314905107, 21.923040589884888 ], [ -160.081872043374773, 21.922607858684785 ], [ -160.081853515432101, 21.922558333452148 ], [ -160.081841318785905, 21.922305544802114 ], [ -160.081877895538867, 21.922020754860224 ], [ -160.081773326885497, 21.921795801661524 ], [ -160.081730246863714, 21.921620029644302 ], [ -160.08170578799519, 21.92142604106019 ], [ -160.081588854103984, 21.921246334654846 ], [ -160.081294055705399, 21.920991278627334 ], [ -160.081250473728943, 21.920829048225919 ], [ -160.081201786455608, 21.920712019707068 ], [ -160.081097288956528, 21.920496084540584 ], [ -160.080961497938347, 21.920302980247957 ], [ -160.080931099771988, 21.920203869488425 ], [ -160.080906190564491, 21.919869877246501 ], [ -160.080894286633338, 21.919495137070481 ], [ -160.080844690419383, 21.919016828106297 ], [ -160.080863183573399, 21.918741198697045 ], [ -160.080881456031221, 21.918596537361363 ], [ -160.080764773981741, 21.918209087171299 ], [ -160.08054973327549, 21.91777726194405 ], [ -160.080334489523153, 21.917318341742881 ], [ -160.080297565288163, 21.917156057278145 ], [ -160.080272643193211, 21.916659485449792 ], [ -160.080321979554697, 21.916221029774931 ], [ -160.080235392259482, 21.915892046645133 ], [ -160.080094017593524, 21.915599630347838 ], [ -160.079922214186922, 21.915203586287923 ], [ -160.079792915080986, 21.914987846194641 ], [ -160.079516420895771, 21.91475070146485 ], [ -160.079338155687935, 21.914621158337027 ], [ -160.079055163141305, 21.914244065094206 ], [ -160.078968885308399, 21.913955722568591 ], [ -160.078877054394269, 21.913572586332787 ], [ -160.078747419288106, 21.913311686299394 ], [ -160.078606281358987, 21.912969588058004 ], [ -160.078551005973168, 21.912780352639295 ], [ -160.078507627011362, 21.912563925148081 ], [ -160.078397014965446, 21.912257711755146 ], [ -160.0783231129505, 21.91200539813482 ], [ -160.078194084426769, 21.911744492655071 ], [ -160.077720605284895, 21.911219882120307 ], [ -160.077622544240228, 21.911053567231168 ], [ -160.077499217517612, 21.910584873006616 ], [ -160.077400986412982, 21.910395978008403 ], [ -160.077271876486463, 21.90988216832438 ], [ -160.077247160863521, 21.909733333297407 ], [ -160.077271643646355, 21.909448622038944 ], [ -160.077235268558269, 21.90935858926899 ], [ -160.077007699797036, 21.909188789320552 ], [ -160.076884863110365, 21.90894589639808 ], [ -160.076706353430239, 21.908540865703355 ], [ -160.076687818542155, 21.90832875462409 ], [ -160.076712212227477, 21.90819307699347 ], [ -160.07663263889529, 21.907990484641513 ], [ -160.076527727720418, 21.907878415706758 ], [ -160.076165549068747, 21.907750329288064 ], [ -160.075980572969769, 21.907611801426501 ], [ -160.07589481448187, 21.907391192015861 ], [ -160.075901014414711, 21.907088561328379 ], [ -160.075790015382495, 21.906890734078651 ], [ -160.075606043140141, 21.906643809651083 ], [ -160.075390431632343, 21.906211974277674 ], [ -160.075279772892145, 21.906059304740797 ], [ -160.075076796338067, 21.905537044814924 ], [ -160.074954034019044, 21.905303180448509 ], [ -160.074873897574093, 21.905186397383069 ], [ -160.07467131287666, 21.905038973742947 ], [ -160.074535953170653, 21.904900047738082 ], [ -160.074400888578197, 21.904639183445727 ], [ -160.074357654282693, 21.90444081593154 ], [ -160.07430836691421, 21.904161206115596 ], [ -160.07422254557008, 21.903931563379707 ], [ -160.074198096575344, 21.903656271985994 ], [ -160.074056184504769, 21.90353094578148 ], [ -160.073995135095259, 21.903296590117421 ], [ -160.074019557140559, 21.903002846724171 ], [ -160.073945874473338, 21.90285891409868 ], [ -160.073656777045699, 21.902630883754771 ], [ -160.073595533632783, 21.902532013918417 ], [ -160.073484571483277, 21.902257408626586 ], [ -160.07351541239035, 21.901932000622356 ], [ -160.073638407327508, 21.90147037658333 ], [ -160.073724335495058, 21.901149048227822 ], [ -160.073767184543584, 21.90105386879711 ], [ -160.07379177811066, 21.90086399530886 ], [ -160.073785961284415, 21.900814364236165 ], [ -160.073693255551689, 21.900634452143052 ], [ -160.07358272876067, 21.90025597108427 ], [ -160.073490793936287, 21.900017344031557 ], [ -160.073509121913105, 21.899475259026115 ], [ -160.073496778397015, 21.899281162087025 ], [ -160.073435131785345, 21.899128100798162 ], [ -160.073373683521368, 21.898920844252142 ], [ -160.073349274961913, 21.898731358985387 ], [ -160.0733918832006, 21.898523278384275 ], [ -160.07339845344913, 21.89810773935157 ], [ -160.073232302374038, 21.897652923218743 ], [ -160.073201337677915, 21.897395747237425 ], [ -160.073201391965057, 21.897079614927172 ], [ -160.073281339726861, 21.896848657363481 ], [ -160.0733427732238, 21.896730750444746 ], [ -160.073382423899375, 21.896531725341788 ], [ -160.073385919301245, 21.896513632780074 ], [ -160.073422612695737, 21.89632365415634 ], [ -160.073343115184485, 21.896048783588423 ], [ -160.073434894193781, 21.895862883932232 ], [ -160.073693039140494, 21.89567566701643 ], [ -160.073735886716207, 21.895580483984091 ], [ -160.073779403907224, 21.895413032854094 ], [ -160.073822251347423, 21.895317848898493 ], [ -160.074135442291066, 21.895048900919786 ], [ -160.074270616377362, 21.895002666005535 ], [ -160.074560021068748, 21.894950692525722 ], [ -160.074700973498523, 21.894868280916697 ], [ -160.074866793430289, 21.894713408787162 ], [ -160.074971684215996, 21.894662897642149 ], [ -160.075045015564854, 21.89459908650845 ], [ -160.075223576090394, 21.894529925858311 ], [ -160.075856365424499, 21.894524907129124 ], [ -160.076231311080903, 21.894585162478727 ], [ -160.07666795715258, 21.894563632215398 ], [ -160.076938680323252, 21.894602130095912 ], [ -160.077208792885529, 21.894559338847575 ], [ -160.077430242752172, 21.894562096514012 ], [ -160.077583811983203, 21.894709916799936 ], [ -160.077645156353299, 21.89482233849764 ], [ -160.077799224004707, 21.894875311453156 ], [ -160.077909863806354, 21.894865399928666 ], [ -160.077995429451704, 21.894819556387333 ], [ -160.078130582951928, 21.89452943509875 ], [ -160.078167717446604, 21.894479459647165 ], [ -160.07821665138141, 21.894470038778845 ], [ -160.078302617842837, 21.894397093705866 ], [ -160.078413816203579, 21.894220071613251 ], [ -160.078598146437201, 21.894033436515112 ], [ -160.078616322849115, 21.893956513526479 ], [ -160.078684173773127, 21.893888229014653 ], [ -160.078788260383647, 21.893891918276783 ], [ -160.078843617191723, 21.893932125047449 ], [ -160.079016132344748, 21.893944303470754 ], [ -160.079083751994006, 21.893925700158491 ], [ -160.079182047403719, 21.893802976827434 ], [ -160.079304812919702, 21.893716190052999 ], [ -160.079372466419699, 21.893702103164287 ], [ -160.079513964830426, 21.893773239346775 ], [ -160.079612009156392, 21.893858270283694 ], [ -160.079821167680024, 21.893996613567364 ], [ -160.080017949340288, 21.894017630045635 ], [ -160.080232906583944, 21.893961723154518 ], [ -160.080552403713114, 21.893728847084393 ], [ -160.080662865405344, 21.893615059409512 ], [ -160.08084104823493, 21.893496216349476 ], [ -160.081025517452844, 21.893408937387704 ], [ -160.081204126350173, 21.893186214754056 ], [ -160.081234937675589, 21.893100158762255 ], [ -160.081560507343369, 21.892790455164693 ], [ -160.081689421997709, 21.89271716752155 ], [ -160.082476329550332, 21.892051514435497 ], [ -160.082494758951611, 21.891848132861508 ], [ -160.082494410278144, 21.891721677693191 ], [ -160.082586609157545, 21.89151319221169 ], [ -160.082654525210955, 21.891453939234054 ], [ -160.082826219073326, 21.891357727827195 ], [ -160.083022886040368, 21.89128389962244 ], [ -160.083121619700563, 21.891219883615136 ], [ -160.083293466192771, 21.890983664823178 ], [ -160.083453442357552, 21.890697861335624 ], [ -160.083533370237404, 21.8904668922093 ], [ -160.083766757536637, 21.890288894539854 ], [ -160.0838160214808, 21.890243338547826 ], [ -160.083821686771557, 21.890112320729727 ], [ -160.083790910127505, 21.889882232862078 ], [ -160.083803569841336, 21.889796322113536 ], [ -160.083914094239816, 21.889691565497511 ], [ -160.084000259737337, 21.889645715932147 ], [ -160.084092209820909, 21.889644982252769 ], [ -160.084240010255513, 21.889589608301144 ], [ -160.084295323928018, 21.889544003303079 ], [ -160.084387103210588, 21.889520690417221 ], [ -160.084577537063979, 21.889343035079868 ], [ -160.08473737783865, 21.889359825092626 ], [ -160.0847927685748, 21.889404546418614 ], [ -160.084903437641685, 21.889399147813482 ], [ -160.084958886714475, 21.889371606925923 ], [ -160.085026323404577, 21.88924912882646 ], [ -160.085026542401209, 21.889118154108179 ], [ -160.085044851507291, 21.889059295751213 ], [ -160.085204509991058, 21.888972211977368 ], [ -160.085315453062663, 21.889002940830004 ], [ -160.085475234514632, 21.889091991389275 ], [ -160.085678059060228, 21.889112954248645 ], [ -160.086071175141115, 21.889177560109928 ], [ -160.086686052930133, 21.889127486392532 ], [ -160.086851863180499, 21.889053900776755 ], [ -160.086950422415782, 21.888967304465712 ], [ -160.087158977614621, 21.888866278929807 ], [ -160.087460258058826, 21.888787094438939 ], [ -160.087595637583718, 21.888849240584747 ], [ -160.087675169473613, 21.888966027951799 ], [ -160.087896975261316, 21.889176520231413 ], [ -160.088037994445273, 21.889423788483345 ], [ -160.088068800159817, 21.889577095774658 ], [ -160.088136839472469, 21.889693975089909 ], [ -160.088327007165589, 21.889800845610029 ], [ -160.088394896721809, 21.889818367189356 ], [ -160.088548380643857, 21.889794558272069 ], [ -160.088597779960111, 21.889767065209487 ], [ -160.088898867903112, 21.889742074021882 ], [ -160.089230910244112, 21.889730383498268 ], [ -160.089359680813828, 21.889639027612539 ], [ -160.08940284667267, 21.889507710158721 ], [ -160.089402560633971, 21.889390289171345 ], [ -160.08942701999851, 21.889344930012509 ], [ -160.089427213249934, 21.889290733141017 ], [ -160.089494769654948, 21.889105025261713 ], [ -160.089599068543549, 21.888977734163245 ], [ -160.089617977909654, 21.888679508872954 ], [ -160.089648576447388, 21.888566356885406 ], [ -160.089783679104698, 21.888353010128199 ], [ -160.089826320737188, 21.888312022030412 ], [ -160.089857090627078, 21.888221449919385 ], [ -160.089863376834558, 21.888013651304316 ], [ -160.089937085134807, 21.887841442853919 ], [ -160.089998273730743, 21.887773208853972 ], [ -160.090151947178811, 21.88769520167234 ], [ -160.090250379115247, 21.887671831603328 ], [ -160.0904348004714, 21.887580029669518 ], [ -160.090901602758407, 21.887151761497485 ], [ -160.091061758169104, 21.887051120481235 ], [ -160.091209436398344, 21.886900900330826 ], [ -160.091326228990624, 21.886746411366182 ], [ -160.091467562000844, 21.886636888321565 ], [ -160.091583852314017, 21.886495952766349 ], [ -160.091639264541044, 21.886463895002592 ], [ -160.091799336064582, 21.886272928796618 ], [ -160.092100044998432, 21.886040189329886 ], [ -160.092358125964068, 21.8859297295337 ], [ -160.092567332159575, 21.885756434115947 ], [ -160.09274559829808, 21.885651131139902 ], [ -160.092917366920489, 21.885487167815409 ], [ -160.093009492499533, 21.885350941866069 ], [ -160.093175349178097, 21.885205090849595 ], [ -160.093261679988956, 21.885181817448153 ], [ -160.093353593475257, 21.885176563995316 ], [ -160.093624513335129, 21.885084065070156 ], [ -160.093685540752659, 21.885074543162183 ], [ -160.093759360291614, 21.884997174198425 ], [ -160.093808796891778, 21.884816128014158 ], [ -160.093894508436108, 21.884711565963251 ], [ -160.094097243521645, 21.884642195998985 ], [ -160.094171165955288, 21.884578374616957 ], [ -160.09432446988049, 21.884531981594126 ], [ -160.094515508600438, 21.88427753831456 ], [ -160.094601563905769, 21.884218136597774 ], [ -160.094687465872681, 21.884059378239776 ], [ -160.094834720169104, 21.884013034011247 ], [ -160.094908588555882, 21.884021473414965 ], [ -160.094982215653602, 21.883998300768358 ], [ -160.095154239863149, 21.883789172382208 ], [ -160.095258735831919, 21.883688975295215 ], [ -160.095498456453186, 21.883551563113159 ], [ -160.095572239745223, 21.883469677780845 ], [ -160.095842844370054, 21.88333653304344 ], [ -160.096106847550857, 21.88313118192892 ], [ -160.096309751786436, 21.883084388336673 ], [ -160.096475584339942, 21.883015312695264 ], [ -160.096703046398432, 21.883094776143995 ], [ -160.096776516645519, 21.883130315142179 ], [ -160.097059457800924, 21.883186750790344 ], [ -160.097170483410906, 21.88330779616906 ], [ -160.097212877780493, 21.883393263236098 ], [ -160.097225372287937, 21.883524133093754 ], [ -160.09718230111676, 21.883745774916672 ], [ -160.097238068820019, 21.884314369637966 ], [ -160.097268434822666, 21.884408965659528 ], [ -160.097527094913033, 21.884691399422419 ], [ -160.097619023923215, 21.884767433158387 ], [ -160.097828030520873, 21.884806391620199 ], [ -160.098036796208646, 21.884813737824015 ], [ -160.098190669246804, 21.884762816180807 ], [ -160.098270517905206, 21.88476217165227 ], [ -160.098430561454478, 21.884647973321673 ], [ -160.098547240219546, 21.884637998014171 ], [ -160.098583916081083, 21.884687380615823 ], [ -160.098645790463422, 21.885025596208845 ], [ -160.0988240686967, 21.885159641607551 ], [ -160.098922169124592, 21.885172398093282 ], [ -160.098971132844952, 21.885167485937501 ], [ -160.099069838173477, 21.885180236490978 ], [ -160.099229224443718, 21.885138302436463 ], [ -160.099456603143977, 21.88496936420173 ], [ -160.099487832689277, 21.884860722259337 ], [ -160.09949967104933, 21.88474772194699 ], [ -160.099481263856433, 21.884634965127152 ], [ -160.099499859845707, 21.884535458178544 ], [ -160.099579620914142, 21.884444489594344 ], [ -160.099739559156347, 21.884316742318028 ], [ -160.099776404479314, 21.884072569581576 ], [ -160.099948196342638, 21.88375504609693 ], [ -160.100034178718062, 21.883686607724449 ], [ -160.100200044578145, 21.883622039473561 ], [ -160.100439761669435, 21.883642680964591 ], [ -160.100519869060463, 21.883596871638758 ], [ -160.100661103594689, 21.883397015865938 ], [ -160.100728645810221, 21.883369372747005 ], [ -160.100882257914492, 21.883363613310571 ], [ -160.100943680926406, 21.883326986561066 ], [ -160.101115746634946, 21.883045590440378 ], [ -160.1013983923593, 21.8829845916026 ], [ -160.101588745856333, 21.882879178648651 ], [ -160.101748572433735, 21.882579815786531 ], [ -160.102228095699331, 21.882160443684548 ], [ -160.102443317917249, 21.882063860699574 ], [ -160.102578380509016, 21.881927281784954 ], [ -160.10261529494025, 21.881850207601374 ], [ -160.102774948900418, 21.881686330932396 ], [ -160.102848608083093, 21.881667669565875 ], [ -160.103057457718648, 21.881765333859139 ], [ -160.103235611276062, 21.881804535569501 ], [ -160.103315459116288, 21.881803888657259 ], [ -160.103567548860156, 21.881860555939994 ], [ -160.103647758428707, 21.881828292879128 ], [ -160.10379524410024, 21.881655482295375 ], [ -160.103899442549789, 21.881203019645476 ], [ -160.104059095280036, 21.881039143610245 ], [ -160.104182210925558, 21.880843949412494 ], [ -160.104273975166734, 21.88066255891464 ], [ -160.104458788192886, 21.880466864128124 ], [ -160.104649101260037, 21.880356933138835 ], [ -160.104759568058199, 21.880247648645355 ], [ -160.104882570409103, 21.879880841222832 ], [ -160.105159138143534, 21.879738596430112 ], [ -160.105343358360415, 21.87946613187545 ], [ -160.105398744265841, 21.879352778470853 ], [ -160.105521272292265, 21.879238880458949 ], [ -160.105644391673536, 21.879201752108127 ], [ -160.105933424356863, 21.879185858555037 ], [ -160.106123908616553, 21.879098504871532 ], [ -160.106240700512785, 21.879025298222427 ], [ -160.106424452191135, 21.878770901735013 ], [ -160.106608995038926, 21.878462304307558 ], [ -160.106732056541944, 21.878339369286699 ], [ -160.106909766420358, 21.878243086971693 ], [ -160.107254241688366, 21.877964803544931 ], [ -160.107414232194429, 21.878080923764191 ], [ -160.10761046852943, 21.878269008259963 ], [ -160.107709134749769, 21.878277239115636 ], [ -160.107739844272743, 21.878258924992885 ], [ -160.107917820140784, 21.878275543788991 ], [ -160.107985311490268, 21.878320155999084 ], [ -160.108139137711532, 21.87849955215027 ], [ -160.108262556702897, 21.878579839649539 ], [ -160.108366457643314, 21.878560930851496 ], [ -160.108477501408487, 21.878605189250489 ], [ -160.108520226610182, 21.878654519862994 ], [ -160.108723422131163, 21.878725125500644 ], [ -160.108833582089261, 21.878733262040321 ], [ -160.108907656678923, 21.878768788836751 ], [ -160.108956547942455, 21.878754842619884 ], [ -160.109165595027775, 21.878956368318825 ], [ -160.109331823582352, 21.87925308142135 ], [ -160.109504124980532, 21.879396196194641 ], [ -160.109565451725643, 21.879504084422084 ], [ -160.109645390740866, 21.879593755904089 ], [ -160.109694619348232, 21.879701742744029 ], [ -160.109762485697928, 21.880107642464072 ], [ -160.109891294801088, 21.880336917427876 ], [ -160.110020556393238, 21.880390058310606 ], [ -160.110137569043303, 21.880502009115368 ], [ -160.110248043931819, 21.880550786804982 ], [ -160.110303125115763, 21.880554854538737 ], [ -160.110364603529121, 21.880604031095451 ], [ -160.110598652107683, 21.880674382906395 ], [ -160.110899460030538, 21.880694512421364 ], [ -160.111465043489574, 21.880378290543625 ], [ -160.111710731785024, 21.880154997268985 ], [ -160.111802439955198, 21.88004586286052 ], [ -160.111870069153014, 21.879873699174681 ], [ -160.111950099615314, 21.879818852428468 ], [ -160.112054741307333, 21.879583161194159 ], [ -160.112122288222054, 21.879478739905299 ], [ -160.112214276659302, 21.879405731822423 ], [ -160.112306685082814, 21.87938691349807 ], [ -160.112386145254021, 21.879336588037958 ], [ -160.112558188753724, 21.879290023842351 ], [ -160.112619642876922, 21.879257910308855 ], [ -160.112693678172235, 21.879054081410338 ], [ -160.112760970682217, 21.878994822581724 ], [ -160.112791524532753, 21.878800380474718 ], [ -160.112853197030574, 21.878718586766848 ], [ -160.112914450139584, 21.878582604134504 ], [ -160.113074159447223, 21.878427752850829 ], [ -160.113344737145013, 21.87829457854323 ], [ -160.113658006997667, 21.87820621562043 ], [ -160.113719520509591, 21.87825990742548 ], [ -160.11378737304716, 21.878272902157782 ], [ -160.114002404384962, 21.878465339456159 ], [ -160.114199122869962, 21.878558571124284 ], [ -160.114199385879772, 21.878748245782806 ], [ -160.114180450059649, 21.878802593596497 ], [ -160.11418694578208, 21.878938023531589 ], [ -160.114279379960436, 21.87900049422894 ], [ -160.114390074022651, 21.878999590863657 ], [ -160.114568086305354, 21.879020717084835 ], [ -160.114789483821738, 21.878942134474912 ], [ -160.114930685292677, 21.87881904639988 ], [ -160.114992251274487, 21.878723705179354 ], [ -160.115176250918438, 21.878658976901217 ], [ -160.115231838240874, 21.878572716758914 ], [ -160.115342295340298, 21.878463427346496 ], [ -160.115513931555654, 21.878209123203455 ], [ -160.115550924361685, 21.877987532211399 ], [ -160.115661318560484, 21.877792437839144 ], [ -160.115766050123057, 21.877647066670079 ], [ -160.11595610348175, 21.877505514900569 ], [ -160.11626990439035, 21.877408110967561 ], [ -160.116417214315959, 21.87737077824962 ], [ -160.116448168396772, 21.87738407346535 ], [ -160.116552427015421, 21.877333543663987 ], [ -160.11661392102701, 21.877229170720952 ], [ -160.116663302877811, 21.877278444082268 ], [ -160.116816442852695, 21.877290740134498 ], [ -160.117001176964408, 21.877320841733926 ], [ -160.11722857761626, 21.877314464820955 ], [ -160.117590949435964, 21.877162469536689 ], [ -160.117701473976183, 21.877062210717465 ], [ -160.117769128963289, 21.876894562303654 ], [ -160.117763157662097, 21.876826869994893 ], [ -160.117855035916335, 21.876740312178281 ], [ -160.117904453175441, 21.87679410074357 ], [ -160.117898256122089, 21.876852860241176 ], [ -160.117978381283365, 21.876888333726257 ], [ -160.118027341263996, 21.876883416045441 ], [ -160.118125907976548, 21.876801320378373 ], [ -160.118205618530283, 21.876705829581805 ], [ -160.118402139970328, 21.876618415644383 ], [ -160.118512732946328, 21.876527188392625 ], [ -160.118887580323275, 21.8765015387267 ], [ -160.118979880208258, 21.876469170019252 ], [ -160.119035007602946, 21.876324204315484 ], [ -160.119121228821513, 21.876210595648136 ], [ -160.119231569324796, 21.876164531482758 ], [ -160.119409901589876, 21.876149522022008 ], [ -160.119563433944478, 21.876134716153722 ], [ -160.119618477342868, 21.876134265259044 ], [ -160.119735653003602, 21.876033950900901 ], [ -160.119809095336194, 21.875988188660706 ], [ -160.119858090165621, 21.875987786935681 ], [ -160.119968811187846, 21.876068169014065 ], [ -160.120060999099906, 21.876099025584239 ], [ -160.120110275934962, 21.876134750238286 ], [ -160.120460739588253, 21.87624026318273 ], [ -160.120768316258278, 21.876508704430012 ], [ -160.121032565619316, 21.876651051181952 ], [ -160.121265867129779, 21.876703329710356 ], [ -160.121321515565938, 21.876702873216928 ], [ -160.121499394297501, 21.876552383672923 ], [ -160.121567387734586, 21.876583437521294 ], [ -160.12156710051957, 21.876624084556919 ], [ -160.121653088770046, 21.876790473242774 ], [ -160.121776297721851, 21.876920427651715 ], [ -160.12199757148764, 21.876981835826225 ], [ -160.122108229343723, 21.876976410853381 ], [ -160.122145060351187, 21.876890303400707 ], [ -160.122181781809445, 21.876867421753314 ], [ -160.122224803508431, 21.876799328155311 ], [ -160.122370548082984, 21.87671683815368 ], [ -160.122450471018936, 21.876571666345829 ], [ -160.122475059973965, 21.876544367750846 ], [ -160.122573336828907, 21.876502912949043 ], [ -160.122610626670735, 21.876475509713003 ], [ -160.122616680473129, 21.876398686906391 ], [ -160.122592061547664, 21.8763446973906 ], [ -160.122610499302425, 21.876227127952287 ], [ -160.122653485276345, 21.876154516870162 ], [ -160.122727173957401, 21.87614036150249 ], [ -160.123083917020068, 21.875965812792717 ], [ -160.123114910738309, 21.875906847975653 ], [ -160.12336690006245, 21.875796386061261 ], [ -160.123587929906392, 21.87574940426153 ], [ -160.123680082912159, 21.875775740497044 ], [ -160.123827628104294, 21.875923553572111 ], [ -160.123944474952282, 21.875936137598821 ], [ -160.123969204011701, 21.875926902006345 ], [ -160.123999667804497, 21.875800201596356 ], [ -160.124036780336667, 21.875750219275005 ], [ -160.124110680872178, 21.875763157656387 ], [ -160.124239165667859, 21.875716937477545 ], [ -160.124436251188115, 21.875624991420757 ], [ -160.124497378146884, 21.875629003255625 ], [ -160.124614536739045, 21.875835773803747 ], [ -160.124755822069233, 21.875956541078907 ], [ -160.124792221143366, 21.875969789402973 ], [ -160.124835053944253, 21.876109433007432 ], [ -160.124859912054006, 21.876425349561313 ], [ -160.124847846338838, 21.876506738309391 ], [ -160.124927181758636, 21.876749949376933 ], [ -160.125203919907165, 21.877018626912864 ], [ -160.12530798542835, 21.877252601054916 ], [ -160.125375586605202, 21.877310751755275 ], [ -160.126174558354052, 21.877371892890615 ], [ -160.127028893523772, 21.877473215952332 ], [ -160.127151613015002, 21.87746316936957 ], [ -160.127237827378792, 21.877426328234172 ], [ -160.127299134296436, 21.87737614531185 ], [ -160.127360835894422, 21.877222090570182 ], [ -160.127551380264634, 21.876913425689601 ], [ -160.127582161057376, 21.876750594264117 ], [ -160.127754341819042, 21.876568530129372 ], [ -160.127779359280339, 21.876365102143932 ], [ -160.127736272609042, 21.876270621984375 ], [ -160.127760897536092, 21.876171066686432 ], [ -160.127724002969302, 21.87601782682345 ], [ -160.127662772630885, 21.875846724618526 ], [ -160.127662880718646, 21.875783499794302 ], [ -160.127742337369455, 21.875579622338385 ], [ -160.127767317669935, 21.875448451205322 ], [ -160.127712027941641, 21.875340524287662 ], [ -160.127736295326713, 21.875272583027286 ], [ -160.127883815575018, 21.875108786097211 ], [ -160.127914845100292, 21.874977565394659 ], [ -160.128203911951601, 21.874428737214547 ], [ -160.128240706858833, 21.874184568105946 ], [ -160.128468673380013, 21.873943334380797 ], [ -160.12856691205161, 21.873897361466955 ], [ -160.129236424658586, 21.873882790706432 ], [ -160.129550100179983, 21.873848582437187 ], [ -160.129691461280544, 21.873748060221729 ], [ -160.129820441577465, 21.873534740167837 ], [ -160.129894163616768, 21.873525098147393 ], [ -160.129906793116248, 21.873669504834584 ], [ -160.12990650773375, 21.873786923298308 ], [ -160.129992326232241, 21.873853953498013 ], [ -160.130146033289151, 21.873861712126004 ], [ -160.130275047285835, 21.873729679712724 ], [ -160.130324432615936, 21.873702174649171 ], [ -160.130453660474899, 21.873674008794232 ], [ -160.130576483214213, 21.873600735016637 ], [ -160.130600855693302, 21.873546341895963 ], [ -160.130680981864998, 21.87350503406234 ], [ -160.130865536244841, 21.873512536952376 ], [ -160.13112964709498, 21.873329708355794 ], [ -160.131240371700414, 21.873333307613915 ], [ -160.131332275427042, 21.873404801193388 ], [ -160.131609052640272, 21.873447667205571 ], [ -160.131860888678176, 21.873395903735293 ], [ -160.132051242613699, 21.873448517217497 ], [ -160.132063518756354, 21.873624539461357 ], [ -160.132131264188558, 21.873700748714967 ], [ -160.132186448882806, 21.873718355012741 ], [ -160.132284827636909, 21.873690443101754 ], [ -160.132358762483676, 21.873631122820676 ], [ -160.132463260771459, 21.873612191326142 ], [ -160.132628922772, 21.873678557413651 ], [ -160.132702503079258, 21.873727622423406 ], [ -160.132782913821586, 21.873722439898131 ], [ -160.132967253459526, 21.8736260747072 ], [ -160.133108506075274, 21.873588774410209 ], [ -160.133237802237346, 21.873492866103067 ], [ -160.13337891201229, 21.873437503334454 ], [ -160.133612140501469, 21.873480726978816 ], [ -160.133686467004338, 21.873471077304409 ], [ -160.133710835198059, 21.873263140036993 ], [ -160.133802915248481, 21.873203668066814 ], [ -160.133851908877148, 21.873203261317833 ], [ -160.134134660702642, 21.873083498463764 ], [ -160.134202863676649, 21.872911325298084 ], [ -160.134595771621633, 21.872876450018286 ], [ -160.134712616551525, 21.872889027379269 ], [ -160.134768120428674, 21.872870502360591 ], [ -160.134811349096083, 21.872829499109297 ], [ -160.134860338323392, 21.872675549274174 ], [ -160.134921784280266, 21.872643426823725 ], [ -160.135032437869484, 21.872637991522087 ], [ -160.135167499048407, 21.872659449381416 ], [ -160.135259899522879, 21.872640617573278 ], [ -160.135604270812848, 21.872434537012836 ], [ -160.13576398541511, 21.872360953700284 ], [ -160.136120067096499, 21.872335413627827 ], [ -160.136175215937556, 21.872348503035447 ], [ -160.136372297381911, 21.872486859085271 ], [ -160.136550303581913, 21.872507958156778 ], [ -160.136618259177993, 21.872457717027633 ], [ -160.136691867554333, 21.872280982613589 ], [ -160.136692079023618, 21.872231305502861 ], [ -160.136802409329334, 21.87218522811661 ], [ -160.136839377470324, 21.872193952240316 ], [ -160.136876347840655, 21.872279447716345 ], [ -160.137029879999517, 21.872418164899994 ], [ -160.137453709005996, 21.87246882997713 ], [ -160.137521521106066, 21.872400526265508 ], [ -160.137527530087397, 21.872319188576867 ], [ -160.137613949651239, 21.872232666039547 ], [ -160.137724032726965, 21.872231749589712 ], [ -160.138000816634758, 21.872428147536894 ], [ -160.138277522730021, 21.872461970324203 ], [ -160.138455314185279, 21.872455973999184 ], [ -160.138547714007444, 21.872437140370419 ], [ -160.138596739000576, 21.872364477366492 ], [ -160.138652062998517, 21.872323372393637 ], [ -160.138707745208507, 21.872327424751663 ], [ -160.138861164073546, 21.872299050866506 ], [ -160.138928688753509, 21.872194621272122 ], [ -160.139088863696969, 21.872102968415629 ], [ -160.139168704147522, 21.872102302556396 ], [ -160.139260391281539, 21.872069926965995 ], [ -160.139438849571178, 21.871919413931227 ], [ -160.139629373816916, 21.871841054710458 ], [ -160.140108914707611, 21.87182350929556 ], [ -160.140182850165928, 21.871840956048445 ], [ -160.140250311890071, 21.87188103741369 ], [ -160.140317603351093, 21.872052080841236 ], [ -160.140219421789936, 21.87233288812757 ], [ -160.140212859353881, 21.872649058512948 ], [ -160.140237484069985, 21.872703044258138 ], [ -160.140366502618093, 21.872801318174904 ], [ -160.140446523788285, 21.872823230332266 ], [ -160.140600203376152, 21.872980006208451 ], [ -160.140685954306065, 21.873037997740813 ], [ -160.140864428203372, 21.873117795150044 ], [ -160.140993120023694, 21.873098657327908 ], [ -160.14122085827384, 21.872983858823364 ], [ -160.141626394510212, 21.872939829679527 ], [ -160.141780172526865, 21.872956609467678 ], [ -160.142025989911275, 21.872909397154398 ], [ -160.142142469911278, 21.872800042503869 ], [ -160.142265680839529, 21.872776434033021 ], [ -160.142523744355969, 21.872823952467755 ], [ -160.142720281256629, 21.872741024071164 ], [ -160.142800086012585, 21.872735841792938 ], [ -160.14292944650046, 21.872648958178658 ], [ -160.143156758326853, 21.872556739917144 ], [ -160.143500877960747, 21.872472576922295 ], [ -160.143568830972271, 21.872422333934466 ], [ -160.143654576831125, 21.872403553588736 ], [ -160.143734201430419, 21.872375792232944 ], [ -160.143937014150822, 21.872473446172517 ], [ -160.144029492120097, 21.872540411776956 ], [ -160.144447475316724, 21.872464660693172 ], [ -160.144705453012705, 21.872349604975781 ], [ -160.144871607876354, 21.872325634768078 ], [ -160.1450005789427, 21.87226584886205 ], [ -160.145074219361334, 21.872170398768173 ], [ -160.145074348317337, 21.872034920420397 ], [ -160.145105296023758, 21.87197143902846 ], [ -160.145221989013038, 21.871889176490804 ], [ -160.145240155538488, 21.871739999179628 ], [ -160.14522193007241, 21.871654350160814 ], [ -160.145381515880871, 21.871413671509337 ], [ -160.145421608714827, 21.871359141814718 ], [ -160.14576544875743, 21.871013039324954 ], [ -160.145790383735573, 21.870954120844306 ], [ -160.146116372855346, 21.870721070091221 ], [ -160.146466454832961, 21.870551042382392 ], [ -160.146681383298585, 21.870499564910311 ], [ -160.146749153840005, 21.870426739361832 ], [ -160.146872389377677, 21.870330868349207 ], [ -160.146902947577075, 21.870294484121263 ], [ -160.147327134507862, 21.87008770223542 ], [ -160.147578921700187, 21.870031393348519 ], [ -160.147800312368219, 21.869880501231826 ], [ -160.148046132150199, 21.869910047728577 ], [ -160.148217808274893, 21.869971829516775 ], [ -160.148316433743162, 21.869975516142905 ], [ -160.148506913918425, 21.869892624191593 ], [ -160.148697519473501, 21.869674249272389 ], [ -160.148765315205566, 21.869529163772508 ], [ -160.148820491470929, 21.869469990668652 ], [ -160.148949286104369, 21.869464390725753 ], [ -160.149078659063946, 21.869531043828001 ], [ -160.149201514985634, 21.869539042413237 ], [ -160.14929974246823, 21.869493054824176 ], [ -160.149367330398036, 21.869397648767155 ], [ -160.149385538335991, 21.869329754172306 ], [ -160.149373648158672, 21.869280176963361 ], [ -160.149717917456599, 21.869065023414972 ], [ -160.14978511710504, 21.868996717363615 ], [ -160.149957413517456, 21.868909461097818 ], [ -160.150049845407978, 21.868895134905177 ], [ -160.150289009861268, 21.86892473358786 ], [ -160.150442990894476, 21.868891824885093 ], [ -160.150540927984451, 21.868809710483475 ], [ -160.150572017334412, 21.868764287615068 ], [ -160.150565607287803, 21.868719180798362 ], [ -160.150719432726305, 21.868591435924436 ], [ -160.150719566987789, 21.868532725200346 ], [ -160.150885581926985, 21.868567455356292 ], [ -160.15094705848054, 21.868539841777611 ], [ -160.151002341097723, 21.868494215512225 ], [ -160.151014680099706, 21.868448950644733 ], [ -160.150940761241372, 21.868282477615502 ], [ -160.150947005306989, 21.868155974719905 ], [ -160.15102052034706, 21.867970196379844 ], [ -160.151057839465466, 21.8679473016328 ], [ -160.151168379650102, 21.867928306351903 ], [ -160.151272555628367, 21.867945493525045 ], [ -160.151333897803255, 21.867976588726087 ], [ -160.151401613091679, 21.868048276054903 ], [ -160.15147516020096, 21.868092817022728 ], [ -160.151506090827013, 21.868178362023276 ], [ -160.151592024033675, 21.86825892733118 ], [ -160.151715167754247, 21.868303050184096 ], [ -160.151813647139875, 21.868288671717405 ], [ -160.151979133329888, 21.868106634867129 ], [ -160.152102508202631, 21.868028821392379 ], [ -160.152268076568504, 21.867932588195199 ], [ -160.152489325319777, 21.86784040169729 ], [ -160.152624627060192, 21.867816680335416 ], [ -160.152655328258419, 21.867798357254625 ], [ -160.152833815472405, 21.867729110702538 ], [ -160.153380717695143, 21.867665789618165 ], [ -160.153632703519605, 21.867559793942807 ], [ -160.153688166310502, 21.86753674539316 ], [ -160.153835176615473, 21.867540021343959 ], [ -160.154191797321857, 21.867433142152851 ], [ -160.154400512112119, 21.86728686596599 ], [ -160.154573033579538, 21.867077670902127 ], [ -160.154788011823427, 21.866732635898916 ], [ -160.155039764160904, 21.866522771294733 ], [ -160.15538434503145, 21.866348250790075 ], [ -160.156121982285441, 21.865709772443868 ], [ -160.156244734580866, 21.865555189312495 ], [ -160.156466073508028, 21.865399773342322 ], [ -160.156619320626163, 21.865276544881631 ], [ -160.15694511046209, 21.865097665372694 ], [ -160.157227906749483, 21.864837859956609 ], [ -160.15744943948971, 21.864781794043633 ], [ -160.15757194881337, 21.864672373149283 ], [ -160.157670455417417, 21.864436705933834 ], [ -160.1577504093502, 21.864300548775052 ], [ -160.157830085076654, 21.864205038302117 ], [ -160.157935076818774, 21.864023508465184 ], [ -160.158026885483878, 21.863932411273897 ], [ -160.158487630982023, 21.863838192483996 ], [ -160.158660135219606, 21.863778024335158 ], [ -160.159213341885248, 21.863299159250552 ], [ -160.159662029504517, 21.862685696247855 ], [ -160.159938549438294, 21.862398845865702 ], [ -160.160215047196914, 21.862184250434591 ], [ -160.160301044373085, 21.862048041464398 ], [ -160.160405442212095, 21.861943288983905 ], [ -160.16056517424272, 21.86172516733178 ], [ -160.160823212608449, 21.861546856092634 ], [ -160.160909663612074, 21.861541607632478 ], [ -160.161136761858558, 21.861426782678624 ], [ -160.161167810739613, 21.86137684335996 ], [ -160.161235386034178, 21.861281434668538 ], [ -160.161339579526725, 21.861226359379334 ], [ -160.161443938522439, 21.861117090772936 ], [ -160.161573140346945, 21.860714070640004 ], [ -160.161573197289755, 21.860646329901929 ], [ -160.161634765979983, 21.860406459285407 ], [ -160.161825395805465, 21.860120334138387 ], [ -160.161868564980381, 21.859849007961543 ], [ -160.161948276063185, 21.859608983150732 ], [ -160.16210188247689, 21.859381880784735 ], [ -160.162310743701909, 21.859181405658866 ], [ -160.162396977473804, 21.85900003439707 ], [ -160.162452495555158, 21.85876021520885 ], [ -160.16269187382332, 21.858369808299035 ], [ -160.162784248286016, 21.858125160854168 ], [ -160.163103931782643, 21.857792781830607 ], [ -160.16318987124464, 21.857575284212047 ], [ -160.163281711816495, 21.857339673652724 ], [ -160.163491100104977, 21.857130160968449 ], [ -160.163656706503986, 21.856817152860994 ], [ -160.163982285293145, 21.856615686489242 ], [ -160.164099303329465, 21.856501793105078 ], [ -160.1641302394261, 21.856438306731068 ], [ -160.164160901068897, 21.856415467027226 ], [ -160.164252847391225, 21.856342430568542 ], [ -160.164387991207917, 21.856151611795852 ], [ -160.164443742203787, 21.856015658751932 ], [ -160.164504734772748, 21.855929336830862 ], [ -160.164591273458086, 21.85586086321144 ], [ -160.164744450174453, 21.855656343234074 ], [ -160.164855492522861, 21.855551532167016 ], [ -160.165192943775935, 21.855024812758906 ], [ -160.165365378896666, 21.854883352661169 ], [ -160.165426645512525, 21.854756384660337 ], [ -160.165494582315944, 21.854706132324306 ], [ -160.165562024729581, 21.854520403730501 ], [ -160.165691244756005, 21.854419955010183 ], [ -160.16596170798411, 21.854060894658474 ], [ -160.166103041559609, 21.853888087611267 ], [ -160.166072070228523, 21.853649002862326 ], [ -160.166145815481173, 21.853494832705863 ], [ -160.166219725587354, 21.853435497249468 ], [ -160.166305804620947, 21.85323606300966 ], [ -160.166318010248915, 21.853100479775595 ], [ -160.166435004844033, 21.852760786993855 ], [ -160.16658256692034, 21.852461478314119 ], [ -160.166668205449326, 21.852356883820114 ], [ -160.16673573734252, 21.852256958495747 ], [ -160.166797074419804, 21.8519899940313 ], [ -160.166907799454862, 21.85177228673323 ], [ -160.166969540264262, 21.85170402180319 ], [ -160.167030657516563, 21.851558991199326 ], [ -160.167018817697254, 21.851441676468177 ], [ -160.167067710301495, 21.851206430328617 ], [ -160.167018578209877, 21.851039756565065 ], [ -160.166840447670012, 21.850851597522198 ], [ -160.166779128944682, 21.850748250713899 ], [ -160.166736208481922, 21.850527332671373 ], [ -160.166656142297711, 21.850424144663766 ], [ -160.166606937052336, 21.850397466790536 ], [ -160.166607339968806, 21.850298111335139 ], [ -160.16673611657086, 21.850143474775741 ], [ -160.166810098097386, 21.850093170161209 ], [ -160.16688373153184, 21.85007448115519 ], [ -160.166988023826349, 21.850032951053695 ], [ -160.167068144766233, 21.849919371103926 ], [ -160.167067905976069, 21.849815505318347 ], [ -160.167209253067313, 21.849719469232355 ], [ -160.16727071733618, 21.849691851808533 ], [ -160.167332492750546, 21.849479076118687 ], [ -160.1673873415603, 21.849456030304427 ], [ -160.167374990201267, 21.849424522643407 ], [ -160.167596275080967, 21.849490382678869 ], [ -160.167731867765781, 21.849430523093332 ], [ -160.167983664586131, 21.849455479324238 ], [ -160.168131040548758, 21.849431646830681 ], [ -160.168223051911923, 21.849218614187521 ], [ -160.16843826570269, 21.848909698265498 ], [ -160.168665520164183, 21.848668419891652 ], [ -160.168764111289619, 21.848595325893768 ], [ -160.168837503657358, 21.848472771217192 ], [ -160.169028364008938, 21.84836728064726 ], [ -160.169169708336057, 21.848271243888291 ], [ -160.169427708912622, 21.847943899746927 ], [ -160.169617926642729, 21.847833898211878 ], [ -160.169839496845555, 21.8476378272725 ], [ -160.170060332128656, 21.84735144298557 ], [ -160.170134274269742, 21.847296622363451 ], [ -160.170183291297434, 21.847151694635112 ], [ -160.170263296868058, 21.847024566730735 ], [ -160.170288108613903, 21.846952100247226 ], [ -160.170466192284124, 21.846837685292851 ], [ -160.170632013672304, 21.846628540313617 ], [ -160.170644435649479, 21.846520051769193 ], [ -160.170785935842844, 21.846220787223103 ], [ -160.170809973688563, 21.846053484880152 ], [ -160.170945168416267, 21.845722654529393 ], [ -160.171142139376826, 21.845477105667804 ], [ -160.171135940255624, 21.845310061374299 ], [ -160.171172919064446, 21.845246520047493 ], [ -160.171227949597437, 21.845246051531532 ], [ -160.171295953517415, 21.84520482807115 ], [ -160.171455740563204, 21.844923466422387 ], [ -160.171529496886563, 21.844846064040766 ], [ -160.17154767067322, 21.844701392090126 ], [ -160.171584869041254, 21.844664946498963 ], [ -160.171787286297558, 21.844568383434378 ], [ -160.171824411903486, 21.844522905849683 ], [ -160.171830085315207, 21.844328663591089 ], [ -160.171867210849058, 21.844283185998822 ], [ -160.171897883349828, 21.844188086114777 ], [ -160.172057894808518, 21.844082852138488 ], [ -160.172223673925998, 21.843869181185216 ], [ -160.172205200404761, 21.843828693073618 ], [ -160.172309333262035, 21.843620062697564 ], [ -160.172610696278497, 21.843346521900997 ], [ -160.172678235227835, 21.843174331917972 ], [ -160.172715405944189, 21.84291207842718 ], [ -160.172801307584649, 21.842766829007289 ], [ -160.172942768576718, 21.84261207246956 ], [ -160.17309613420008, 21.842285601781469 ], [ -160.173096489317203, 21.842032694018311 ], [ -160.173047390805067, 21.841870532137463 ], [ -160.172777053461346, 21.841647032489291 ], [ -160.172690719405978, 21.841516800794341 ], [ -160.172721516653326, 21.841362989339476 ], [ -160.172862978372649, 21.841208233791619 ], [ -160.172961304369466, 21.84110352350611 ], [ -160.172992049250951, 21.841017454478095 ], [ -160.172985449650383, 21.840949768348111 ], [ -160.172924146383622, 21.840774162111735 ], [ -160.172924324156867, 21.840647708201967 ], [ -160.173200892546816, 21.840523412300563 ], [ -160.173286593084242, 21.840427842169898 ], [ -160.173336062114487, 21.840264839135251 ], [ -160.17356325107184, 21.839869995999663 ], [ -160.173728986456041, 21.839651806419457 ], [ -160.173803078262438, 21.839393754240877 ], [ -160.173919831444778, 21.839175982610151 ], [ -160.173926055254555, 21.839049478452711 ], [ -160.173950405766988, 21.838995076964359 ], [ -160.173999733581439, 21.838963042266993 ], [ -160.174067033129518, 21.838836016674762 ], [ -160.174024165996201, 21.838696382337453 ], [ -160.173975199569441, 21.838624541622934 ], [ -160.17387697923715, 21.838593767498544 ], [ -160.173403459919058, 21.838222968319581 ], [ -160.173237801099532, 21.838079865739424 ], [ -160.173207087159483, 21.838021417896329 ], [ -160.17320706544109, 21.837944643469715 ], [ -160.173483591635687, 21.837815832682544 ], [ -160.173606582201131, 21.837769621031086 ], [ -160.173790485738266, 21.837777084812146 ], [ -160.173975214209662, 21.837811637190693 ], [ -160.174515781599865, 21.837802506408035 ], [ -160.174890460630138, 21.837844468418194 ], [ -160.175203968823809, 21.83780114510531 ], [ -160.175326737288572, 21.837727838205637 ], [ -160.175370031641421, 21.837623597283759 ], [ -160.175443648581791, 21.837455872424233 ], [ -160.175566172151321, 21.837278696093041 ], [ -160.175756768090594, 21.83706932650103 ], [ -160.176021274836643, 21.83672835663824 ], [ -160.176346559530941, 21.836350738248282 ], [ -160.176549616013887, 21.836186422266202 ], [ -160.176610939280209, 21.836068478938127 ], [ -160.176703249374157, 21.835968335213746 ], [ -160.176868801125863, 21.835876597526013 ], [ -160.17697369807658, 21.83576279756495 ], [ -160.177133054872883, 21.835653048847441 ], [ -160.177231263138083, 21.835534789717432 ], [ -160.177286537946514, 21.835416898355991 ], [ -160.177317404178382, 21.835272119034165 ], [ -160.177366817016434, 21.835176857398185 ], [ -160.177514128604884, 21.834999469402501 ], [ -160.17764925959932, 21.834885410784022 ], [ -160.17780269115525, 21.834717002284194 ], [ -160.17779680536529, 21.834662859507205 ], [ -160.177858384933728, 21.834576526167243 ], [ -160.178128373667334, 21.834389056752705 ], [ -160.178208402444511, 21.834266436426393 ], [ -160.178386439772311, 21.834075236680736 ], [ -160.17844798271534, 21.833984388526627 ], [ -160.178515670631981, 21.833979293484184 ], [ -160.178669470321722, 21.833856042070838 ], [ -160.178712107459944, 21.833598258746274 ], [ -160.178786051732885, 21.833471175795477 ], [ -160.178994865119108, 21.833198421902384 ], [ -160.179129820428159, 21.832989525801498 ], [ -160.179265280552755, 21.832916109190787 ], [ -160.17956625005263, 21.832525147528152 ], [ -160.179634060380664, 21.832461341584015 ], [ -160.179646374789712, 21.83226704448937 ], [ -160.179732435625937, 21.831995341707131 ], [ -160.179849162247137, 21.831849826977518 ], [ -160.179946909299304, 21.831749635468384 ], [ -160.180002291690755, 21.831645291646012 ], [ -160.180125409556553, 21.831468109760792 ], [ -160.180186642110783, 21.831413392144363 ], [ -160.18021745494147, 21.831336354783073 ], [ -160.18061659787071, 21.830971648238293 ], [ -160.180684529783093, 21.830849132340454 ], [ -160.180837953582397, 21.830680722192032 ], [ -160.181120588595661, 21.8302673364635 ], [ -160.181255859707562, 21.830171339906563 ], [ -160.181396818379739, 21.829957876128105 ], [ -160.181556840576434, 21.829635862819117 ], [ -160.181599620026816, 21.829396143652605 ], [ -160.181618201653805, 21.82922888899293 ], [ -160.181937886015561, 21.828688734467271 ], [ -160.182005619313657, 21.828615896630311 ], [ -160.182073003333386, 21.828353387001449 ], [ -160.182103428212571, 21.828082160248613 ], [ -160.182146900577095, 21.828000498935559 ], [ -160.182404751479766, 21.827736355391124 ], [ -160.182472102184903, 21.827690617477781 ], [ -160.182730429325375, 21.827263891334397 ], [ -160.182853418307047, 21.82714541899859 ], [ -160.182896247246589, 21.827059246343804 ], [ -160.182982416258, 21.827022378693062 ], [ -160.183172951025597, 21.826808489475503 ], [ -160.183338731628993, 21.826599328566516 ], [ -160.183529201269835, 21.826304150087122 ], [ -160.183737957554371, 21.826026878941907 ], [ -160.184069602079063, 21.825251785726945 ], [ -160.184180198491617, 21.825097290562436 ], [ -160.184309230683567, 21.824978765733398 ], [ -160.184370607626505, 21.824942110551174 ], [ -160.184511657592168, 21.824814450615754 ], [ -160.184573500089328, 21.824687470229517 ], [ -160.184560832394226, 21.824470807641401 ], [ -160.184573120447851, 21.824421025156223 ], [ -160.184622255021992, 21.824366410926967 ], [ -160.184653101304292, 21.824293889257351 ], [ -160.18480677495171, 21.824157088865242 ], [ -160.18490519245006, 21.824065922292409 ], [ -160.184954494730789, 21.823884856983771 ], [ -160.185101683744108, 21.823621662147175 ], [ -160.185341112348141, 21.823398320237459 ], [ -160.185495043860243, 21.823293129616854 ], [ -160.185556512821819, 21.823120991139877 ], [ -160.185697300482701, 21.8229617208411 ], [ -160.185832561734969, 21.822865721798163 ], [ -160.186078637749233, 21.822348778798439 ], [ -160.186164626018979, 21.822217074253061 ], [ -160.186207768421554, 21.822022513695639 ], [ -160.18631768013384, 21.82185899149956 ], [ -160.186409937372702, 21.821754330092674 ], [ -160.18653915095706, 21.821658383022388 ], [ -160.186655825381138, 21.821508351190449 ], [ -160.186680475069096, 21.82141781876981 ], [ -160.186993994810251, 21.820940924079096 ], [ -160.187098083234815, 21.820804543339928 ], [ -160.187177733177577, 21.820564499036593 ], [ -160.187319083911746, 21.820400700420297 ], [ -160.187344064948604, 21.820057252460245 ], [ -160.187264085548094, 21.819890839021756 ], [ -160.187159838325812, 21.819787860641139 ], [ -160.18697517572727, 21.819685573392309 ], [ -160.186956822968881, 21.819586373712205 ], [ -160.187092229244968, 21.819508434897184 ], [ -160.187208437258846, 21.819448726959926 ], [ -160.187208632080143, 21.819399046635418 ], [ -160.187061242084752, 21.819197082037185 ], [ -160.187024443852295, 21.819134170100256 ], [ -160.187055176154757, 21.819048097911917 ], [ -160.187110577460004, 21.819020525359939 ], [ -160.187294743300754, 21.818842811031331 ], [ -160.187657419909584, 21.81868162782154 ], [ -160.187755450948856, 21.818617558924636 ], [ -160.187767596711979, 21.818477451859071 ], [ -160.187927302878364, 21.818047038622062 ], [ -160.188136048287788, 21.817697495680125 ], [ -160.188357555623725, 21.817429136407632 ], [ -160.188517450879601, 21.817314856999392 ], [ -160.188603142667716, 21.817074760444505 ], [ -160.188689431865185, 21.816906919135779 ], [ -160.18891659428931, 21.816737867253334 ], [ -160.188990028711743, 21.81662433023342 ], [ -160.189260192420079, 21.816463941013303 ], [ -160.189377016751905, 21.816259707152341 ], [ -160.189432573312445, 21.816177937162724 ], [ -160.189733571347631, 21.816017282590675 ], [ -160.189831748958966, 21.815971276381468 ], [ -160.189923961662288, 21.815862094114273 ], [ -160.189905301574441, 21.81579902768252 ], [ -160.189923835193696, 21.815627252313323 ], [ -160.189929910205393, 21.81533816299423 ], [ -160.189911592495406, 21.815243479168544 ], [ -160.189966760597429, 21.814895256875445 ], [ -160.19003408013694, 21.814700481417599 ], [ -160.190267619357229, 21.814572019289578 ], [ -160.190329296210905, 21.814499229218153 ], [ -160.190354031476318, 21.814273206273349 ], [ -160.190599384405374, 21.813891735560819 ], [ -160.190820745882888, 21.81346079207405 ], [ -160.190826932252548, 21.81318525013749 ], [ -160.190814204857418, 21.813108583747645 ], [ -160.190753192550659, 21.812969106217494 ], [ -160.190777658605555, 21.812783731613006 ], [ -160.190888281946201, 21.812561485650804 ], [ -160.191127833040298, 21.812356196493951 ], [ -160.191238524505678, 21.812215241853785 ], [ -160.191367216609535, 21.81191154972343 ], [ -160.191342367098343, 21.811758212648321 ], [ -160.191275041009277, 21.811659435439982 ], [ -160.191219513174843, 21.811452167443079 ], [ -160.191262503438708, 21.811167276897869 ], [ -160.191305517466446, 21.811031420211879 ], [ -160.191440802271472, 21.810939932608612 ], [ -160.191545626086082, 21.810893869417583 ], [ -160.19157015244744, 21.810862044981135 ], [ -160.191576136505375, 21.810708442954105 ], [ -160.191656080698635, 21.810432266594848 ], [ -160.191643509261951, 21.810301405339946 ], [ -160.191698808271894, 21.810115765628254 ], [ -160.191791009487076, 21.810078843012668 ], [ -160.192042970122969, 21.810058610670755 ], [ -160.192153347241941, 21.810026047119887 ], [ -160.192276008690015, 21.809943700529573 ], [ -160.192374717362242, 21.809816398008753 ], [ -160.192472920813401, 21.809409095027085 ], [ -160.192589249060603, 21.809146154953396 ], [ -160.192810772885736, 21.80888230951955 ], [ -160.192951913182554, 21.808768189675479 ], [ -160.193271120716844, 21.808399631560924 ], [ -160.193345071630404, 21.808349316178141 ], [ -160.193560023365507, 21.80802230012111 ], [ -160.193658125093378, 21.807895003091389 ], [ -160.193664705877211, 21.807813654474721 ], [ -160.193658286075561, 21.807768547682169 ], [ -160.193719845152202, 21.807682209999676 ], [ -160.193971351898568, 21.807607786195867 ], [ -160.194002228624498, 21.807539777600727 ], [ -160.193842344276902, 21.80721598861161 ], [ -160.193854896486357, 21.807125556240315 ], [ -160.193983899491002, 21.807079284293316 ], [ -160.194039145093711, 21.807033646739615 ], [ -160.194063445613381, 21.806974727162682 ], [ -160.193959380876692, 21.806528520270462 ], [ -160.193959423829028, 21.806460777060668 ], [ -160.193904114617141, 21.806352864347645 ], [ -160.193897887567147, 21.806258078155953 ], [ -160.193940748106485, 21.806104158878462 ], [ -160.193860539647972, 21.805982912257594 ], [ -160.193571949339116, 21.805813780111176 ], [ -160.193399971478044, 21.805562353774178 ], [ -160.193400239233256, 21.805521705366601 ], [ -160.193295662011593, 21.805378087275692 ], [ -160.193172991274338, 21.805166881296923 ], [ -160.193221898656219, 21.805012909449431 ], [ -160.193173128256319, 21.804891391931019 ], [ -160.193111200858169, 21.804860311112584 ], [ -160.193056148794227, 21.804856268921586 ], [ -160.192914575557978, 21.804771677962464 ], [ -160.19270598436745, 21.804552178048073 ], [ -160.192534171715238, 21.80417429422479 ], [ -160.192528101585879, 21.804025312069829 ], [ -160.192613855599234, 21.803794249235271 ], [ -160.19246616993388, 21.803628418922418 ], [ -160.192478578636013, 21.803447664001936 ], [ -160.192515425809233, 21.803370571968721 ], [ -160.19273058458532, 21.803215172131992 ], [ -160.19284117979177, 21.803209704988422 ], [ -160.1929885470459, 21.803118114635417 ], [ -160.193025051156155, 21.803072638109587 ], [ -160.193018867450803, 21.802910108564181 ], [ -160.193154000132864, 21.802728299085686 ], [ -160.193295638570106, 21.80245610984764 ], [ -160.19335084529601, 21.802405957065556 ], [ -160.193559912272036, 21.802318351302738 ], [ -160.19372568255875, 21.802185956472535 ], [ -160.193934594577996, 21.802152546082247 ], [ -160.194014020301807, 21.802106700370313 ], [ -160.194075614353522, 21.802024879023538 ], [ -160.194192201954252, 21.801721292287628 ], [ -160.194400899342696, 21.801516268127624 ], [ -160.194511535940194, 21.8014430566881 ], [ -160.194573279233623, 21.801379298993048 ], [ -160.194658884061852, 21.801057913588849 ], [ -160.194695653625189, 21.800971789226061 ], [ -160.195027793238012, 21.80070699295068 ], [ -160.195107565180564, 21.800557272421663 ], [ -160.195045762916152, 21.800395221272307 ], [ -160.195033879477222, 21.800128868468246 ], [ -160.195088823453347, 21.800047104826707 ], [ -160.195267274498036, 21.800059117962657 ], [ -160.195371709540581, 21.800040153699662 ], [ -160.195475769814635, 21.799976031640863 ], [ -160.195684612824863, 21.799789070731844 ], [ -160.195770691123528, 21.79967090925533 ], [ -160.195844636796721, 21.799620594751055 ], [ -160.196022370340501, 21.79961906406162 ], [ -160.196114714693209, 21.799600204049444 ], [ -160.19616965688374, 21.79951844008729 ], [ -160.196181977655584, 21.799473172363363 ], [ -160.196102492959795, 21.799293209154278 ], [ -160.19611489238244, 21.79918471462334 ], [ -160.196194287455313, 21.798989835004249 ], [ -160.196329862570764, 21.798862214628137 ], [ -160.196550484179085, 21.798783540525466 ], [ -160.196679703938514, 21.798764362520735 ], [ -160.196931610528054, 21.798667353025671 ], [ -160.197122267752661, 21.79862054905762 ], [ -160.197189636896979, 21.798579323123544 ], [ -160.197367723871594, 21.798329398439115 ], [ -160.197434942667485, 21.798270107703818 ], [ -160.197656238391772, 21.798272714791807 ], [ -160.197717563114196, 21.798231540605013 ], [ -160.19777314975255, 21.798082027678941 ], [ -160.197883257296922, 21.797945592635894 ], [ -160.198068017387016, 21.797916901597347 ], [ -160.198135615848031, 21.797830510501438 ], [ -160.198196946513917, 21.79764481877778 ], [ -160.198325722348443, 21.797426931654478 ], [ -160.198380962956321, 21.797381292827218 ], [ -160.198448482365791, 21.797358129307323 ], [ -160.198522350764591, 21.797298781786669 ], [ -160.198589726719632, 21.797113037944769 ], [ -160.198675923978726, 21.79679164644083 ], [ -160.198841689850127, 21.796514729523995 ], [ -160.198951831838656, 21.796382810252705 ], [ -160.199252856422277, 21.796158913534519 ], [ -160.199314557774471, 21.796090636018072 ], [ -160.199369910327135, 21.796058544287291 ], [ -160.199351108010887, 21.795760629979686 ], [ -160.199412470836336, 21.795651708435216 ], [ -160.199560014079168, 21.795582690167684 ], [ -160.199621640821164, 21.795505380644052 ], [ -160.199639747843008, 21.79528392490904 ], [ -160.199781289013913, 21.795074953021256 ], [ -160.199836649625212, 21.794826077899806 ], [ -160.199996296518179, 21.794395650098306 ], [ -160.200094383674639, 21.794268346108581 ], [ -160.200149359253572, 21.794191094657723 ], [ -160.200198741231333, 21.794168086622431 ], [ -160.200266339367403, 21.794009431565041 ], [ -160.200297177182364, 21.793792382790034 ], [ -160.2002967258083, 21.793738191399971 ], [ -160.200106765120324, 21.793577244758801 ], [ -160.200137189419507, 21.793310520097709 ], [ -160.200118944782048, 21.793224867421284 ], [ -160.200149401142482, 21.793107181038447 ], [ -160.200241896545776, 21.792961860836368 ], [ -160.200351919129218, 21.792888649333118 ], [ -160.200437952968883, 21.792765966572375 ], [ -160.200518093914638, 21.792589138238075 ], [ -160.200640587943525, 21.792416460973286 ], [ -160.200757601270766, 21.792311575376651 ], [ -160.200812613414826, 21.792238839235068 ], [ -160.200953919549733, 21.792147292652441 ], [ -160.200984977171061, 21.79210186222884 ], [ -160.201162741965703, 21.792032581446087 ], [ -160.201217866722601, 21.791973393478901 ], [ -160.201218134680062, 21.791860483715258 ], [ -160.201132112131148, 21.791694124014434 ], [ -160.201125692301474, 21.791576755219459 ], [ -160.201150554426903, 21.791513313044888 ], [ -160.201144511931091, 21.791441103731852 ], [ -160.201261185361119, 21.791295574730629 ], [ -160.201316203512675, 21.79100605609603 ], [ -160.201297923136394, 21.790843627564445 ], [ -160.201260975201762, 21.790762652946274 ], [ -160.201218103279416, 21.790478497219866 ], [ -160.201193474033033, 21.79035225363161 ], [ -160.201254765841583, 21.790017518123697 ], [ -160.201217523962782, 21.789683633492594 ], [ -160.20116222117403, 21.789431198340793 ], [ -160.201180927689876, 21.78928199852691 ], [ -160.201224077300736, 21.789164202526692 ], [ -160.201242329805893, 21.789033071803779 ], [ -160.201524633133744, 21.788813852247802 ], [ -160.201764128487355, 21.788680810969399 ], [ -160.201844374703995, 21.78866205226867 ], [ -160.202157391144681, 21.788501278108139 ], [ -160.202237335879715, 21.788446391632192 ], [ -160.202341840322816, 21.788291935201318 ], [ -160.202396852926711, 21.788146938116199 ], [ -160.202439621068976, 21.788128503318568 ], [ -160.202477025125262, 21.7880468876502 ], [ -160.202537815054967, 21.78801474818156 ], [ -160.202685658527088, 21.787620553587637 ], [ -160.202654492586163, 21.78750791502814 ], [ -160.202666812758338, 21.787318125036471 ], [ -160.202654764520474, 21.787178223805775 ], [ -160.202672862255497, 21.787101290564191 ], [ -160.202617970919874, 21.786970792272012 ], [ -160.202359900597202, 21.786760755802572 ], [ -160.202156987245928, 21.786640568990954 ], [ -160.201733325912414, 21.786508738041423 ], [ -160.201395389042602, 21.786362618064572 ], [ -160.201002366726044, 21.786280199823107 ], [ -160.200646070766567, 21.786107137807065 ], [ -160.200468166146692, 21.786086090687661 ], [ -160.200308696032465, 21.786101015812729 ], [ -160.200210165960272, 21.786101865090099 ], [ -160.199829278722973, 21.785879333411394 ], [ -160.199743443302623, 21.785880073981819 ], [ -160.199528214486975, 21.785805151734241 ], [ -160.199344460330195, 21.785662213561018 ], [ -160.199264597797765, 21.785581607590004 ], [ -160.199153827762217, 21.785564497292896 ], [ -160.199092437998246, 21.785524379312378 ], [ -160.199000407026233, 21.785507106753141 ], [ -160.198496915811006, 21.785515960130464 ], [ -160.198392307830289, 21.7854400841684 ], [ -160.198281888402448, 21.785246832826207 ], [ -160.198263344886243, 21.785125052115291 ], [ -160.198195463609551, 21.784958532744056 ], [ -160.198183416063983, 21.78489089154699 ], [ -160.198226491966466, 21.784764063398281 ], [ -160.198269033547547, 21.784718533956486 ], [ -160.198306290051733, 21.784618854391738 ], [ -160.198318429193563, 21.78440648235609 ], [ -160.198343032629651, 21.784239166884994 ], [ -160.198435036689318, 21.784035139818702 ], [ -160.198514605147778, 21.783935095588436 ], [ -160.198772570639392, 21.783770287297219 ], [ -160.19888360936045, 21.783674487966564 ], [ -160.19893854431669, 21.783592721471404 ], [ -160.199092349091075, 21.783478488147651 ], [ -160.199263871287485, 21.783386685148542 ], [ -160.199362136577662, 21.783354224373301 ], [ -160.199472908259793, 21.783299074022118 ], [ -160.199595809575612, 21.783176074518448 ], [ -160.199675718179179, 21.783044413246312 ], [ -160.199638735788824, 21.782958921649858 ], [ -160.19966322902664, 21.782705797117224 ], [ -160.199699953844942, 21.782615154492245 ], [ -160.199785941811115, 21.782560218164903 ], [ -160.199988816047096, 21.782531372530492 ], [ -160.200210049897748, 21.782529465412733 ], [ -160.200547464225821, 21.782251063018315 ], [ -160.200633758033774, 21.782087731862322 ], [ -160.200824094009249, 21.781932536378228 ], [ -160.201057195103203, 21.781758907225822 ], [ -160.201137367489821, 21.781586595984969 ], [ -160.201130911891312, 21.781464711519636 ], [ -160.201241322801422, 21.780858575644519 ], [ -160.201524220958362, 21.780494831981091 ], [ -160.201683504838172, 21.780168284391614 ], [ -160.201702134854969, 21.780010053429613 ], [ -160.201763302583913, 21.779878552773273 ], [ -160.201757526312065, 21.779765695843039 ], [ -160.201861766509523, 21.779435106554832 ], [ -160.201916893090356, 21.779159136794924 ], [ -160.202051842886902, 21.778959256334463 ], [ -160.202315877349946, 21.778798909138743 ], [ -160.202942582455933, 21.7785631717922 ], [ -160.203267890771798, 21.778429391500403 ], [ -160.20339059336041, 21.778428333022269 ], [ -160.203556512389895, 21.778463030916548 ], [ -160.203661004600605, 21.778525357278681 ], [ -160.20383292873754, 21.778700008300316 ], [ -160.204146142389845, 21.778927634107184 ], [ -160.204256489815776, 21.779039588216317 ], [ -160.204293812198387, 21.779165721849608 ], [ -160.204882953038265, 21.779860654524036 ], [ -160.205177999848445, 21.780011657831427 ], [ -160.205282229648304, 21.7800423709831 ], [ -160.205356010119971, 21.780118509889366 ], [ -160.205577388330624, 21.780640483775898 ], [ -160.205669265120719, 21.780784209938318 ], [ -160.205675573149108, 21.78096028983715 ], [ -160.205786300037886, 21.781406443188004 ], [ -160.205866239139397, 21.781496076975657 ], [ -160.205939718392642, 21.781608347541091 ], [ -160.205958192195112, 21.781721094368926 ], [ -160.206019619727584, 21.781837985750382 ], [ -160.206074851983146, 21.781864606005719 ], [ -160.206160912409899, 21.781963219276836 ], [ -160.206210024813089, 21.782125379817003 ], [ -160.206130046251815, 21.782320271624332 ], [ -160.206167221104153, 21.782428339978615 ], [ -160.206210439492338, 21.782753137410268 ], [ -160.206394347446178, 21.782986391165679 ], [ -160.206529484400193, 21.783314908638008 ], [ -160.206603267259652, 21.783391045947475 ], [ -160.206671004540539, 21.783394975965255 ], [ -160.206738705293873, 21.783466649974184 ], [ -160.206941163931702, 21.783532640813114 ], [ -160.207180683707804, 21.783476370845609 ], [ -160.207266856649596, 21.783371750503161 ], [ -160.207303162345227, 21.783303691886115 ], [ -160.207364928735871, 21.782955405537461 ], [ -160.207352421224158, 21.782689054848571 ], [ -160.207389179900218, 21.782602927124522 ], [ -160.207444525497351, 21.782570833860333 ], [ -160.207555138927347, 21.782280835060217 ], [ -160.207610219179543, 21.782072610665796 ], [ -160.207751775095687, 21.781940413167575 ], [ -160.208040139559159, 21.781942430510622 ], [ -160.20825543998393, 21.781881853755934 ], [ -160.208396202526814, 21.781799341295091 ], [ -160.208691399537685, 21.781462580776182 ], [ -160.208758865902666, 21.781145858165875 ], [ -160.208814060167043, 21.781095700702547 ], [ -160.208943110632163, 21.78105845280999 ], [ -160.209028982141319, 21.781134484376519 ], [ -160.209121014072821, 21.781296271300647 ], [ -160.209133104175976, 21.78136842609366 ], [ -160.209194987976446, 21.781467247091971 ], [ -160.209207040268723, 21.781534886386378 ], [ -160.209256040748812, 21.781611238128587 ], [ -160.209305380597215, 21.781655972490704 ], [ -160.209465108623675, 21.781672651889384 ], [ -160.20953866479968, 21.781721693131434 ], [ -160.209624992586242, 21.781851914721287 ], [ -160.209833304958607, 21.781895270461941 ], [ -160.210109883662199, 21.781933517356027 ], [ -160.210288085189717, 21.781918422338144 ], [ -160.210613318471474, 21.781775595721424 ], [ -160.210779311749235, 21.781602537843138 ], [ -160.210945196541644, 21.781560452222525 ], [ -160.211092608322105, 21.781550140142379 ], [ -160.211332082427873, 21.78141708945547 ], [ -160.211399287671838, 21.781357795352005 ], [ -160.211516059225374, 21.781298070187319 ], [ -160.211595847217836, 21.781297376967128 ], [ -160.211897213439045, 21.78147992465674 ], [ -160.212013649029529, 21.781524075900872 ], [ -160.212118181902355, 21.781518650890277 ], [ -160.212369749727401, 21.781530013551521 ], [ -160.212584749979129, 21.781577823485431 ], [ -160.21281225026209, 21.781530684218751 ], [ -160.212996537523509, 21.781592308702081 ], [ -160.213346604679145, 21.781815075769263 ], [ -160.213622693438595, 21.781866869437568 ], [ -160.213800932326706, 21.781856286133749 ], [ -160.213856352145342, 21.781833223567762 ], [ -160.213917513100853, 21.781773980089589 ], [ -160.213942330023087, 21.781706021675518 ], [ -160.214150821415416, 21.781555172145445 ], [ -160.214279912737766, 21.781594694973116 ], [ -160.214408860181749, 21.781760672679798 ], [ -160.214445774727267, 21.781837126923225 ], [ -160.214697537560227, 21.781943324560558 ], [ -160.214783598432433, 21.781969672825028 ], [ -160.215194910257935, 21.782214482287003 ], [ -160.215244290136269, 21.782263731160207 ], [ -160.215367152263468, 21.782352984887023 ], [ -160.215422771555694, 21.782497018748295 ], [ -160.215428706353663, 21.782555678158378 ], [ -160.215539332504477, 21.782699232493428 ], [ -160.215760122783962, 21.782859892251796 ], [ -160.215889410937848, 21.782994251342938 ], [ -160.215870948670243, 21.783170544154604 ], [ -160.215840011904987, 21.78322952445496 ], [ -160.215828041231021, 21.783315436293123 ], [ -160.215883171203302, 21.783473022628861 ], [ -160.215981670667873, 21.783612166319731 ], [ -160.216061388601787, 21.783674698329659 ], [ -160.216208883158515, 21.783745671855016 ], [ -160.21627031562619, 21.783790298769436 ], [ -160.21641170008283, 21.783996810535054 ], [ -160.216491380306849, 21.784054825937133 ], [ -160.216534226707154, 21.784117679665652 ], [ -160.216945818876695, 21.784466352794379 ], [ -160.217099783972174, 21.784659205925017 ], [ -160.217154883330124, 21.784884534610999 ], [ -160.217247357362226, 21.785240506043049 ], [ -160.217554348580563, 21.785657832257225 ], [ -160.217627882896267, 21.785846869964008 ], [ -160.217683175308707, 21.78609477754566 ], [ -160.217677173820704, 21.786171604933781 ], [ -160.217701848728268, 21.786230099919898 ], [ -160.217812403778652, 21.7863646205873 ], [ -160.217941309553311, 21.786381559312481 ], [ -160.218070514555194, 21.786362366092614 ], [ -160.218119509208947, 21.786294196409997 ], [ -160.218260683475819, 21.786189091127305 ], [ -160.218334353123964, 21.786179415371034 ], [ -160.218402245412562, 21.786201403284757 ], [ -160.218549450866334, 21.786380764681546 ], [ -160.218690833885375, 21.786515014956613 ], [ -160.219218816295523, 21.786614272899701 ], [ -160.219347989789469, 21.786662822409035 ], [ -160.219507699391158, 21.786819491989032 ], [ -160.219599885879489, 21.786854815750441 ], [ -160.220029401490791, 21.786819447107138 ], [ -160.220600915670019, 21.786990577869002 ], [ -160.220741842236151, 21.787070636142573 ], [ -160.220889526174233, 21.787091924270932 ], [ -160.221000107955206, 21.787086440680586 ], [ -160.221116886310881, 21.787098966998723 ], [ -160.221190755078823, 21.787184128246373 ], [ -160.221190273024462, 21.787269939165665 ], [ -160.221227498700983, 21.787382517146391 ], [ -160.221356727199066, 21.787580096965886 ], [ -160.221374984388348, 21.787665744087334 ], [ -160.221522156713945, 21.78784058529131 ], [ -160.221638829742147, 21.787911822134916 ], [ -160.221841830124077, 21.788325530723629 ], [ -160.221939764479259, 21.78839693117213 ], [ -160.222075061565306, 21.788454455620336 ], [ -160.222130529783954, 21.788508163912592 ], [ -160.222130345518877, 21.788557843008594 ], [ -160.22198297524227, 21.788644940703961 ], [ -160.221903190572021, 21.7887178982546 ], [ -160.221909473872557, 21.78881719823033 ], [ -160.22199520354846, 21.788875156988944 ], [ -160.222228765223548, 21.788900207972482 ], [ -160.222302405826099, 21.788958272238489 ], [ -160.222345684788024, 21.789143055254783 ], [ -160.222394465018141, 21.789192305295121 ], [ -160.222456352944903, 21.789218859747717 ], [ -160.222474832504105, 21.789259343074477 ], [ -160.22249906699227, 21.789408162632654 ], [ -160.222542299695419, 21.78951617191084 ], [ -160.222664912742175, 21.789646064174168 ], [ -160.222806273930416, 21.78984805146051 ], [ -160.222806588937544, 21.789956436052837 ], [ -160.22275764223329, 21.790101381602735 ], [ -160.222659157037128, 21.790179019844974 ], [ -160.222573366519669, 21.790256546944068 ], [ -160.222609912107487, 21.790360098042896 ], [ -160.222702208009338, 21.790336707214625 ], [ -160.222775909155956, 21.790259286675258 ], [ -160.22289238462659, 21.790235684293624 ], [ -160.22297840486101, 21.790185252516029 ], [ -160.223039986765997, 21.790175680321024 ], [ -160.223076792237407, 21.790238583160843 ], [ -160.223089197788624, 21.790346861986979 ], [ -160.223021426501106, 21.79041068250265 ], [ -160.222978745860246, 21.790510411633822 ], [ -160.222991142745315, 21.790546432289304 ], [ -160.22311397835486, 21.790631161446466 ], [ -160.223169101925919, 21.790644225661705 ], [ -160.223255161583069, 21.790598309189253 ], [ -160.223279600820518, 21.790557449526936 ], [ -160.223359576410189, 21.790507070429548 ], [ -160.223482479983488, 21.790528572963179 ], [ -160.223556121928567, 21.790586636596903 ], [ -160.223801669912007, 21.790670288497672 ], [ -160.223905844222656, 21.79076421293658 ], [ -160.224213098118128, 21.790924096181087 ], [ -160.224428298084035, 21.790922206260689 ], [ -160.224661393394456, 21.790820804570053 ], [ -160.224765778587795, 21.790797307633532 ], [ -160.224858304621421, 21.790801011062936 ], [ -160.224913092573587, 21.790845690984639 ], [ -160.225011893624668, 21.790876435939097 ], [ -160.225171221349882, 21.790915681338902 ], [ -160.225208478850931, 21.790960515528386 ], [ -160.225318535575639, 21.790964064315776 ], [ -160.225349556466369, 21.790986372333641 ], [ -160.225472307078348, 21.790989809718795 ], [ -160.225791489759075, 21.791059263155049 ], [ -160.225889801878651, 21.791103560227203 ], [ -160.225982251276321, 21.791098231201293 ], [ -160.226209080681741, 21.791042043000068 ], [ -160.226350723599751, 21.79106337900398 ], [ -160.226492136940237, 21.791057619437112 ], [ -160.22673730973267, 21.790883850794085 ], [ -160.22684785553173, 21.790873845905608 ], [ -160.227216491527457, 21.790929312607432 ], [ -160.227419485534881, 21.790913978486376 ], [ -160.227578984276192, 21.790831284471135 ], [ -160.227996419225633, 21.790795998034586 ], [ -160.228181009492261, 21.790749212173413 ], [ -160.228493790164094, 21.790705813590307 ], [ -160.228690865930702, 21.790776335394636 ], [ -160.228794722834493, 21.790761873148419 ], [ -160.22888712173102, 21.790679769023296 ], [ -160.228973156189824, 21.790489335389452 ], [ -160.229040473347084, 21.790443581571466 ], [ -160.22925540259962, 21.790410075437318 ], [ -160.229304701185441, 21.790378028968028 ], [ -160.229322966627223, 21.790251417209088 ], [ -160.229261738369047, 21.789877120709541 ], [ -160.229322730094992, 21.789727551882052 ], [ -160.229408747605817, 21.789677116872422 ], [ -160.229476488933756, 21.789681036461037 ], [ -160.229697832227032, 21.789832633615095 ], [ -160.229851218729323, 21.789813217747756 ], [ -160.230139508874771, 21.789733903237746 ], [ -160.230213410497868, 21.789751316644697 ], [ -160.230391629070624, 21.790020710774701 ], [ -160.230514468264516, 21.790105433348756 ], [ -160.230612819572315, 21.790154243026251 ], [ -160.231018033116953, 21.790245507756861 ], [ -160.231178043068354, 21.790293772810898 ], [ -160.231183714706276, 21.790320819541535 ], [ -160.231300625672077, 21.790419141907563 ], [ -160.231362193041377, 21.790549565347472 ], [ -160.231442037943168, 21.790625633921739 ], [ -160.231528106664257, 21.790651971246412 ], [ -160.231595501172734, 21.790615248211942 ], [ -160.231675267752394, 21.790470030017261 ], [ -160.231755279698888, 21.790424162433609 ], [ -160.231841348346137, 21.790450499598649 ], [ -160.231865926988178, 21.790567701057473 ], [ -160.231896537252538, 21.790612591347173 ], [ -160.232056329428701, 21.790706018996872 ], [ -160.232080638070244, 21.790791609580207 ], [ -160.232123827426676, 21.790822840758825 ], [ -160.232178900990704, 21.790971385144644 ], [ -160.232283453506199, 21.791038203239385 ], [ -160.232510780958279, 21.7910407118117 ], [ -160.232762649269944, 21.791155905904695 ], [ -160.232848539920724, 21.791231920515401 ], [ -160.233168228215732, 21.791360062078798 ], [ -160.233254080557913, 21.791431561017678 ], [ -160.233247817797206, 21.791476776822005 ], [ -160.233033017759624, 21.79159609244094 ], [ -160.232787401916283, 21.791787936400279 ], [ -160.232670724389521, 21.792141220993248 ], [ -160.23266508134779, 21.792470944050162 ], [ -160.23259103891715, 21.79271998182573 ], [ -160.232603859303651, 21.793794693538768 ], [ -160.232493390924787, 21.794025988870789 ], [ -160.232444246384205, 21.794076099882897 ], [ -160.232407244463104, 21.794202876899124 ], [ -160.232388931056079, 21.794464970183839 ], [ -160.232407402371223, 21.794645449902493 ], [ -160.232444355873952, 21.794866410737079 ], [ -160.232426468341714, 21.795178178385438 ], [ -160.232494256681662, 21.795823376991688 ], [ -160.232537063436752, 21.796021705502742 ], [ -160.232537076991434, 21.796093962505228 ], [ -160.232580128277476, 21.796391639746279 ], [ -160.232844759735229, 21.797007981307246 ], [ -160.232967545622387, 21.797368169698217 ], [ -160.23309652974919, 21.797534117290549 ], [ -160.233164186626198, 21.797668996490891 ], [ -160.233465361152668, 21.798104376139108 ], [ -160.233538807107522, 21.798279847153626 ], [ -160.233778835104033, 21.798634480006726 ], [ -160.233883359534644, 21.798909025858293 ], [ -160.234098076775098, 21.799272913891492 ], [ -160.234368934907963, 21.799979513110639 ], [ -160.234694609031379, 21.800450799358504 ], [ -160.234878755976496, 21.800774312873777 ], [ -160.234940347226285, 21.800976982324627 ], [ -160.235087850657436, 21.80132791624461 ], [ -160.235100266536563, 21.801436187236536 ], [ -160.235266201950338, 21.801750829319452 ], [ -160.235413435955678, 21.802070153901461 ], [ -160.235524484544044, 21.802258836388376 ], [ -160.235628930730172, 21.802312101002048 ], [ -160.23574560597126, 21.802311066405306 ], [ -160.235874683386641, 21.802346049352277 ], [ -160.235936028923817, 21.80244937063954 ], [ -160.236034212240668, 21.802547849914372 ], [ -160.236151159888323, 21.802578423944848 ], [ -160.236237058362263, 21.802654431777643 ], [ -160.236501429016869, 21.802814658341298 ], [ -160.236611649745555, 21.802836259983231 ], [ -160.236771536210199, 21.802938706694594 ], [ -160.236992852957343, 21.803013513023565 ], [ -160.237367423511813, 21.803263077201994 ], [ -160.2375515540366, 21.803302085260032 ], [ -160.2377667713466, 21.803300173490598 ], [ -160.237944490126893, 21.8032263415814 ], [ -160.237987490471596, 21.803234991091742 ], [ -160.238116469253555, 21.803328679127556 ], [ -160.238166174713314, 21.803414039232138 ], [ -160.238289107608409, 21.803507780574801 ], [ -160.238614347234147, 21.803644882794551 ], [ -160.238774041761019, 21.803724749408243 ], [ -160.238866631794082, 21.803805212275087 ], [ -160.239320657518164, 21.804013421385459 ], [ -160.239425316809957, 21.804161514658237 ], [ -160.239437503138419, 21.804242691664736 ], [ -160.239498852042033, 21.804346011446771 ], [ -160.239677093682246, 21.804403132245639 ], [ -160.240353073468384, 21.804478403869513 ], [ -160.240764752062859, 21.804402486458898 ], [ -160.241114785041589, 21.804399370375972 ], [ -160.241421738302478, 21.804378574136969 ], [ -160.242060668286598, 21.804223860070607 ], [ -160.242213851673455, 21.804249590876349 ], [ -160.242392134028222, 21.804311224113196 ], [ -160.242582485432592, 21.804580478321757 ], [ -160.242748637723906, 21.80477769458092 ], [ -160.242840976732737, 21.804898799301274 ], [ -160.24292717276893, 21.804938673689531 ], [ -160.242933237962205, 21.805010873122161 ], [ -160.243252613155448, 21.805378324872624 ], [ -160.243338693016824, 21.805544642545815 ], [ -160.243338712620698, 21.805756887177054 ], [ -160.243050495592144, 21.806057503040439 ], [ -160.24286002127505, 21.806194676299732 ], [ -160.242608233252554, 21.806373039750547 ], [ -160.24206752368525, 21.806630747053365 ], [ -160.241895457156318, 21.806799366407056 ], [ -160.241846857055634, 21.806912696075905 ], [ -160.241748481386878, 21.807563854778298 ], [ -160.241717744462306, 21.807645413902293 ], [ -160.241392621976985, 21.808014095395382 ], [ -160.241276131147458, 21.808317695491731 ], [ -160.241257385553268, 21.808597844929903 ], [ -160.241276026324613, 21.808796376297835 ], [ -160.241257557068195, 21.808828152220986 ], [ -160.241251527479108, 21.809040450495843 ], [ -160.241227031013381, 21.809144533964961 ], [ -160.241257841529432, 21.809351988103359 ], [ -160.24125208684319, 21.80945590449193 ], [ -160.241337834134498, 21.809653837417855 ], [ -160.241522341419341, 21.809945723105013 ], [ -160.241651462918725, 21.810125206327037 ], [ -160.241737484763348, 21.810354747810756 ], [ -160.241866389334149, 21.810859373592848 ], [ -160.241977082685196, 21.811075146975902 ], [ -160.242002141294535, 21.811246525677799 ], [ -160.242038512891099, 21.811327486090313 ], [ -160.242124908420095, 21.81138993777509 ], [ -160.242100100626999, 21.811457896189246 ], [ -160.242130991449898, 21.811534390225638 ], [ -160.24228441613883, 21.811727202799958 ], [ -160.242395032908206, 21.811933944986439 ], [ -160.242401409079832, 21.812042267716595 ], [ -160.242444372227965, 21.812186392025325 ], [ -160.242561404912493, 21.812505972193247 ], [ -160.242801149953635, 21.812752203803147 ], [ -160.242886843374436, 21.812873366335626 ], [ -160.243114283205841, 21.813024874647521 ], [ -160.243366218955515, 21.813072298927143 ], [ -160.243513775946496, 21.813075496466517 ], [ -160.243765497209722, 21.813028090080383 ], [ -160.244171054266445, 21.81287092854328 ], [ -160.244435197378323, 21.812791799535322 ], [ -160.244668370744023, 21.812767136330965 ], [ -160.244889394004929, 21.812805803269516 ], [ -160.245227396381182, 21.812947288114689 ], [ -160.245405514965711, 21.813058590645788 ], [ -160.24579313760961, 21.813484127045182 ], [ -160.245946881874431, 21.813713058213093 ], [ -160.246192310133551, 21.813986326850898 ], [ -160.246370648135212, 21.814192458172126 ], [ -160.246506037537301, 21.815094409524505 ], [ -160.246463388081224, 21.815266391489192 ], [ -160.246463138396763, 21.815447026909002 ], [ -160.246340788822693, 21.815980987857749 ], [ -160.246322151140788, 21.816342420006126 ], [ -160.246347259124235, 21.8166583016116 ], [ -160.246353662638654, 21.816978867220964 ], [ -160.246328899061581, 21.817191331933298 ], [ -160.246408772054764, 21.817547366341909 ], [ -160.246476735565636, 21.818133813066108 ], [ -160.24644011413821, 21.818373478679575 ], [ -160.246378681786695, 21.818541113827301 ], [ -160.246292638929305, 21.818799285833471 ], [ -160.24624379206017, 21.819233241442785 ], [ -160.246225191259441, 21.819459198549577 ], [ -160.246194515827938, 21.819617526655275 ], [ -160.245955565055681, 21.81995383748729 ], [ -160.245869520719879, 21.820212009305703 ], [ -160.245832779702965, 21.82043812949118 ], [ -160.24591282923592, 21.820744487233156 ], [ -160.245924948409993, 21.82109661227161 ], [ -160.245759869177959, 21.822073479065796 ], [ -160.245704481558846, 21.822241054809972 ], [ -160.245624661157564, 21.822729460362211 ], [ -160.245557144554596, 21.823032613958997 ], [ -160.245532966942477, 21.823452786326829 ], [ -160.245582223699387, 21.82390391047371 ], [ -160.24568716374614, 21.824291316802363 ], [ -160.245687128270163, 21.824426786237936 ], [ -160.245803694820665, 21.824899885795752 ], [ -160.245742416638848, 21.825085576028464 ], [ -160.245730639984373, 21.82526179253032 ], [ -160.245650875852021, 21.825686978687969 ], [ -160.245632667393153, 21.82609806636464 ], [ -160.245558690727705, 21.826283871353766 ], [ -160.245411318173353, 21.826443239940961 ], [ -160.245245651912086, 21.826724695605098 ], [ -160.245153634819928, 21.826991943528228 ], [ -160.245104835953867, 21.827082694359508 ], [ -160.245098734511998, 21.8272859531485 ], [ -160.245252495959789, 21.827654858821997 ], [ -160.245289228197692, 21.827916437899184 ], [ -160.245289330569648, 21.828137703605606 ], [ -160.245209519134562, 21.828278404543667 ], [ -160.244939384797505, 21.828646594665738 ], [ -160.244878260463054, 21.828850347138733 ], [ -160.244564667400113, 21.829227956487934 ], [ -160.244061490428749, 21.830058832018857 ], [ -160.24374832217012, 21.830486110335254 ], [ -160.243680544528104, 21.830689921605401 ], [ -160.243594901992537, 21.831205475073556 ], [ -160.243644607267072, 21.831918504818262 ], [ -160.243779939237498, 21.832323701409852 ], [ -160.243982760805608, 21.832841184745028 ], [ -160.244118207754354, 21.832979955787103 ], [ -160.244265709708571, 21.833114102928658 ], [ -160.244382568584996, 21.833271103801305 ], [ -160.24449310776896, 21.833396550508468 ], [ -160.244536156589589, 21.833409711432147 ], [ -160.244584803509582, 21.833440884766052 ], [ -160.244726452162354, 21.83345767655743 ], [ -160.245008986085082, 21.833333219810452 ], [ -160.245180889605308, 21.833421990655477 ], [ -160.245211630968214, 21.83348041840356 ], [ -160.245285264883904, 21.833533945268041 ], [ -160.245377860261129, 21.833682131451571 ], [ -160.245402520059827, 21.833876083129365 ], [ -160.245353415948983, 21.834350666768753 ], [ -160.24532904212623, 21.834748262570933 ], [ -160.245187735003526, 21.835259799580182 ], [ -160.245194310716926, 21.835390694233631 ], [ -160.245126822414363, 21.835418394451839 ], [ -160.24512046580918, 21.835522310619883 ], [ -160.245003687550309, 21.835654313332192 ], [ -160.244843838740536, 21.835700904224943 ], [ -160.244469113338425, 21.835654593643692 ], [ -160.244334056063167, 21.835700961794231 ], [ -160.244193050739881, 21.835828665339609 ], [ -160.243922741245484, 21.835898824995727 ], [ -160.243811948780888, 21.835954005921764 ], [ -160.243750409945335, 21.836180341400585 ], [ -160.243756633910181, 21.836270598445083 ], [ -160.243793813467676, 21.836374124911075 ], [ -160.243867526550162, 21.836436683146356 ], [ -160.243971768232512, 21.836602827851696 ], [ -160.244008948041198, 21.836706354253746 ], [ -160.244009124669077, 21.836796665914097 ], [ -160.24397838465211, 21.836878223598003 ], [ -160.24379996525451, 21.837015293677634 ], [ -160.243750870256065, 21.837142172867704 ], [ -160.243751538109422, 21.837498904108749 ], [ -160.243800440941982, 21.837629419156514 ], [ -160.24402177870644, 21.83783966971199 ], [ -160.244040488669441, 21.838114957039874 ], [ -160.244027967433681, 21.838205382517021 ], [ -160.24407747545149, 21.838335891984887 ], [ -160.244059006166907, 21.838507652942077 ], [ -160.243966921802581, 21.838838122253229 ], [ -160.243997529074989, 21.838950738596747 ], [ -160.244262215960845, 21.839417991233489 ], [ -160.244458764851345, 21.839628463249419 ], [ -160.244532305228148, 21.839740694104414 ], [ -160.244728930606442, 21.839820211007993 ], [ -160.244827300211995, 21.83979674924851 ], [ -160.244925961661778, 21.839737159692163 ], [ -160.245061100641465, 21.839699820799165 ], [ -160.245294356276503, 21.839679662901236 ], [ -160.245442057856565, 21.839696399085653 ], [ -160.245607704906348, 21.839690394963224 ], [ -160.246062496142486, 21.839763074367422 ], [ -160.246357591536395, 21.839900406606137 ], [ -160.246652222053825, 21.84012353991092 ], [ -160.246873450326689, 21.840320239114792 ], [ -160.24695360610616, 21.840427893155116 ], [ -160.247082595493879, 21.840797015616669 ], [ -160.247082701710923, 21.841018280853977 ], [ -160.247015175923934, 21.84118145105742 ], [ -160.24668959933706, 21.841365004222794 ], [ -160.246511861304242, 21.84151110351333 ], [ -160.246351832605086, 21.841607370921903 ], [ -160.246253892663816, 21.8416805020594 ], [ -160.246210901946426, 21.841744107079855 ], [ -160.246186191539778, 21.841893345868833 ], [ -160.246198659968655, 21.842006124017963 ], [ -160.24639543277155, 21.842311418474242 ], [ -160.246426002689958, 21.842419518810232 ], [ -160.246371276589116, 21.843291529863219 ], [ -160.246371067741421, 21.843476672858557 ], [ -160.246488272900365, 21.843742041004976 ], [ -160.246555574434382, 21.84383174850619 ], [ -160.246617203500506, 21.844034397372042 ], [ -160.246629302826989, 21.844174273259263 ], [ -160.246543678273298, 21.844482106496724 ], [ -160.246175164045667, 21.844806032107051 ], [ -160.246027678543442, 21.845024110042292 ], [ -160.245972636141261, 21.84523232435464 ], [ -160.245824853460476, 21.845346544451619 ], [ -160.245769984857475, 21.845505085727272 ], [ -160.245653590940606, 21.845682242120372 ], [ -160.245634952594514, 21.846043661436077 ], [ -160.245678013895883, 21.846336789015965 ], [ -160.245653853964285, 21.846689212320197 ], [ -160.245604522949236, 21.846788996031183 ], [ -160.245463139482524, 21.846943794255754 ], [ -160.245401869788225, 21.847061747094681 ], [ -160.245273052751031, 21.847410596828343 ], [ -160.245193524286805, 21.847515167522793 ], [ -160.245113526286673, 21.847565557087876 ], [ -160.24492902715653, 21.847630432638372 ], [ -160.244523819721593, 21.847629560181531 ], [ -160.24385392158436, 21.847861355022502 ], [ -160.243565368382576, 21.847922649142902 ], [ -160.243429908794838, 21.847923865803015 ], [ -160.243104214094132, 21.848026131904057 ], [ -160.242791277775837, 21.84820504627427 ], [ -160.242268948458729, 21.848647737807205 ], [ -160.242177283904226, 21.848747900954265 ], [ -160.241691721965083, 21.8491767161265 ], [ -160.241310875752305, 21.849545887701336 ], [ -160.241286529340215, 21.849528044358074 ], [ -160.240414337037379, 21.850497669258072 ], [ -160.23989220391752, 21.851175161063338 ], [ -160.239468798253313, 21.851729848152608 ], [ -160.239075800586733, 21.852374572596577 ], [ -160.238897631275591, 21.852543243330686 ], [ -160.238670263133486, 21.852617528960135 ], [ -160.238399936337203, 21.852759932002805 ], [ -160.237902135894984, 21.853315284407863 ], [ -160.237816451582745, 21.853478610184066 ], [ -160.237773567882101, 21.853695739664481 ], [ -160.237613686519637, 21.854162269645158 ], [ -160.237552383413771, 21.854487935677245 ], [ -160.237503415637093, 21.854560622119727 ], [ -160.237392917610521, 21.854651922616927 ], [ -160.2371714380821, 21.854708092118997 ], [ -160.236968899529757, 21.85478666967353 ], [ -160.236784365494174, 21.854919272238099 ], [ -160.23659405216037, 21.855223515250906 ], [ -160.236576042814903, 21.855309472024913 ], [ -160.236532944425107, 21.855431776875243 ], [ -160.23638541670897, 21.85557759432151 ], [ -160.236256165369809, 21.855809042967934 ], [ -160.236035416599776, 21.856090981242346 ], [ -160.235796013465517, 21.856454365991585 ], [ -160.235169212932732, 21.857132787728379 ], [ -160.234948337508229, 21.857541161468877 ], [ -160.234647236693007, 21.858045079299906 ], [ -160.234322136817696, 21.858571788254118 ], [ -160.234205207482461, 21.858830220182256 ], [ -160.233910365926789, 21.8592889257481 ], [ -160.233621912846985, 21.859928195489289 ], [ -160.233603793405706, 21.860212836184484 ], [ -160.233517977704821, 21.860502598598 ], [ -160.233419328718895, 21.860706679575163 ], [ -160.233155076731521, 21.861065769962948 ], [ -160.23278059695815, 21.861759995035239 ], [ -160.232584155780444, 21.862479722796731 ], [ -160.232474081730146, 21.863185130908047 ], [ -160.232473919484562, 21.863307052280287 ], [ -160.232566561576647, 21.863459753036551 ], [ -160.232627963863052, 21.8637075585407 ], [ -160.232615550290518, 21.863811526823703 ], [ -160.232578718773311, 21.864453063468609 ], [ -160.232671075534768, 21.864854120396984 ], [ -160.232788315970481, 21.865828429074817 ], [ -160.232898810290862, 21.866369305834596 ], [ -160.232917630476777, 21.866518149467858 ], [ -160.232948196497006, 21.866626249518742 ], [ -160.23302820280233, 21.86671584457358 ], [ -160.233255746290013, 21.867151815205453 ], [ -160.233360254917471, 21.867277315186872 ], [ -160.23365534574458, 21.867690102624806 ], [ -160.233698691765625, 21.867807118315195 ], [ -160.233698413390897, 21.867915493378444 ], [ -160.233748112115592, 21.86820855808201 ], [ -160.233637598132219, 21.868792051511406 ], [ -160.233539225931082, 21.869239970590478 ], [ -160.233520934980874, 21.86943430210561 ], [ -160.233545448348679, 21.869682437303602 ], [ -160.233674550465196, 21.870065101112861 ], [ -160.23366254813206, 21.870146487859977 ], [ -160.233693487593229, 21.870227490737978 ], [ -160.233625408113284, 21.870399690668414 ], [ -160.23345995052739, 21.870572762357156 ], [ -160.233288010782616, 21.87083620344773 ], [ -160.233238850517012, 21.871098544704601 ], [ -160.233251367254638, 21.871288084704993 ], [ -160.233273049521131, 21.871558811408494 ], [ -160.233248587477902, 21.871879619344448 ], [ -160.233132135941702, 21.87212449093504 ], [ -160.233027259254555, 21.872238313588607 ], [ -160.232922755483429, 21.872325041056421 ], [ -160.232781899147312, 21.872475308028481 ], [ -160.232634226904082, 21.872747551326999 ], [ -160.232548278989356, 21.873163731816241 ], [ -160.232548652377488, 21.873488833403094 ], [ -160.232524165403191, 21.873877372251144 ], [ -160.232536744838882, 21.874355885215977 ], [ -160.232598268985839, 21.87461722465077 ], [ -160.23267193698743, 21.874742994374824 ], [ -160.232727180677074, 21.874977297437141 ], [ -160.23271523101937, 21.875135441387968 ], [ -160.232567673475444, 21.875421229056681 ], [ -160.232555258301659, 21.875525193634424 ], [ -160.232500171108228, 21.875661146934704 ], [ -160.232383350081335, 21.875793138540136 ], [ -160.232241908425635, 21.875875681417 ], [ -160.232119318023791, 21.875899355728858 ], [ -160.231682988503991, 21.875876170588874 ], [ -160.231529014136783, 21.876049131216554 ], [ -160.231185394485891, 21.876467619416438 ], [ -160.230601209757623, 21.87697856596963 ], [ -160.230091447928373, 21.877633337672236 ], [ -160.229974662757229, 21.877769843110741 ], [ -160.229808834156387, 21.878042247713591 ], [ -160.229679887585888, 21.878242076081481 ], [ -160.229545137671863, 21.878541295589557 ], [ -160.229422239658874, 21.87874107049322 ], [ -160.229397521413773, 21.878962543722878 ], [ -160.22931128594351, 21.879134898355588 ], [ -160.229262103126246, 21.87932498316783 ], [ -160.229232075598361, 21.879844518031312 ], [ -160.229127265833768, 21.880531789985895 ], [ -160.229004842800435, 21.880857991373592 ], [ -160.228949328181585, 21.881156501716905 ], [ -160.228955405551346, 21.881300938580456 ], [ -160.22900513506309, 21.881386286103055 ], [ -160.229127865298494, 21.881660624921871 ], [ -160.229054290401251, 21.882392771748478 ], [ -160.2290727841158, 21.882433244219982 ], [ -160.229029754067682, 21.882776796591731 ], [ -160.229146726666841, 21.883367262045841 ], [ -160.229128187306088, 21.883674472678166 ], [ -160.229023947404016, 21.884005026033073 ], [ -160.228913507140078, 21.884529795692131 ], [ -160.228938244127647, 21.88459279007305 ], [ -160.228839700419115, 21.884670432189882 ], [ -160.228569740694439, 21.884722516545068 ], [ -160.228464775205282, 21.884827308622203 ], [ -160.228354635480343, 21.884963755380578 ], [ -160.228305424877902, 21.885221570930867 ], [ -160.228200768124566, 21.885362483354257 ], [ -160.228108683729431, 21.885417491212692 ], [ -160.227857062477142, 21.885491987227919 ], [ -160.227721670890276, 21.885646720777622 ], [ -160.22761095019851, 21.885715440583262 ], [ -160.227488377244583, 21.885883605584961 ], [ -160.227095185244593, 21.886239319131839 ], [ -160.227021414534732, 21.886384470311647 ], [ -160.226910629740132, 21.886516406199451 ], [ -160.226676986119827, 21.886924877930497 ], [ -160.22648653467968, 21.887220079380725 ], [ -160.226333186662316, 21.887609772358822 ], [ -160.226259543127782, 21.887840714072595 ], [ -160.226185989990512, 21.888365155056977 ], [ -160.226143093025399, 21.888442299959838 ], [ -160.225866715560898, 21.888593776762743 ], [ -160.225829571975538, 21.888706992532889 ], [ -160.225682192444111, 21.888875378036555 ], [ -160.225460589375757, 21.889206981004268 ], [ -160.225454591554069, 21.889283795994867 ], [ -160.225485672728468, 21.889522833000775 ], [ -160.225436352833469, 21.889627127815729 ], [ -160.225380894460642, 21.889650199431351 ], [ -160.224901549201604, 21.889482896375959 ], [ -160.224840518073279, 21.88942022649924 ], [ -160.224772524794844, 21.889321494602843 ], [ -160.224674452784313, 21.889313339981943 ], [ -160.224495951363821, 21.889450394921035 ], [ -160.224133337604968, 21.889634247492047 ], [ -160.223893932602635, 21.889794422513337 ], [ -160.223629456094812, 21.88992321344185 ], [ -160.223433140582472, 21.890028818742707 ], [ -160.223285284290057, 21.890070776325231 ], [ -160.222990444891167, 21.890186291754773 ], [ -160.222855329422629, 21.890232651041156 ], [ -160.222793589525622, 21.890228686049237 ], [ -160.222713972494319, 21.890256488043946 ], [ -160.222529534565354, 21.890407141154792 ], [ -160.222351392747072, 21.890444852279465 ], [ -160.221896847874234, 21.890774013103712 ], [ -160.221472306154737, 21.891003566023532 ], [ -160.221146892263022, 21.891223204022808 ], [ -160.22047716503198, 21.891716831935227 ], [ -160.220348030203979, 21.891826351990929 ], [ -160.220138968326381, 21.891927552195419 ], [ -160.21990555571341, 21.892010907744027 ], [ -160.219800759987038, 21.892066025264921 ], [ -160.219739452391337, 21.892183971608468 ], [ -160.219481333172013, 21.892421070393883 ], [ -160.2191682993207, 21.892532225429008 ], [ -160.218584171933287, 21.89284898610541 ], [ -160.218277070294505, 21.892946541272245 ], [ -160.217969901228429, 21.893107312530748 ], [ -160.217748554588354, 21.893258288740334 ], [ -160.217515098977515, 21.893337126545756 ], [ -160.217103101233477, 21.893620744418815 ], [ -160.217004813091762, 21.893729988758125 ], [ -160.216832646027513, 21.89383085797304 ], [ -160.216709670434341, 21.893953866957801 ], [ -160.216421181771523, 21.894177685551782 ], [ -160.216230827306475, 21.894274200867279 ], [ -160.215972721146699, 21.894371317626117 ], [ -160.215677238598886, 21.894626805573566 ], [ -160.215554758977134, 21.894808510565635 ], [ -160.215462288256248, 21.894890609663118 ], [ -160.215001580090671, 21.895138533400647 ], [ -160.214829042717213, 21.895338744241062 ], [ -160.214589808693177, 21.8955214845314 ], [ -160.213919579458036, 21.895960914188279 ], [ -160.213532979899867, 21.896316547762407 ], [ -160.213502319354376, 21.896339395669916 ], [ -160.213434419629692, 21.896394180401725 ], [ -160.213237712643036, 21.89652686666825 ], [ -160.213133331176266, 21.896631642575784 ], [ -160.213016131696406, 21.896722986555968 ], [ -160.212659845771782, 21.897015119882763 ], [ -160.212420230256811, 21.897224944282854 ], [ -160.212334295699065, 21.897293434733218 ], [ -160.211240059864849, 21.897745623053485 ], [ -160.211104862189245, 21.897855186295072 ], [ -160.210889778778295, 21.898033184725456 ], [ -160.210724038791369, 21.898251384481075 ], [ -160.210650327965169, 21.898477799478474 ], [ -160.210687207795786, 21.898689689480161 ], [ -160.210773612130225, 21.898819866548873 ], [ -160.210859346030134, 21.899085506939219 ], [ -160.210853111366191, 21.899135230056352 ], [ -160.210724087274684, 21.899402772824317 ], [ -160.210631801452422, 21.899507440214769 ], [ -160.210226377154981, 21.899641972595116 ], [ -160.209802285005821, 21.899930186900004 ], [ -160.209439772635477, 21.900059822126547 ], [ -160.209132239611165, 21.900252184000973 ], [ -160.209040442745874, 21.900343300751462 ], [ -160.208880379926512, 21.900733029476768 ], [ -160.208874258769185, 21.900796297011446 ], [ -160.208905191952198, 21.900877298271833 ], [ -160.20891136089017, 21.900963033273023 ], [ -160.208837450286097, 21.901094630067213 ], [ -160.208603977522273, 21.901173454153426 ], [ -160.20848737540021, 21.901264790725296 ], [ -160.208333613684516, 21.901469336940629 ], [ -160.208314977927841, 21.901555292031745 ], [ -160.208394879980347, 21.901703589012381 ], [ -160.208395260656403, 21.901748738745912 ], [ -160.208223353209576, 21.902025689257588 ], [ -160.208118474332906, 21.902144013879642 ], [ -160.207860419354802, 21.902177902848798 ], [ -160.207534544922993, 21.902420092806324 ], [ -160.207233612488977, 21.90246339007474 ], [ -160.206895431786677, 21.90239413417223 ], [ -160.20674176971437, 21.902395492276021 ], [ -160.20647766857951, 21.902501676549925 ], [ -160.20621958153265, 21.902675536575522 ], [ -160.206072050529258, 21.902830358767407 ], [ -160.206004069844141, 21.902876111604037 ], [ -160.205918172640878, 21.903093603407164 ], [ -160.205678843762058, 21.903411786246618 ], [ -160.205537096010829, 21.903534950255342 ], [ -160.205334508564846, 21.90361801417647 ], [ -160.204941205089881, 21.903756943863645 ], [ -160.204707198941492, 21.903917043868763 ], [ -160.204566206597036, 21.904058262579259 ], [ -160.204418523767146, 21.904267268476588 ], [ -160.20428358244493, 21.90448067774317 ], [ -160.204148297202266, 21.904581207562483 ], [ -160.203902421258704, 21.904912992074724 ], [ -160.203748344763682, 21.905081417275934 ], [ -160.203490481715448, 21.905426853200545 ], [ -160.203361322123953, 21.905608604108846 ], [ -160.203109239861277, 21.90585013681277 ], [ -160.202851105234515, 21.906091723336473 ], [ -160.20266069354372, 21.906400442641878 ], [ -160.202550135227114, 21.906563967069605 ], [ -160.202341081417444, 21.906958640628869 ], [ -160.2019723480376, 21.907359236506696 ], [ -160.201690009300592, 21.907528791067381 ], [ -160.201585535706016, 21.907624533009333 ], [ -160.201566819525169, 21.907701457531044 ], [ -160.201579111726545, 21.907940660622863 ], [ -160.201548182579501, 21.90800414707639 ], [ -160.20131488499041, 21.908250028667112 ], [ -160.201112213897545, 21.90846854875392 ], [ -160.200755800220179, 21.908968371596579 ], [ -160.200442413492738, 21.909187866020716 ], [ -160.200183664636626, 21.909501699994678 ], [ -160.199857910846504, 21.909906430428617 ], [ -160.19939727732779, 21.910316863499922 ], [ -160.199249694383553, 21.910467167392596 ], [ -160.199071708459513, 21.910744167893249 ], [ -160.19894870240168, 21.91101165392277 ], [ -160.198764136992367, 21.911297742526315 ], [ -160.19854916812605, 21.911638282535158 ], [ -160.198469153606197, 21.911837660637541 ], [ -160.198413680767942, 21.912005214718238 ], [ -160.198426195716451, 21.91219926389622 ], [ -160.198389403328321, 21.912285378307175 ], [ -160.198229376753801, 21.912395153197689 ], [ -160.198057210687637, 21.912572765568843 ], [ -160.198032706553278, 21.912681349098392 ], [ -160.197823974445072, 21.912899919525227 ], [ -160.197633164878908, 21.913163486530021 ], [ -160.197516357207235, 21.913304488351187 ], [ -160.197135340201186, 21.913831615314315 ], [ -160.197024921034256, 21.914013198178115 ], [ -160.196883495005409, 21.914176991613658 ], [ -160.196404155282835, 21.914813345882255 ], [ -160.196108708840143, 21.915082344271141 ], [ -160.195930677261344, 21.915210336140341 ], [ -160.195851001192636, 21.915305857382396 ], [ -160.195506432662654, 21.915561739705719 ], [ -160.195002325363106, 21.915769352433195 ], [ -160.194670387259976, 21.915943847644744 ], [ -160.194602812418395, 21.915967016364124 ], [ -160.193717837723085, 21.91614184334226 ], [ -160.193182602917716, 21.916390362250386 ], [ -160.192512629634564, 21.916734882454939 ], [ -160.192143815328905, 21.916914210918318 ], [ -160.191467861024108, 21.917267810847846 ], [ -160.191363336910001, 21.917359033170072 ], [ -160.191111283829486, 21.917681829587419 ], [ -160.190687127077865, 21.918119015715046 ], [ -160.19061364615024, 21.91823254266254 ], [ -160.190515245994391, 21.918332741648808 ], [ -160.190484197227789, 21.918382681735878 ], [ -160.190109491323994, 21.918945864617353 ], [ -160.189500502567824, 21.919714287394672 ], [ -160.189193222366583, 21.920163995605318 ], [ -160.18894767007319, 21.920396425796415 ], [ -160.188505053674476, 21.920725401763079 ], [ -160.188351022706968, 21.920830601297926 ], [ -160.188062509178195, 21.921063406616469 ], [ -160.187945198708348, 21.92114570771755 ], [ -160.187637808879487, 21.921437372001684 ], [ -160.187576387922405, 21.921546272306017 ], [ -160.187527467564394, 21.921849213073031 ], [ -160.187514995646183, 21.922242139059676 ], [ -160.187576619207704, 21.922449296968225 ], [ -160.187699359872681, 21.92258367884072 ], [ -160.187717729782662, 21.922682851318399 ], [ -160.187619543470333, 21.922882374903086 ], [ -160.187447727095076, 21.923105117124667 ], [ -160.187343184308929, 21.923340817626993 ], [ -160.187380150526195, 21.923566251712987 ], [ -160.187441212853514, 21.923705687844382 ], [ -160.187490586503571, 21.923894892093312 ], [ -160.187502901232904, 21.924066358888513 ], [ -160.187533367174126, 21.924237668398046 ], [ -160.187582522228922, 21.924327541034923 ], [ -160.187589128637313, 21.924467452563292 ], [ -160.187551828327088, 21.924639353541814 ], [ -160.187447675792129, 21.92470347570022 ], [ -160.187312440431242, 21.924740778515734 ], [ -160.187214033586116, 21.924840971236833 ], [ -160.187164967909439, 21.925053611193153 ], [ -160.187140272535316, 21.925067372772951 ], [ -160.186961814744706, 21.92507344689017 ], [ -160.186795919263233, 21.924989107652483 ], [ -160.18658690908353, 21.924959327611589 ], [ -160.186365678535935, 21.924988350653706 ], [ -160.186217922776251, 21.925048336871946 ], [ -160.185947450591158, 21.92512294042632 ], [ -160.185732039938216, 21.925197063393863 ], [ -160.185142306929549, 21.925373784938994 ], [ -160.184896335197323, 21.925484294422027 ], [ -160.184570650937502, 21.925541317456279 ], [ -160.184404487338156, 21.925497614678179 ], [ -160.184232549739647, 21.925341083774285 ], [ -160.183998551528106, 21.925216699938904 ], [ -160.183722229330129, 21.925169441008983 ], [ -160.183359597297425, 21.925222268802205 ], [ -160.182922766437969, 21.925302832345963 ], [ -160.182738750632893, 21.925295404647393 ], [ -160.182369507999084, 21.925280560047959 ], [ -160.181877995687159, 21.9253345055035 ], [ -160.181557933191925, 21.925486292526131 ], [ -160.181287569140181, 21.92557443311858 ], [ -160.18120164876791, 21.92557518044201 ], [ -160.180931143462658, 21.925573018723934 ], [ -160.180697465143055, 21.925633749043278 ], [ -160.180174747917022, 21.925719567881032 ], [ -160.17975684614197, 21.925894777764931 ], [ -160.179338635828373, 21.926106111031686 ], [ -160.179172825818512, 21.92625203832792 ], [ -160.178945409040921, 21.926412045623788 ], [ -160.17874867458417, 21.926476967168401 ], [ -160.178643959864928, 21.926473361992834 ], [ -160.178490047322413, 21.926447607524288 ], [ -160.178336283496321, 21.926439912946655 ], [ -160.178023177838782, 21.926555511296645 ], [ -160.177635424591159, 21.926644666792129 ], [ -160.177420610908968, 21.926718773919216 ], [ -160.177236040586791, 21.926864862597903 ], [ -160.177119301950739, 21.927091634769063 ], [ -160.177039382914131, 21.92716005665466 ], [ -160.176873580384495, 21.927233738163249 ], [ -160.176566199510631, 21.927236405052213 ], [ -160.176449011096594, 21.927187754854327 ], [ -160.176276982597386, 21.927166670779659 ], [ -160.176049498323152, 21.927245402414641 ], [ -160.175754221434062, 21.927469206810812 ], [ -160.175532861079319, 21.92755691548761 ], [ -160.17539802728399, 21.927643872540919 ], [ -160.175151709874342, 21.927713735958875 ], [ -160.174832103345324, 21.927775203268844 ], [ -160.174211250886003, 21.927997312176856 ], [ -160.17359027259721, 21.928278117896248 ], [ -160.173418329405649, 21.92841506281566 ], [ -160.173258574011669, 21.928488689500448 ], [ -160.172748187804757, 21.928678231095834 ], [ -160.171764261542279, 21.928975709657514 ], [ -160.171629437711289, 21.92899041915167 ], [ -160.171383005006419, 21.929046728876006 ], [ -160.171168074247134, 21.929107281693746 ], [ -160.170909575832866, 21.929168210472834 ], [ -160.170786706199522, 21.929164754948022 ], [ -160.170534869048169, 21.929004379141276 ], [ -160.170399454283995, 21.928946849106264 ], [ -160.1702335855814, 21.928939249464076 ], [ -160.170067555710034, 21.928985833306875 ], [ -160.169520349033746, 21.929261464961595 ], [ -160.16935428163967, 21.929303533538167 ], [ -160.168733723171357, 21.929489490670623 ], [ -160.168438518733893, 21.9296500670409 ], [ -160.167952782593943, 21.929821314408287 ], [ -160.167774227683708, 21.929890580826825 ], [ -160.167011662207329, 21.930398337453717 ], [ -160.166206442976716, 21.931019340071217 ], [ -160.16551156017033, 21.931368475042206 ], [ -160.165339731400593, 21.931446711871015 ], [ -160.165099913515718, 21.93164744571278 ], [ -160.164939802093613, 21.931752672762141 ], [ -160.164829383072316, 21.931866503167633 ], [ -160.164669454935961, 21.931994305564242 ], [ -160.16416524625356, 21.932499832426057 ], [ -160.164048225216277, 21.932694994236758 ], [ -160.163956233489841, 21.932917032545475 ], [ -160.163716157233836, 21.93338416793944 ], [ -160.163611476910887, 21.933683074333214 ], [ -160.163458076364122, 21.934167525983991 ], [ -160.163334580676548, 21.934385319995233 ], [ -160.16329161871198, 21.934534693169759 ], [ -160.16333489449741, 21.93464720363507 ], [ -160.163457531935506, 21.934695817288254 ], [ -160.163685093111297, 21.934847382082488 ], [ -160.163845321746578, 21.934904703873904 ], [ -160.164066098101983, 21.93496602032716 ], [ -160.164293550100041, 21.935104038692895 ], [ -160.164410486605988, 21.935270098492968 ], [ -160.16449042710272, 21.935797697468747 ], [ -160.164521527907965, 21.935901280400461 ], [ -160.164490579035544, 21.936113763767914 ], [ -160.164527293386129, 21.936312120264724 ], [ -160.164471610552965, 21.936682850476711 ], [ -160.164354790106387, 21.936977347404952 ], [ -160.164281478707977, 21.937041191855528 ], [ -160.163819827349243, 21.937275438852588 ], [ -160.163316052481974, 21.937464894014575 ], [ -160.162971810401302, 21.937625886911523 ], [ -160.162540960734134, 21.937778591236373 ], [ -160.162362760020329, 21.937893003453841 ], [ -160.162135213816697, 21.938116206310671 ], [ -160.161870753621542, 21.938339725840123 ], [ -160.161477437026008, 21.938568865601955 ], [ -160.160998024844474, 21.938703923029667 ], [ -160.160739798224995, 21.938800959646425 ], [ -160.160272119626029, 21.939039766196458 ], [ -160.159762228583503, 21.939147990510392 ], [ -160.159301079371488, 21.939147428391735 ], [ -160.15906089719121, 21.939081756651877 ], [ -160.158950121043574, 21.939078191032923 ], [ -160.158587426538759, 21.939054206634207 ], [ -160.15816333719485, 21.939071384312196 ], [ -160.157769702877744, 21.93918763764027 ], [ -160.157253371983501, 21.93932300131695 ], [ -160.157056629728345, 21.939315654969224 ], [ -160.156619925964492, 21.939269722355238 ], [ -160.156454118311927, 21.939271141189373 ], [ -160.156275493863177, 21.939259122663586 ], [ -160.155863892719111, 21.939249096737583 ], [ -160.155451809764401, 21.939329379981746 ], [ -160.155273878073302, 21.939403145664798 ], [ -160.155144416147465, 21.939408767429722 ], [ -160.154443178351443, 21.939654070897998 ], [ -160.154339204642838, 21.939668504745018 ], [ -160.153699492418752, 21.939813942479052 ], [ -160.15320154122, 21.940052989808368 ], [ -160.152530918021768, 21.940343178321815 ], [ -160.151399923758959, 21.940655351554234 ], [ -160.15108610923599, 21.940689633504238 ], [ -160.15063123623645, 21.940792847495789 ], [ -160.150268102204535, 21.94094043205655 ], [ -160.149942655233048, 21.941033510705211 ], [ -160.149548959914995, 21.941068470649544 ], [ -160.149413589008219, 21.941092199532743 ], [ -160.149284730221808, 21.941097812523562 ], [ -160.149093757961481, 21.941131045497578 ], [ -160.14877403548445, 21.94118343463883 ], [ -160.147771885441472, 21.941489973604487 ], [ -160.147274062626082, 21.941747066517593 ], [ -160.146886752688857, 21.941899359951755 ], [ -160.146763275958762, 21.941972652607404 ], [ -160.14637614574616, 21.94214751878901 ], [ -160.14604436330967, 21.942281276800227 ], [ -160.145244645941915, 21.942626706410543 ], [ -160.145189405269491, 21.942681359063407 ], [ -160.144937391602241, 21.942800893383613 ], [ -160.144070152859882, 21.943255260042179 ], [ -160.143522694191404, 21.943512755316906 ], [ -160.143197020787028, 21.943578726156648 ], [ -160.143122875546339, 21.943615476441387 ], [ -160.142741707123292, 21.943704493439302 ], [ -160.142692445189169, 21.943750064068016 ], [ -160.142649515008969, 21.943754942493698 ], [ -160.14221934403318, 21.943997895410018 ], [ -160.141794690831347, 21.944249832295327 ], [ -160.141641420234663, 21.94438207471179 ], [ -160.141327428963024, 21.944547282218746 ], [ -160.140940104568159, 21.944699563086289 ], [ -160.140780414022572, 21.944709943635242 ], [ -160.140540172466473, 21.944788734308933 ], [ -160.139937803997043, 21.94499249854077 ], [ -160.139882453346644, 21.945033604783017 ], [ -160.13968542175931, 21.945066876332202 ], [ -160.139501422709458, 21.945140675645533 ], [ -160.139200021821551, 21.945215465809937 ], [ -160.138916673031446, 21.945353319373421 ], [ -160.138246845467194, 21.945598286372938 ], [ -160.137859089137976, 21.945773141988248 ], [ -160.137748456834288, 21.945864383258211 ], [ -160.13731207569009, 21.946089317283249 ], [ -160.136998531765698, 21.94615969076867 ], [ -160.136401527443979, 21.946354368315532 ], [ -160.13628480640196, 21.946441143119078 ], [ -160.136051076879511, 21.946578565642113 ], [ -160.135651350076728, 21.946694810284853 ], [ -160.135147541908793, 21.946965445552312 ], [ -160.135018326488762, 21.947079412158981 ], [ -160.134642736439247, 21.947263179015884 ], [ -160.134157369809003, 21.947646535736219 ], [ -160.133695634838034, 21.947957450460219 ], [ -160.133290136797768, 21.94810986002706 ], [ -160.132859545373918, 21.948379875111499 ], [ -160.132595162844723, 21.948621401277673 ], [ -160.132484417577245, 21.948699089933349 ], [ -160.132176529593266, 21.948873252884152 ], [ -160.131666187461036, 21.949008479670415 ], [ -160.131309883297519, 21.949183048616131 ], [ -160.131020540352353, 21.949406721819596 ], [ -160.130657439245624, 21.949793560229981 ], [ -160.130608173045715, 21.949915883792197 ], [ -160.130485645469946, 21.950111064980682 ], [ -160.130313239930416, 21.950198301113797 ], [ -160.130079498299267, 21.95033571739199 ], [ -160.12991328611335, 21.950364202790436 ], [ -160.129692002507539, 21.95046990890722 ], [ -160.129581539557989, 21.950583715404733 ], [ -160.129138334008758, 21.951020890532796 ], [ -160.128941579133254, 21.951243785654601 ], [ -160.128787541078651, 21.951357957042813 ], [ -160.128332902212094, 21.951727499216375 ], [ -160.128135894237062, 21.951842030199028 ], [ -160.127914181264202, 21.952047072219131 ], [ -160.12784643535349, 21.952128913389888 ], [ -160.127693108037477, 21.952410140811477 ], [ -160.127545119433705, 21.952524260536819 ], [ -160.127324151968537, 21.952593839785315 ], [ -160.127213471900831, 21.952680556159269 ], [ -160.126924079573399, 21.953053226204432 ], [ -160.12670859267547, 21.953280792006495 ], [ -160.125976580748102, 21.953783593306579 ], [ -160.125570914338397, 21.953994688089907 ], [ -160.125509325444796, 21.954013263531074 ], [ -160.12534951512032, 21.954086844804564 ], [ -160.125263112860495, 21.954105628089295 ], [ -160.124925014272065, 21.95428906534358 ], [ -160.124684958861735, 21.954471681604943 ], [ -160.12440250269438, 21.954650137051583 ], [ -160.124119331572444, 21.954891811449585 ], [ -160.123824194378244, 21.955305163993501 ], [ -160.123694816763987, 21.955554582975072 ], [ -160.123442216637073, 21.956066915946728 ], [ -160.123276345072668, 21.956370822314199 ], [ -160.123196344750056, 21.956588222358945 ], [ -160.123128735936177, 21.956688122067394 ], [ -160.122974432623721, 21.957000962534117 ], [ -160.12266102708972, 21.957324162307973 ], [ -160.12260538055412, 21.957405901593258 ], [ -160.122581240453087, 21.957491892514444 ], [ -160.122482617384264, 21.957727508824963 ], [ -160.122328455889345, 21.957981649917663 ], [ -160.122224140624297, 21.958108948061195 ], [ -160.121995037198218, 21.958377256646365 ], [ -160.121583651205526, 21.958710297212718 ], [ -160.121460855053101, 21.958873868996296 ], [ -160.121276216978231, 21.959101169601468 ], [ -160.121012006558828, 21.959369769887484 ], [ -160.120975049715383, 21.959442321532542 ], [ -160.120710873511854, 21.959715436004583 ], [ -160.120452526727718, 21.960191688614024 ], [ -160.120176382075186, 21.960559723372786 ], [ -160.120047314769664, 21.960773015007547 ], [ -160.119936436062659, 21.961067429443659 ], [ -160.119850544764972, 21.961460971710213 ], [ -160.119764802010252, 21.961719054092061 ], [ -160.119599098349568, 21.962664122004337 ], [ -160.119568352891065, 21.963066235655095 ], [ -160.119580595940448, 21.963160953656601 ], [ -160.119673073419193, 21.963530435112069 ], [ -160.119599419645681, 21.964095454371261 ], [ -160.119544224041334, 21.964312646621806 ], [ -160.119470404029045, 21.964624813362679 ], [ -160.11929907495545, 21.965470592929965 ], [ -160.119212967597946, 21.965837045255235 ], [ -160.119213238842718, 21.966103443380476 ], [ -160.119176027970639, 21.96622114961492 ], [ -160.11895509671092, 21.966453267947504 ], [ -160.118745761963027, 21.966852353603674 ], [ -160.118432520856459, 21.967509673383212 ], [ -160.118383623182979, 21.967758420136725 ], [ -160.118389972206302, 21.968182801851512 ], [ -160.118297852809576, 21.968400301231011 ], [ -160.117904043681364, 21.968895742812169 ], [ -160.117609320274937, 21.969367783798347 ], [ -160.117394076210132, 21.969631460166632 ], [ -160.117252816679013, 21.969912582061692 ], [ -160.117222352398471, 21.970274056757525 ], [ -160.117007136652916, 21.970619008279844 ], [ -160.11686566265621, 21.970873040296656 ], [ -160.116847353783896, 21.971008650736682 ], [ -160.116779552472849, 21.971162734144187 ], [ -160.116632358206374, 21.971227173080031 ], [ -160.116386498324601, 21.971369191090606 ], [ -160.116213982454525, 21.971524139943874 ], [ -160.116097258390539, 21.971692164494574 ], [ -160.115894366612793, 21.971910570212447 ], [ -160.115660892984863, 21.97208859576924 ], [ -160.115581024715937, 21.972170529111658 ], [ -160.115365567939421, 21.97233034433745 ], [ -160.115236489310035, 21.97246686712904 ], [ -160.115120045358395, 21.972671008106925 ], [ -160.115089199428752, 21.972829288755769 ], [ -160.114984536952846, 21.973069453232331 ], [ -160.114751329923308, 21.973437104007928 ], [ -160.114640543355591, 21.973668289162841 ], [ -160.114529884863884, 21.974071041226026 ], [ -160.11441300958856, 21.974297761743827 ], [ -160.114296239642243, 21.974538026086293 ], [ -160.114223156281554, 21.974791472473875 ], [ -160.113921927052246, 21.975286107824019 ], [ -160.113896949426078, 21.975498519677167 ], [ -160.113909359701694, 21.975692560490746 ], [ -160.113885553282159, 21.976365491225231 ], [ -160.113829983033412, 21.977079319194761 ], [ -160.113855014291204, 21.977494489449164 ], [ -160.113965801240965, 21.977728348210324 ], [ -160.113978112728319, 21.977832090410502 ], [ -160.113898115262486, 21.978130744013235 ], [ -160.113842958280514, 21.978587215127753 ], [ -160.113787871463956, 21.979052716379162 ], [ -160.113713926885652, 21.97935131977443 ], [ -160.113640596194813, 21.979961451318662 ], [ -160.113591865099693, 21.98062104331273 ], [ -160.11354848011473, 21.980802003856891 ], [ -160.113505482399688, 21.981032625325557 ], [ -160.113506166857832, 21.981353182727204 ], [ -160.113530939786386, 21.981890259658371 ], [ -160.113555571152006, 21.982409278031586 ], [ -160.113598747714917, 21.982589517437546 ], [ -160.113629805332153, 21.982923368081337 ], [ -160.113592988164953, 21.983325507157506 ], [ -160.11349472907952, 21.983534013276138 ], [ -160.113371756827434, 21.98375627047654 ], [ -160.113045630740601, 21.984088576081401 ], [ -160.112824416389145, 21.984289074899841 ], [ -160.112529266174249, 21.984634667090297 ], [ -160.112283611359288, 21.984961788814179 ], [ -160.111938932730197, 21.985244582569326 ], [ -160.111668506812237, 21.985422914047923 ], [ -160.111268958818755, 21.985656498659786 ], [ -160.111121309821385, 21.985820264266295 ], [ -160.111047239660337, 21.985870545051156 ], [ -160.110973449623089, 21.985956941961007 ], [ -160.110592527168336, 21.986483845548957 ], [ -160.11046324789524, 21.986674548376246 ], [ -160.11031619505394, 21.986915064770194 ], [ -160.110242317359791, 21.987145942319589 ], [ -160.110107003342961, 21.987494720622745 ], [ -160.110057892603493, 21.987874388690273 ], [ -160.110088714427803, 21.988023127478769 ], [ -160.110193459277866, 21.988180282858021 ], [ -160.110303906356961, 21.98829224094062 ], [ -160.110470264505125, 21.98835406932184 ], [ -160.110568789074506, 21.988411945746584 ], [ -160.110673605016046, 21.988578129136027 ], [ -160.110919452939498, 21.988896651637408 ], [ -160.111030553535215, 21.989247897270715 ], [ -160.111097928258715, 21.989581447230123 ], [ -160.111092070468288, 21.989762095154934 ], [ -160.110944633210352, 21.990264485144934 ], [ -160.11091978241825, 21.990571710482577 ], [ -160.111012344437853, 21.99079669147881 ], [ -160.111049248871552, 21.991026649160375 ], [ -160.1110432152702, 21.991184723913982 ], [ -160.111043536108525, 21.991536890375556 ], [ -160.110957699091813, 21.991709173966665 ], [ -160.110865476565891, 21.991994385070466 ], [ -160.110638021794585, 21.992483894887073 ], [ -160.110152080755086, 21.993210332700819 ], [ -160.109924470806192, 21.993447003799961 ], [ -160.109494479618661, 21.993739536417451 ], [ -160.109297688497577, 21.9938134106179 ], [ -160.109033138782877, 21.993815607838798 ], [ -160.108897560815279, 21.993898004369132 ], [ -160.108461083519302, 21.993901627575219 ], [ -160.108202561145362, 21.993822503353748 ], [ -160.10801179686635, 21.993815056841392 ], [ -160.107643147486243, 21.993899386135737 ], [ -160.107427473529555, 21.994036625429754 ], [ -160.107347940096361, 21.994163705193255 ], [ -160.107194039713619, 21.994381702654159 ], [ -160.10702799577939, 21.994595285139187 ], [ -160.106874359340935, 21.994691374547756 ], [ -160.106788025085621, 21.994800451315953 ], [ -160.106406883851633, 21.995069997186356 ], [ -160.106284201767892, 21.995098104527205 ], [ -160.106062611115419, 21.995253451439538 ], [ -160.105859590350121, 21.995539580612906 ], [ -160.105638428941916, 21.9956723488345 ], [ -160.105453531222793, 21.995719031101544 ], [ -160.105133981219893, 21.99581197969184 ], [ -160.104967873421884, 21.995939775392159 ], [ -160.104875798075568, 21.996089534571297 ], [ -160.104820266876231, 21.996189325240639 ], [ -160.104814596939178, 21.996239036951877 ], [ -160.104906768915612, 21.996414359599001 ], [ -160.104918446626328, 21.996436838118974 ], [ -160.105020865108912, 21.996684297970877 ], [ -160.105002366823015, 21.996797318755249 ], [ -160.104929034075496, 21.996865646079208 ], [ -160.104830694600338, 21.996988358217287 ], [ -160.104731864476719, 21.997047867223404 ], [ -160.104547697005756, 21.996954583521546 ], [ -160.104399862785357, 21.996784249744508 ], [ -160.104276805540849, 21.996685945385696 ], [ -160.104098575330909, 21.996655817631677 ], [ -160.104042984785337, 21.996669822283899 ], [ -160.103846151591597, 21.996739171951976 ], [ -160.103612365891621, 21.996962327182953 ], [ -160.103465035219529, 21.997013207932753 ], [ -160.103274336488823, 21.997014785353716 ], [ -160.103163701299138, 21.996957009654174 ], [ -160.103108307820349, 21.996840085884841 ], [ -160.103015672078072, 21.996682837424558 ], [ -160.102941965388766, 21.99662475538809 ], [ -160.102800735355288, 21.996603350222024 ], [ -160.102597824204366, 21.996591484206522 ], [ -160.102480647474181, 21.996470555514723 ], [ -160.102450098252319, 21.996434689752448 ], [ -160.102249459888355, 21.996246717102835 ], [ -160.102071243890833, 21.996139829638487 ], [ -160.101948175264141, 21.996118270967212 ], [ -160.101547842586513, 21.995864222069748 ], [ -160.101462203971295, 21.995828809194105 ], [ -160.101332733508258, 21.995762152419232 ], [ -160.101086458697409, 21.995700976167232 ], [ -160.10087139805637, 21.995526664843581 ], [ -160.100557403570662, 21.995398321225689 ], [ -160.100360618388947, 21.995395430180643 ], [ -160.100114991691129, 21.99549678905883 ], [ -160.099930488576035, 21.995516371438534 ], [ -160.099831622491308, 21.99557136832053 ], [ -160.0995734217218, 21.995690890106886 ], [ -160.099296649194088, 21.995914410672938 ], [ -160.099100322318264, 21.996128238214116 ], [ -160.098724784450951, 21.996420299129909 ], [ -160.098679554114995, 21.996443246973151 ], [ -160.098562525940025, 21.996498389176214 ], [ -160.098273294258632, 21.996676848196017 ], [ -160.098051851121284, 21.996931498321512 ], [ -160.097935119440336, 21.99710402042453 ], [ -160.097843119905974, 21.997186043202603 ], [ -160.097596993123943, 21.997458955434396 ], [ -160.097443485814409, 21.99757308862522 ], [ -160.097055818065314, 21.997941974600888 ], [ -160.096852841018006, 21.998079086642107 ], [ -160.096373457333669, 21.998331340336797 ], [ -160.096262414717927, 21.998535417514432 ], [ -160.096262869543523, 21.998752121443182 ], [ -160.096232102307596, 21.998923934966662 ], [ -160.096139738118239, 21.999037562532795 ], [ -160.096022532354851, 21.999070129804551 ], [ -160.095813945627924, 21.999107962520544 ], [ -160.095616915434249, 21.999231480605555 ], [ -160.095291021856042, 21.999446352790574 ], [ -160.095204537020805, 21.999537358967167 ], [ -160.095057113965368, 21.999655953445281 ], [ -160.094633072997595, 21.999862601727209 ], [ -160.094393005713584, 22.000058707890204 ], [ -160.094122217991668, 22.000354391225677 ], [ -160.093790075832288, 22.000623489856679 ], [ -160.09349496562885, 22.000905827744209 ], [ -160.093322977888306, 22.001137492701883 ], [ -160.093095135671547, 22.00142830819097 ], [ -160.092960388387866, 22.001542283439843 ], [ -160.092794106953022, 22.00172875290556 ], [ -160.092646247089732, 22.00202794078362 ], [ -160.092566245175561, 22.002254335341128 ], [ -160.092498784263796, 22.002458053835131 ], [ -160.092425459624309, 22.002607642731228 ], [ -160.092339454454844, 22.003077884371645 ], [ -160.092277804743759, 22.003249950866316 ], [ -160.092253223787651, 22.003597790248428 ], [ -160.092529780669338, 22.003974760519942 ], [ -160.092585168661259, 22.004249707005773 ], [ -160.092585410773125, 22.004439324935174 ], [ -160.092493403362141, 22.004679362149037 ], [ -160.092419315772247, 22.004729633282754 ], [ -160.092056819875182, 22.00483193277924 ], [ -160.091988959900846, 22.004904726712162 ], [ -160.091945974488709, 22.004905078934183 ], [ -160.091841338983272, 22.004919482087818 ], [ -160.091693908645226, 22.004880059300408 ], [ -160.091509027389606, 22.004931238418155 ], [ -160.091392041880454, 22.004914138304624 ], [ -160.091367651123335, 22.004891765095209 ], [ -160.091380108373301, 22.004620776660179 ], [ -160.091355373087225, 22.004553257830157 ], [ -160.091146034934582, 22.004415016747544 ], [ -160.090967538931864, 22.004272007412755 ], [ -160.090875410863475, 22.004259218455736 ], [ -160.090739967490094, 22.004282902596866 ], [ -160.090604541185854, 22.004387852587246 ], [ -160.090586014556038, 22.004419607994215 ], [ -160.090617147530367, 22.004690239640233 ], [ -160.090562034793834, 22.004767442321352 ], [ -160.090389729507223, 22.004800458039998 ], [ -160.090309536538115, 22.004764996925545 ], [ -160.090161657996674, 22.004666884053385 ], [ -160.090026613385248, 22.004663475673858 ], [ -160.089909937848972, 22.00468700637267 ], [ -160.089823794569668, 22.004665138249123 ], [ -160.089749917136601, 22.004584477011441 ], [ -160.089522157003671, 22.004491532172842 ], [ -160.089429943449488, 22.004388448013103 ], [ -160.089239253046912, 22.004313258177042 ], [ -160.089079351939858, 22.004305537183409 ], [ -160.08878992738488, 22.004145374257305 ], [ -160.088568601634137, 22.004102038207023 ], [ -160.088353055285069, 22.00402253628285 ], [ -160.088187449029164, 22.003901991891752 ], [ -160.088020997486211, 22.00374985054032 ], [ -160.087972080579021, 22.003687043511405 ], [ -160.087934697523934, 22.003231354955332 ], [ -160.087928821056806, 22.003095960019245 ], [ -160.087866950057332, 22.003001654564709 ], [ -160.087743965950693, 22.002912365137473 ], [ -160.087682818303961, 22.002912864705621 ], [ -160.087522362185041, 22.002990928656249 ], [ -160.087356614228838, 22.003010343056822 ], [ -160.087215275289026, 22.002975379773982 ], [ -160.087073504075335, 22.002962994569806 ], [ -160.086999834582343, 22.002909419032303 ], [ -160.086962662745663, 22.002878119049555 ], [ -160.086944232012854, 22.002684133602095 ], [ -160.087233229451812, 22.002550842407679 ], [ -160.087356273454532, 22.002409877141019 ], [ -160.08735667823683, 22.002224767710697 ], [ -160.087208575603569, 22.001779012578712 ], [ -160.087128976377983, 22.001662278803821 ], [ -160.086993452807377, 22.001595664379742 ], [ -160.086870250069268, 22.001398019267285 ], [ -160.086876778217515, 22.001221889048484 ], [ -160.086907572084897, 22.001131341116611 ], [ -160.08688270193565, 22.00104576283249 ], [ -160.086845461821554, 22.001005434378559 ], [ -160.086851625454244, 22.00086090988178 ], [ -160.086802938007168, 22.000748438043047 ], [ -160.086765848955082, 22.000410130448063 ], [ -160.086624141219687, 22.000167488632428 ], [ -160.086568602374683, 22.000109249798523 ], [ -160.08645796997871, 22.000051460868708 ], [ -160.08629795060051, 21.999709642290764 ], [ -160.086230530657303, 21.999601837215167 ], [ -160.085873424325911, 21.999297745204675 ], [ -160.085492164007206, 21.999160897507245 ], [ -160.085332152644355, 21.999058361576736 ], [ -160.085221212384425, 21.998959940682767 ], [ -160.084514358568811, 21.998681271499915 ], [ -160.08441554107921, 21.998664018041421 ], [ -160.084169484534783, 21.998711171383682 ], [ -160.083997527820998, 21.998789325018283 ], [ -160.083905004236016, 21.998803623961191 ], [ -160.083621856058102, 21.998670485549756 ], [ -160.083493030327901, 21.998608327851866 ], [ -160.08328378967542, 21.998560368775326 ], [ -160.082939428146602, 21.998418698534387 ], [ -160.082773536975594, 21.99833878233483 ], [ -160.082551616380073, 21.998295440783529 ], [ -160.082133683718581, 21.998271752785719 ], [ -160.082059961106552, 21.998290412614651 ], [ -160.081518228885045, 21.998308363570729 ], [ -160.080971262899993, 21.998434711964141 ], [ -160.080558651754245, 21.998474185297187 ], [ -160.080423851287179, 21.998502369653934 ], [ -160.079882357079242, 21.998551917947793 ], [ -160.079587295625004, 21.998603977908658 ], [ -160.079451890405466, 21.998632167264056 ], [ -160.079088759623403, 21.998729928124988 ], [ -160.07896599878859, 21.998748984218061 ], [ -160.078848926329755, 21.998799598051576 ], [ -160.078627688794995, 21.998846541932526 ], [ -160.078159966916729, 21.999044476302647 ], [ -160.077926279946951, 21.999046371988218 ], [ -160.077556973642345, 21.99896810079105 ], [ -160.077421831928689, 21.998951136865887 ], [ -160.077231290994177, 21.998893989356912 ], [ -160.077083640020817, 21.998904215684998 ], [ -160.076800941527438, 21.998829755127112 ], [ -160.076567118489891, 21.998813590155944 ], [ -160.076456097867521, 21.998864153549832 ], [ -160.076406761535537, 21.998905187362816 ], [ -160.076345631149849, 21.999068218044066 ], [ -160.076185300993501, 21.999083061560817 ], [ -160.076049953947944, 21.999039009349378 ], [ -160.075939183409872, 21.998881886225625 ], [ -160.075933462542849, 21.998845813584119 ], [ -160.075816509876745, 21.998751948572529 ], [ -160.075465801777057, 21.99865094627474 ], [ -160.075281323939322, 21.998675014088541 ], [ -160.075219905576091, 21.998639392410752 ], [ -160.075146038403744, 21.998558723174998 ], [ -160.075035446493587, 21.998505439156762 ], [ -160.074820092559634, 21.998529756717954 ], [ -160.074567577334733, 21.99860403833171 ], [ -160.074469175758537, 21.998722221381431 ], [ -160.074408009189995, 21.998880737653696 ], [ -160.074278696988785, 21.998994655171636 ], [ -160.074093952097343, 21.999063873350995 ], [ -160.073251712224732, 21.999296428900362 ], [ -160.072802600940975, 21.999313603217374 ], [ -160.072543955701093, 21.999297633739896 ], [ -160.072328973390711, 21.999371609600463 ], [ -160.072193707030664, 21.999499119121776 ], [ -160.072052312295597, 21.999536379538849 ], [ -160.07190469400291, 21.999551115927385 ], [ -160.071756509512369, 21.999651639983203 ], [ -160.071486414945269, 21.999965348020417 ], [ -160.07144929645338, 22.000182362896513 ], [ -160.071375518693543, 22.000435792516726 ], [ -160.071301866230272, 22.000544745230449 ], [ -160.071197270110673, 22.000644917209822 ], [ -160.07112971609007, 22.00092087066194 ], [ -160.071031115499721, 22.001174501119184 ], [ -160.070797103683049, 22.001456313002215 ], [ -160.070717430257389, 22.001569828727959 ], [ -160.070477490550104, 22.001707211859614 ], [ -160.070206770584718, 22.001777118932416 ], [ -160.069905452957613, 22.0020459289372 ], [ -160.069733310258613, 22.002020227259177 ], [ -160.069585316591798, 22.001985301034562 ], [ -160.069437898570158, 22.002027124325604 ], [ -160.069062631043295, 22.001881156624439 ], [ -160.06896455254244, 22.001881946871784 ], [ -160.068872025063598, 22.001896237467982 ], [ -160.068773878873259, 22.001887998228849 ], [ -160.068638302431538, 22.001974873726322 ], [ -160.068558322505964, 22.002047757199744 ], [ -160.068496569436064, 22.002048254447971 ], [ -160.068453411932978, 22.001944758734904 ], [ -160.068447716209391, 22.001669394626031 ], [ -160.068410612787972, 22.001565850412337 ], [ -160.068262853250303, 22.001481257454348 ], [ -160.068103290380776, 22.0014373925729 ], [ -160.068022864477484, 22.001289048198711 ], [ -160.067961542689829, 22.001104430284663 ], [ -160.067838372287326, 22.001069301923994 ], [ -160.067629201933016, 22.001111620536829 ], [ -160.067536947105765, 22.001243295315824 ], [ -160.067475430922286, 22.001275394986653 ], [ -160.067328111465883, 22.001249491201843 ], [ -160.067174028681251, 22.001128828143244 ], [ -160.067167969336538, 22.000966338976419 ], [ -160.067081828593473, 22.000863189407703 ], [ -160.066989434028869, 22.000814268426431 ], [ -160.066934166701287, 22.000629600735561 ], [ -160.066743586931835, 22.000324118477042 ], [ -160.066337815411515, 21.999984245797933 ], [ -160.066153027014224, 21.999886402871866 ], [ -160.065894883179908, 21.999775603809447 ], [ -160.065667143021017, 21.999601351023614 ], [ -160.065427128809802, 21.999485891368092 ], [ -160.065328915309266, 21.999387351296079 ], [ -160.065187616105362, 21.999194343803474 ], [ -160.064947736379366, 21.999015671948253 ], [ -160.064695245647755, 21.998931915538957 ], [ -160.064436970929989, 21.998884323707021 ], [ -160.064190669246585, 21.99881857604835 ], [ -160.063803139884982, 21.998731386398617 ], [ -160.063588220061803, 21.998733110988734 ], [ -160.063495625629969, 21.998738368207089 ], [ -160.063268463443762, 21.998884668903777 ], [ -160.063015874129775, 21.998868634225765 ], [ -160.062887055915496, 21.998968996019801 ], [ -160.062825371346747, 21.99897852047329 ], [ -160.062634801784583, 21.998916838361929 ], [ -160.062530268654967, 21.998863496566099 ], [ -160.062407135042179, 21.99875160930166 ], [ -160.062259650794942, 21.998703126421745 ], [ -160.062001243244453, 21.998474934028632 ], [ -160.061828702594255, 21.998395046524934 ], [ -160.061638066494453, 21.998405603207289 ], [ -160.061540058856451, 21.998334148003561 ], [ -160.061490281026352, 21.998235217909883 ], [ -160.061502625932661, 21.998104184647108 ], [ -160.061589166393986, 21.997936437979146 ], [ -160.061742839714299, 21.997840393263004 ], [ -160.0618229558618, 21.997704302423962 ], [ -160.061822923909546, 21.997374710099358 ], [ -160.061755321523918, 21.99723980233124 ], [ -160.061724312018583, 21.997221990383746 ], [ -160.061662696858804, 21.996996735531408 ], [ -160.061613562020057, 21.996658506150403 ], [ -160.061539771117793, 21.996505587684101 ], [ -160.061468570738384, 21.996375213449387 ], [ -160.061364006946434, 21.996236074929691 ], [ -160.061203744692818, 21.996178658292205 ], [ -160.061007397174848, 21.995990585660859 ], [ -160.060834624038449, 21.995960360770201 ] ] ], [ [ [ -160.09859196910989, 22.014697009358198 ], [ -160.099298898980123, 22.014736310697149 ], [ -160.099570066216842, 22.014801787481201 ], [ -160.099754756182421, 22.014881524176438 ], [ -160.100049641627692, 22.014960349467362 ], [ -160.100142125726165, 22.015018274738598 ], [ -160.100308360292331, 22.015138796459411 ], [ -160.100480475253732, 22.015236695155632 ], [ -160.100843140417453, 22.015310441502933 ], [ -160.101200215456714, 22.015366175069964 ], [ -160.101421957951686, 22.015382396761414 ], [ -160.101587565826293, 22.015421657393588 ], [ -160.101698646041456, 22.015456854438284 ], [ -160.101889078224303, 22.015495908146406 ], [ -160.102221842745024, 22.015696311046675 ], [ -160.102295476760588, 22.0158221118682 ], [ -160.102424920556501, 22.015960994228703 ], [ -160.102486341193128, 22.016073352385483 ], [ -160.102486282885508, 22.01622233783624 ], [ -160.102393901581195, 22.016412721697638 ], [ -160.102400398348237, 22.016548108528806 ], [ -160.102332526805526, 22.016697656692667 ], [ -160.10222769766213, 22.016766246379682 ], [ -160.102037554088014, 22.016921323079892 ], [ -160.101982036361647, 22.017102371304993 ], [ -160.101858843712307, 22.017302039663186 ], [ -160.101846571042302, 22.017437582519403 ], [ -160.101767134973215, 22.017736211343603 ], [ -160.101625254341997, 22.017868313847487 ], [ -160.101521156891636, 22.018031705803953 ], [ -160.101508883869258, 22.018167248638925 ], [ -160.101558250936591, 22.018600251510453 ], [ -160.101484007357698, 22.01894398398646 ], [ -160.10141666947996, 22.019084498489391 ], [ -160.101404209629862, 22.019274219105714 ], [ -160.101386065864261, 22.019590398582928 ], [ -160.101293750884196, 22.019789811154002 ], [ -160.101244891345118, 22.01997080355358 ], [ -160.101251060160592, 22.020377076210099 ], [ -160.10112785153936, 22.020653494128329 ], [ -160.101159021702216, 22.020847368637348 ], [ -160.101214410655075, 22.021041041536062 ], [ -160.101201683581564, 22.021117896877843 ], [ -160.101208062713738, 22.021316490760459 ], [ -160.101189560092166, 22.021429511935796 ], [ -160.101134526084337, 22.021908488703762 ], [ -160.101208706731796, 22.022652740841885 ], [ -160.101189703125755, 22.022779300018421 ], [ -160.101183971872388, 22.023212724520359 ], [ -160.101202416313669, 22.023248686927591 ], [ -160.101356341650472, 22.023342211509007 ], [ -160.101399145816174, 22.023396028040242 ], [ -160.101411685814526, 22.023608097916153 ], [ -160.101497888773707, 22.023792471419885 ], [ -160.101516413969279, 22.023995463185308 ], [ -160.101553477776804, 22.024089956509215 ], [ -160.101584055900048, 22.024207075855415 ], [ -160.101614750809603, 22.024260993599274 ], [ -160.101627430908366, 22.024491119209483 ], [ -160.101572002780614, 22.024762440354611 ], [ -160.101572188104853, 22.02517775828861 ], [ -160.101547385145608, 22.025259221419308 ], [ -160.101571884817815, 22.025295133116163 ], [ -160.101781124279057, 22.025415284099822 ], [ -160.101787272987792, 22.025505520054267 ], [ -160.101750394324, 22.025591598245455 ], [ -160.101596977957485, 22.025642529053606 ], [ -160.101517213314622, 22.025742506965805 ], [ -160.101498709493256, 22.025855519103452 ], [ -160.101541572338988, 22.025995107540055 ], [ -160.10157224369803, 22.026202512555223 ], [ -160.101566060119097, 22.026342508425429 ], [ -160.101486527449083, 22.026550828728688 ], [ -160.101222135782905, 22.026972856498688 ], [ -160.101135673872278, 22.027068375242607 ], [ -160.100674773840808, 22.027686149037802 ], [ -160.100471525119303, 22.027949667139353 ], [ -160.100262347553752, 22.028308035961182 ], [ -160.100108880133547, 22.028431195436852 ], [ -160.100047290663753, 22.028454278159757 ], [ -160.099862918447599, 22.028496436184081 ], [ -160.099764508961528, 22.028456623007852 ], [ -160.099714764425158, 22.028366748279332 ], [ -160.099690172039914, 22.028240550589707 ], [ -160.099721000535396, 22.027919775961273 ], [ -160.0998746356384, 22.027426437872258 ], [ -160.100114695115309, 22.027067814275174 ], [ -160.100262387310892, 22.026746071398339 ], [ -160.100317352554072, 22.026492812291739 ], [ -160.100304943647672, 22.02614079617128 ], [ -160.100403401090091, 22.025873632606025 ], [ -160.100471163385691, 22.025552552845685 ], [ -160.100532138109884, 22.025136727358035 ], [ -160.100434003155897, 22.024740278411063 ], [ -160.100353554574127, 22.024438483828185 ], [ -160.100304672498282, 22.024303458411659 ], [ -160.100070787157335, 22.023971334743205 ], [ -160.099984621722228, 22.023791475041801 ], [ -160.099824388103968, 22.023508398920043 ], [ -160.099412255657398, 22.023069406514058 ], [ -160.099171840241667, 22.02283213640774 ], [ -160.098987772496912, 22.02259891433695 ], [ -160.098895248009114, 22.022536478543273 ], [ -160.098710645266294, 22.022312289439697 ], [ -160.098482995773622, 22.022002682143661 ], [ -160.098206170993251, 22.021833427202058 ], [ -160.097547597329964, 22.021473211435023 ], [ -160.097073848238693, 22.021287511990877 ], [ -160.096015705659028, 22.02101633590414 ], [ -160.095548312643984, 22.0209479570035 ], [ -160.095369378378933, 22.020908800312643 ], [ -160.094969766565754, 22.020835346081785 ], [ -160.094378940398656, 22.020858275630484 ], [ -160.094237427437577, 22.020882016320598 ], [ -160.093874838456088, 22.020898549043267 ], [ -160.093555189498176, 22.020986962780846 ], [ -160.093222721911332, 22.021219953541241 ], [ -160.093136620789636, 22.021283868917337 ], [ -160.092884318163357, 22.021389785899292 ], [ -160.092626186012637, 22.021446088634633 ], [ -160.092404227365876, 22.021560775396164 ], [ -160.092269097977407, 22.021706348092142 ], [ -160.092238408473577, 22.021810431732941 ], [ -160.092220209095842, 22.021964071307906 ], [ -160.092287645708751, 22.02207186126374 ], [ -160.092201647815898, 22.0223073180005 ], [ -160.092084681805972, 22.022452741489833 ], [ -160.092041898741314, 22.022480179988921 ], [ -160.091845127760536, 22.022721062181528 ], [ -160.091574207661864, 22.02324244687485 ], [ -160.091426999492938, 22.023550637471104 ], [ -160.091027275011555, 22.024411660810262 ], [ -160.090941083177455, 22.024701292167741 ], [ -160.090910165140883, 22.02517104370574 ], [ -160.090959764868899, 22.025400869778075 ], [ -160.091076231177084, 22.025585001569539 ], [ -160.091205915786617, 22.025755481646478 ], [ -160.091236554122759, 22.025881632521717 ], [ -160.091156659931613, 22.026202812552906 ], [ -160.091058374923108, 22.026257793695663 ], [ -160.090941475588806, 22.026254241551896 ], [ -160.090602868798982, 22.026162224717137 ], [ -160.090301701141414, 22.026056356497097 ], [ -160.09017862598634, 22.025958051576179 ], [ -160.090104303106159, 22.025899975632484 ], [ -160.089975518771695, 22.02584686176569 ], [ -160.08960610295992, 22.02560612113383 ], [ -160.089230876103386, 22.025397027779437 ], [ -160.088904818137365, 22.025124327164235 ], [ -160.088689032335367, 22.025017753777671 ], [ -160.088406175626375, 22.024771783812042 ], [ -160.088178543655573, 22.024462158821109 ], [ -160.088055751284202, 22.024241960445707 ], [ -160.087999962965768, 22.023994124820614 ], [ -160.087920300365283, 22.02379163075781 ], [ -160.087889389668874, 22.02362936553757 ], [ -160.087618625283767, 22.022904765849052 ], [ -160.087575447194183, 22.022801287991459 ], [ -160.087600124723735, 22.022543764534117 ], [ -160.087636700218894, 22.0224170600716 ], [ -160.087624299125366, 22.02229978722896 ], [ -160.087747210691873, 22.021901510510485 ], [ -160.087852300211466, 22.021548523366167 ], [ -160.08830702029789, 22.020592181324648 ], [ -160.08855957307631, 22.020201836985851 ], [ -160.088725087182951, 22.019911533340665 ], [ -160.088878817445078, 22.019743223944609 ], [ -160.088934402998404, 22.019647957283834 ], [ -160.089168249117051, 22.019424813886204 ], [ -160.089279022119001, 22.019261372266083 ], [ -160.089482021115288, 22.019042996237207 ], [ -160.089610751120063, 22.018852318673638 ], [ -160.09008449154183, 22.018405980489085 ], [ -160.090490448524491, 22.017964712624153 ], [ -160.090902804161885, 22.017568540036557 ], [ -160.091099708216603, 22.017345698662698 ], [ -160.09148697621859, 22.016994878399718 ], [ -160.091757418775671, 22.016807549877491 ], [ -160.092015664124659, 22.016688042475263 ], [ -160.09218173828458, 22.016551233971878 ], [ -160.092262180427099, 22.016460277552657 ], [ -160.092661794420792, 22.016140957523678 ], [ -160.093098322943177, 22.015740067549622 ], [ -160.093326291903821, 22.015620807969686 ], [ -160.093609238509657, 22.015564301855726 ], [ -160.093848867104327, 22.015544270196123 ], [ -160.094015129818303, 22.015511298023604 ], [ -160.094426985663631, 22.015209933588714 ], [ -160.094673236834126, 22.015027315710281 ], [ -160.094888487993643, 22.014908158843571 ], [ -160.095257305077524, 22.014837398896461 ], [ -160.095417755064489, 22.014836076409765 ], [ -160.095608150346266, 22.014870625595663 ], [ -160.0959342021292, 22.014750555072318 ], [ -160.09664194696083, 22.014816954374066 ], [ -160.096918522283858, 22.014719863182794 ], [ -160.096998598129915, 22.014660511097681 ], [ -160.097109224961287, 22.014637024659407 ], [ -160.097306330384697, 22.014599280007467 ], [ -160.097638369928632, 22.014628139590638 ], [ -160.098117901447893, 22.014624177776202 ], [ -160.09859196910989, 22.014697009358198 ] ] ], [ [ [ -159.386084506700513, 22.222181852422167 ], [ -159.3858003045153, 22.222259006253648 ], [ -159.385712027937444, 22.222353872917438 ], [ -159.385599356244541, 22.22239916630263 ], [ -159.385516325850944, 22.222417346482466 ], [ -159.385398272005233, 22.222489710739133 ], [ -159.385273916685662, 22.222476388034409 ], [ -159.38518509476657, 22.222593807717999 ], [ -159.385126620136617, 22.222720196926105 ], [ -159.385055234924437, 22.222783462364124 ], [ -159.384806773828302, 22.222847022892513 ], [ -159.384570203716947, 22.222824865787047 ], [ -159.38452298865522, 22.222856517490005 ], [ -159.384469971266412, 22.22298289808619 ], [ -159.384375505066004, 22.223032670118638 ], [ -159.384292448585114, 22.223041829116493 ], [ -159.384173836281917, 22.223132235059715 ], [ -159.384055681916493, 22.223168515189315 ], [ -159.384056004147396, 22.223285785249651 ], [ -159.384014333703306, 22.223349000870531 ], [ -159.38387263941712, 22.223425913424126 ], [ -159.383760017292701, 22.223489247580943 ], [ -159.383707159476245, 22.223674262962522 ], [ -159.383263559778158, 22.224008770769164 ], [ -159.383180849639103, 22.224144220734601 ], [ -159.383115404473131, 22.224383381175453 ], [ -159.382979945540598, 22.224523428964041 ], [ -159.382778311323847, 22.224636523499324 ], [ -159.382595278885162, 22.224677420801278 ], [ -159.382441181579196, 22.224655123587862 ], [ -159.382287395402898, 22.224524575301562 ], [ -159.382204908386683, 22.2242991902617 ], [ -159.38205106075884, 22.224146089870803 ], [ -159.381991395287088, 22.224060490219102 ], [ -159.38195022132507, 22.223862099714573 ], [ -159.381979864775246, 22.223613977843019 ], [ -159.382038961258274, 22.22349209904603 ], [ -159.382239667295664, 22.223261734959841 ], [ -159.382364233373181, 22.223130727672245 ], [ -159.382500322510197, 22.222999699524827 ], [ -159.382636040438001, 22.222733360045503 ], [ -159.38281949199785, 22.222403795389141 ], [ -159.382919726542781, 22.222024753768704 ], [ -159.38306742208303, 22.221925278607159 ], [ -159.383209511506806, 22.221771689145747 ], [ -159.383263000239879, 22.221595690313453 ], [ -159.383268842047045, 22.221293454398811 ], [ -159.383322170176768, 22.22105880242032 ], [ -159.383374990751861, 22.220860237737408 ], [ -159.383599923430239, 22.220620788840215 ], [ -159.383966435189564, 22.220484854397828 ], [ -159.384031235000521, 22.220453170388815 ], [ -159.384250078544653, 22.220425740936314 ], [ -159.384386435657177, 22.220393937481919 ], [ -159.384487113833501, 22.22039828085434 ], [ -159.384617307233071, 22.220330400230523 ], [ -159.384930291727358, 22.220135911352173 ], [ -159.385102029568884, 22.219959701707062 ], [ -159.385285177190951, 22.2197428752085 ], [ -159.385403279064491, 22.219688546755592 ], [ -159.385480343210759, 22.219706461480051 ], [ -159.385504114564583, 22.219530498878171 ], [ -159.385320887382647, 22.219278198095537 ], [ -159.385137076250487, 22.218813888875076 ], [ -159.384823259117866, 22.218264090188693 ], [ -159.384687602704474, 22.21766888588046 ], [ -159.384663866424688, 22.217637349458052 ], [ -159.384290849928846, 22.217389875677974 ], [ -159.384089980367207, 22.217115049464713 ], [ -159.384007124725287, 22.216975351591177 ], [ -159.383770255894916, 22.216840421098084 ], [ -159.383687685783542, 22.216804471834564 ], [ -159.383604905281089, 22.216691839074969 ], [ -159.383551727689479, 22.216538558568409 ], [ -159.383492163644974, 22.216489038937947 ], [ -159.383279168597852, 22.216435263335264 ], [ -159.383143198043058, 22.216385870201698 ], [ -159.382782785562284, 22.216309785014374 ], [ -159.382333022558015, 22.216157162660153 ], [ -159.382226258929961, 22.216143807058483 ], [ -159.381635143919681, 22.21596886236393 ], [ -159.381327416618177, 22.215865621897528 ], [ -159.380996051090762, 22.215766930689735 ], [ -159.380694547936315, 22.215722319860916 ], [ -159.380440228667396, 22.215858063275494 ], [ -159.380286424831155, 22.215939511787173 ], [ -159.380037922951516, 22.215985029215787 ], [ -159.37981895083152, 22.215962834784971 ], [ -159.379375880466796, 22.216040245953891 ], [ -159.379002944120231, 22.216040856503163 ], [ -159.378068557519981, 22.21629499061261 ], [ -159.377619046859365, 22.216458112993163 ], [ -159.377104515564781, 22.216571720275951 ], [ -159.376672623965106, 22.216748344189927 ], [ -159.376607738886634, 22.216748449186049 ], [ -159.376442348839703, 22.216807358020439 ], [ -159.376241022017297, 22.216807684467266 ], [ -159.37609287714028, 22.216740262354062 ], [ -159.376081295197963, 22.216717726234052 ], [ -159.375998775140857, 22.216699816913678 ], [ -159.375933174530019, 22.216659326360876 ], [ -159.375749908101142, 22.216610002843602 ], [ -159.375690977152317, 22.216569501308985 ], [ -159.375536829677145, 22.216524642777678 ], [ -159.375134774076088, 22.21629523977461 ], [ -159.375052218408257, 22.216263797738534 ], [ -159.374697375811451, 22.216228283208519 ], [ -159.374519603960721, 22.21619248247141 ], [ -159.374040694451878, 22.216021842101796 ], [ -159.373632369279733, 22.215941303393855 ], [ -159.373501302449682, 22.215909937598305 ], [ -159.373366416242817, 22.215810916172501 ], [ -159.373212467163029, 22.215612686911513 ], [ -159.373106214730598, 22.215563238866196 ], [ -159.372863776058068, 22.215608735074493 ], [ -159.372597201019232, 22.215699376739348 ], [ -159.372319397910616, 22.215672756353641 ], [ -159.372200969026522, 22.215605283446973 ], [ -159.372035693257061, 22.215479233240394 ], [ -159.371834225550032, 22.215425410810852 ], [ -159.371538730373629, 22.215358200027019 ], [ -159.371373028126413, 22.215299811698852 ], [ -159.3711361382897, 22.215151315889159 ], [ -159.370734006744357, 22.214660250067872 ], [ -159.370550553150878, 22.214538737842268 ], [ -159.370225119886783, 22.214385864607927 ], [ -159.369965417144101, 22.21432310647576 ], [ -159.369710732271756, 22.214323492783194 ], [ -159.369385491262136, 22.214242790702006 ], [ -159.369101306968304, 22.214094363964389 ], [ -159.368687736085406, 22.213860425774953 ], [ -159.36846289602272, 22.213680333206529 ], [ -159.36822641628504, 22.213455148964101 ], [ -159.368089919806096, 22.213432800850065 ], [ -159.367900702991477, 22.213424063468999 ], [ -159.367717442448537, 22.21337471995178 ], [ -159.367546074039865, 22.213235142900785 ], [ -159.367504578643491, 22.213135967922771 ], [ -159.367457161261001, 22.213090931090068 ], [ -159.367309205168425, 22.212861101670377 ], [ -159.367061113278339, 22.212599847542926 ], [ -159.366711873756543, 22.212383852808426 ], [ -159.366386402692825, 22.212212928734075 ], [ -159.366238755577001, 22.212100379584975 ], [ -159.365534943812122, 22.21171350096424 ], [ -159.365031841297679, 22.211556372471943 ], [ -159.364890496000783, 22.211534027999754 ], [ -159.364635804369044, 22.211529895546686 ], [ -159.364399010360557, 22.211412965840744 ], [ -159.364150977597717, 22.211404312361907 ], [ -159.36363036688897, 22.211508831130768 ], [ -159.362814307885941, 22.211559653677636 ], [ -159.362631052436114, 22.21151030526665 ], [ -159.362471363280378, 22.211429345888394 ], [ -159.362098439062805, 22.211195332670535 ], [ -159.361779226071633, 22.211096564124368 ], [ -159.361637427524215, 22.211132858847648 ], [ -159.36117615892951, 22.211440268136563 ], [ -159.360862368101266, 22.211562517532261 ], [ -159.360471893961801, 22.211576620563442 ], [ -159.360182557422945, 22.211540955307338 ], [ -159.35966799827392, 22.211406381274017 ], [ -159.359259777361473, 22.211357355242278 ], [ -159.358739468321289, 22.211344577474275 ], [ -159.358023696860471, 22.211250885888461 ], [ -159.357792700703357, 22.211264751786601 ], [ -159.357473300220477, 22.211328363257024 ], [ -159.35699465192252, 22.211482417989277 ], [ -159.356751804028164, 22.211604558096177 ], [ -159.356515249468941, 22.21181690417755 ], [ -159.3563676953124, 22.211974993479782 ], [ -159.356066153018702, 22.212146834476894 ], [ -159.35584684918885, 22.212228342786997 ], [ -159.355728730403143, 22.212278130121053 ], [ -159.355705379561613, 22.212395443365114 ], [ -159.355551382782409, 22.212643756190456 ], [ -159.355303223639766, 22.212824541378271 ], [ -159.355007376037548, 22.213091098893397 ], [ -159.354901064306688, 22.213253638409483 ], [ -159.354759021130121, 22.213434271757563 ], [ -159.354386319915903, 22.213764087839571 ], [ -159.354315532547446, 22.213827339568983 ], [ -159.354338918487855, 22.21396262921176 ], [ -159.354404122571793, 22.214088837855048 ], [ -159.354421914097799, 22.214170006694939 ], [ -159.354397806259556, 22.214228681255545 ], [ -159.354320943311279, 22.214287430015645 ], [ -159.354161496293415, 22.214301189239542 ], [ -159.353907154314356, 22.214436872552128 ], [ -159.353617366206635, 22.214464347579977 ], [ -159.353522756939498, 22.214459970960668 ], [ -159.353285884888265, 22.214550521116486 ], [ -159.353149870772143, 22.214478540836634 ], [ -159.353067207051168, 22.214401974589727 ], [ -159.352866342888376, 22.214343618291082 ], [ -159.352458263008145, 22.214353215120052 ], [ -159.352375164235184, 22.214344311159241 ], [ -159.352150378609394, 22.214177728968352 ], [ -159.352037923130922, 22.214069628596661 ], [ -159.351931452118748, 22.213929944257732 ], [ -159.351825265390914, 22.213903028743687 ], [ -159.35166585321889, 22.213930316884067 ], [ -159.351517904486144, 22.213935035242127 ], [ -159.351499780834871, 22.213962125516272 ], [ -159.351517535997402, 22.214029762430183 ], [ -159.351429184000381, 22.214102057958669 ], [ -159.351056389179405, 22.214156709982987 ], [ -159.350944138417105, 22.214129802457411 ], [ -159.35080231050307, 22.214157065390005 ], [ -159.350819719800484, 22.214328450179082 ], [ -159.350772579287366, 22.214391666575867 ], [ -159.350559490716876, 22.214536308957584 ], [ -159.350335016352176, 22.214735095904256 ], [ -159.350270007868886, 22.214685568454328 ], [ -159.350204976070586, 22.214627019466466 ], [ -159.350133734776847, 22.214509838239927 ], [ -159.35012807373667, 22.214428652750453 ], [ -159.350175202386936, 22.214360924878626 ], [ -159.350163511852827, 22.214293280187249 ], [ -159.34995617835628, 22.214072541565621 ], [ -159.349997634844755, 22.213919117483744 ], [ -159.350127692895882, 22.213792635256578 ], [ -159.350127523073013, 22.213724973904107 ], [ -159.350080424464295, 22.213562651857064 ], [ -159.350127877517167, 22.21338215556964 ], [ -159.350092582304427, 22.213332585793982 ], [ -159.34996814846653, 22.21328314084656 ], [ -159.349773068689842, 22.213112004133045 ], [ -159.349642582355727, 22.213067078203256 ], [ -159.349477027526518, 22.213062797402639 ], [ -159.349406146979874, 22.213089960064586 ], [ -159.349429988316274, 22.213166610240663 ], [ -159.349518769203996, 22.213265723665266 ], [ -159.349495255661111, 22.213319885468788 ], [ -159.34939461677169, 22.213329047214554 ], [ -159.349281874159374, 22.213347246498806 ], [ -159.349151579429929, 22.213379003055966 ], [ -159.348927035261823, 22.213307142236953 ], [ -159.348590241718455, 22.213208372840565 ], [ -159.348465954271433, 22.213217565687053 ], [ -159.34829999425861, 22.213294478635959 ], [ -159.348134911420459, 22.213479648310027 ], [ -159.348069443491624, 22.213488760205024 ], [ -159.348028040477232, 22.213421156294373 ], [ -159.347986503050862, 22.213299423273597 ], [ -159.347945178955626, 22.213263393742668 ], [ -159.347785563682493, 22.21320948534143 ], [ -159.347750325878508, 22.213182468836422 ], [ -159.347750100653599, 22.21309225457404 ], [ -159.347815467390376, 22.213042545983736 ], [ -159.347767910754214, 22.212938863470256 ], [ -159.347779926564243, 22.212893739909266 ], [ -159.347921585077955, 22.212798818238891 ], [ -159.34795120856657, 22.212762691239298 ], [ -159.347975049001832, 22.212595759387387 ], [ -159.347909951424356, 22.212510144891652 ], [ -159.347898306620948, 22.212460543041828 ], [ -159.348069543285987, 22.21206786984758 ], [ -159.348087285202666, 22.211887415046462 ], [ -159.348010578420912, 22.211765731012086 ], [ -159.347927896819158, 22.211680140554076 ], [ -159.34765536213888, 22.21157225810121 ], [ -159.347484295070643, 22.211545429496276 ], [ -159.34722955815181, 22.211523226763457 ], [ -159.346952004070488, 22.211591252704601 ], [ -159.346744924166529, 22.211713313475336 ], [ -159.346608466686149, 22.211704469614681 ], [ -159.346490143670337, 22.211673048477799 ], [ -159.346431190775149, 22.211618996675416 ], [ -159.346407466675259, 22.211343870387505 ], [ -159.346295423032018, 22.211154564627755 ], [ -159.346046866692717, 22.210933860639578 ], [ -159.34560896636853, 22.210650251111701 ], [ -159.345455341483301, 22.210564745832084 ], [ -159.344994072016874, 22.210393933951107 ], [ -159.344337463237821, 22.210187286988894 ], [ -159.343758175818976, 22.210106839315458 ], [ -159.343343900652741, 22.210057753520015 ], [ -159.343243782236726, 22.210030816835694 ], [ -159.34310746753988, 22.209832518524543 ], [ -159.342912387606816, 22.20940875671279 ], [ -159.342894316461667, 22.209210306639019 ], [ -159.342770603662814, 22.208957861968539 ], [ -159.342675744496631, 22.208849725112479 ], [ -159.342593190186506, 22.208813744824432 ], [ -159.342113608013619, 22.208836911655066 ], [ -159.341895270391944, 22.208819146535991 ], [ -159.341741109834459, 22.208760703532644 ], [ -159.341646648575846, 22.208566861180977 ], [ -159.341658489360412, 22.20844956580633 ], [ -159.341629141069774, 22.208350366595145 ], [ -159.341617355936705, 22.208242123401995 ], [ -159.341463151503092, 22.208165636163137 ], [ -159.341197464026465, 22.208125377526382 ], [ -159.341055376580897, 22.208044364553384 ], [ -159.340818961382524, 22.207823636854226 ], [ -159.340694348529638, 22.207697493549833 ], [ -159.340652939867653, 22.207625374173322 ], [ -159.34031585897992, 22.207400262429303 ], [ -159.33977805522693, 22.206918290569011 ], [ -159.339458605563692, 22.206711198712057 ], [ -159.33934008126937, 22.206594067729938 ], [ -159.339133060619503, 22.206490581123099 ], [ -159.339032934678102, 22.206459131932114 ], [ -159.338654266996883, 22.206085213784455 ], [ -159.3381399077129, 22.205765594955725 ], [ -159.337921172851907, 22.205580927853713 ], [ -159.33765490275087, 22.205297081908558 ], [ -159.337388731717255, 22.205053833317969 ], [ -159.337028004177114, 22.204824233814726 ], [ -159.336974504253362, 22.204765660912152 ], [ -159.336921511908855, 22.204666489824643 ], [ -159.33688625677442, 22.204630447542545 ], [ -159.336696858516774, 22.204540468126531 ], [ -159.336277099564143, 22.204220725281662 ], [ -159.335892738652802, 22.203995663828572 ], [ -159.335561326117045, 22.203851729945608 ], [ -159.335336826183436, 22.203788856196464 ], [ -159.33525361578404, 22.203730319506064 ], [ -159.335177087071258, 22.203676284326061 ], [ -159.335094277805183, 22.203532042583642 ], [ -159.335011448451411, 22.203126175797752 ], [ -159.334999559910955, 22.202972824288985 ], [ -159.335017329261291, 22.202796883089913 ], [ -159.334851722977049, 22.202512909214967 ], [ -159.334851745831031, 22.202269328172768 ], [ -159.334834314810138, 22.202079898075247 ], [ -159.334756997060822, 22.201949180819472 ], [ -159.334650822475339, 22.201922247583422 ], [ -159.334343486553706, 22.20170159802802 ], [ -159.334224948392546, 22.201575442507536 ], [ -159.333876013409935, 22.2014540796498 ], [ -159.333692780736243, 22.20140468565701 ], [ -159.333231438016412, 22.20118422301756 ], [ -159.33302434461487, 22.201044643146126 ], [ -159.332782084489565, 22.200905105065779 ], [ -159.332592649371151, 22.200797077653924 ], [ -159.332385697136345, 22.200716136086491 ], [ -159.33185338548995, 22.200482223222107 ], [ -159.331765166809959, 22.200356029361835 ], [ -159.331522235123259, 22.199932312460074 ], [ -159.331256585285161, 22.199643945360201 ], [ -159.331167675727869, 22.199481665290893 ], [ -159.331019749308979, 22.198976639502707 ], [ -159.330996174963985, 22.198751129560698 ], [ -159.330937487010033, 22.198548216040603 ], [ -159.330960621859475, 22.198331671590655 ], [ -159.330990766573137, 22.198259462881218 ], [ -159.33113230475621, 22.198114948013195 ], [ -159.331280169841051, 22.197826080091527 ], [ -159.331381115721143, 22.197695145635617 ], [ -159.331593592839852, 22.197550543819919 ], [ -159.331694113944167, 22.197496292670738 ], [ -159.332191458655473, 22.197053634661465 ], [ -159.332362747004453, 22.196927124716002 ], [ -159.332634774261493, 22.196583971939639 ], [ -159.332717889085671, 22.196349292229723 ], [ -159.332859520220154, 22.196245363810636 ], [ -159.33307274984449, 22.196163903368788 ], [ -159.333285394183719, 22.196091465440496 ], [ -159.333522055022826, 22.19591975317724 ], [ -159.333622380463311, 22.195784296969734 ], [ -159.333853006189457, 22.195116368285099 ], [ -159.333835750027902, 22.194999101252304 ], [ -159.333882708620195, 22.194859198289649 ], [ -159.33384727352859, 22.19474646395927 ], [ -159.333770685324367, 22.194665357920869 ], [ -159.333398111730588, 22.194539503393568 ], [ -159.333262094974657, 22.194453958264528 ], [ -159.333179421827424, 22.194363837375047 ], [ -159.333090471875295, 22.19418350157957 ], [ -159.33300744609474, 22.193944514147802 ], [ -159.3329246023211, 22.193782215278969 ], [ -159.332694351694556, 22.193588518171012 ], [ -159.332327748537693, 22.193422054468599 ], [ -159.332156354163629, 22.193246329361529 ], [ -159.332120454377645, 22.193192239558286 ], [ -159.331972886966298, 22.193093174535534 ], [ -159.331617955097954, 22.192989850151076 ], [ -159.331375934410488, 22.19294503236312 ], [ -159.331038310705509, 22.192981530656333 ], [ -159.330547792605955, 22.193230235047611 ], [ -159.330257831550909, 22.193424562653945 ], [ -159.329944181246333, 22.193600874666046 ], [ -159.329696053439449, 22.193795150860339 ], [ -159.329524681280191, 22.193885578136097 ], [ -159.32916963026986, 22.193989759886712 ], [ -159.328974421066988, 22.193999015983191 ], [ -159.328608085409456, 22.193945321457214 ], [ -159.328335875908465, 22.193954668883496 ], [ -159.327839153986076, 22.193887594606661 ], [ -159.327247505021859, 22.193933409093283 ], [ -159.326993452631115, 22.193929198945842 ], [ -159.326916431439599, 22.193920267816413 ], [ -159.326550324672127, 22.193704168547512 ], [ -159.326059004752011, 22.193352883110531 ], [ -159.325893638708095, 22.193159100577713 ], [ -159.325775178657267, 22.193059996045132 ], [ -159.325704617486025, 22.192960834495914 ], [ -159.325467803054778, 22.192807735564994 ], [ -159.325243032275097, 22.192618533954867 ], [ -159.325125064262977, 22.192469805523618 ], [ -159.324794077113779, 22.19223110609698 ], [ -159.32458684770944, 22.192023838012126 ], [ -159.324267591397359, 22.191875345502542 ], [ -159.324054990273794, 22.191704172022256 ], [ -159.323830087734592, 22.191456323715979 ], [ -159.32348142834104, 22.191177042290963 ], [ -159.323274213699278, 22.190974283247886 ], [ -159.323079523762459, 22.190681288451895 ], [ -159.322931235183944, 22.190528083296268 ], [ -159.322718776419407, 22.190153908929826 ], [ -159.322618115771149, 22.189883359835321 ], [ -159.32254144295743, 22.189761648601102 ], [ -159.322050556616972, 22.18932462917342 ], [ -159.321814286551103, 22.18913992818106 ], [ -159.321559622886809, 22.188865026278126 ], [ -159.321110363111018, 22.18859935399826 ], [ -159.320844594878849, 22.188504905922962 ], [ -159.32066675812041, 22.18841938545841 ], [ -159.319886721426883, 22.18826233075573 ], [ -159.319147203209837, 22.188060118294882 ], [ -159.318360942610582, 22.187830885602523 ], [ -159.318290008462128, 22.187830960065146 ], [ -159.31817735292401, 22.187880701427794 ], [ -159.317988204954901, 22.187885411705203 ], [ -159.317911619365191, 22.187799781780463 ], [ -159.317846542277067, 22.187709628496012 ], [ -159.317739797419961, 22.187691696834968 ], [ -159.31756864285839, 22.187610677048301 ], [ -159.31747993186795, 22.187525058805306 ], [ -159.31743826544502, 22.187331125631331 ], [ -159.317473943348517, 22.18729048775872 ], [ -159.317420891211526, 22.187155210924018 ], [ -159.317042705884887, 22.186677430503948 ], [ -159.316906573965809, 22.186533218542337 ], [ -159.316699599884629, 22.186429680021774 ], [ -159.315718292374726, 22.18600214908043 ], [ -159.314961309207092, 22.18557438010216 ], [ -159.314790017122675, 22.185430201765449 ], [ -159.31422241730337, 22.184830811512242 ], [ -159.313921092756772, 22.184555944823888 ], [ -159.313607311560077, 22.184132223139766 ], [ -159.313406740356896, 22.183906874355355 ], [ -159.31317593704577, 22.183717644607068 ], [ -159.313075612029081, 22.183586925450538 ], [ -159.31296340547334, 22.183293818203719 ], [ -159.312951302076357, 22.18303218645033 ], [ -159.312898264919312, 22.182901418796202 ], [ -159.312501909262153, 22.182419135146088 ], [ -159.312425279138552, 22.182310946747801 ], [ -159.31237213307233, 22.182130556577789 ], [ -159.31223596047974, 22.181963784759681 ], [ -159.312218683151002, 22.181828469138143 ], [ -159.31224223935186, 22.181517178020794 ], [ -159.312130086998337, 22.181246625854108 ], [ -159.312088680821603, 22.181165468093663 ], [ -159.312065170828134, 22.180953469736945 ], [ -159.312053324127305, 22.180533948976795 ], [ -159.311864007844861, 22.180186786444651 ], [ -159.311798828692702, 22.180047008234933 ], [ -159.311687003214274, 22.179650144187526 ], [ -159.311515510972413, 22.179411229193033 ], [ -159.311403490921151, 22.179199321259318 ], [ -159.311308426443361, 22.178978372775262 ], [ -159.311302690053282, 22.178852067415214 ], [ -159.311308997312864, 22.17868966157468 ], [ -159.311243849213952, 22.178563416389483 ], [ -159.311184814368033, 22.1784597198928 ], [ -159.311196688217905, 22.178346930497014 ], [ -159.311237691873572, 22.178247645011446 ], [ -159.311232045941665, 22.178161939496221 ], [ -159.311172829629697, 22.177977044172284 ], [ -159.311161416784955, 22.177751499981522 ], [ -159.31117300069991, 22.177507888494702 ], [ -159.311255804411644, 22.177395025970274 ], [ -159.311510161924758, 22.177277479248861 ], [ -159.311569471745287, 22.177232308322687 ], [ -159.31175259402292, 22.177250166706859 ], [ -159.312125196724509, 22.177146032741515 ], [ -159.312290972445396, 22.176996996528946 ], [ -159.312438885634748, 22.17672166811489 ], [ -159.31251542406082, 22.176518589843223 ], [ -159.312474243535291, 22.176266009910734 ], [ -159.312379866378194, 22.176081150780256 ], [ -159.312397195265191, 22.17596835533671 ], [ -159.312521461743358, 22.175963717401757 ], [ -159.312740684590807, 22.175859737869864 ], [ -159.312905902816794, 22.175733257977729 ], [ -159.313018388893738, 22.175611343040721 ], [ -159.313154498041371, 22.175209714849281 ], [ -159.313160348646306, 22.17511497559774 ], [ -159.313201966237187, 22.17502019923618 ], [ -159.313266996839332, 22.174550976621287 ], [ -159.313249154239998, 22.174433706236954 ], [ -159.313279162208829, 22.174298342179434 ], [ -159.313515861935343, 22.173878566445929 ], [ -159.313556933694912, 22.173810856829984 ], [ -159.313663567479836, 22.173783680720987 ], [ -159.31375813763006, 22.173783583622388 ], [ -159.313811362934615, 22.173729395640439 ], [ -159.313805503475066, 22.173548957146942 ], [ -159.313752389127188, 22.173382100507478 ], [ -159.313829307936004, 22.173079777477625 ], [ -159.313870338294294, 22.172994023693793 ], [ -159.31386455987888, 22.172849674266196 ], [ -159.313983377281801, 22.172308218003362 ], [ -159.314012757863111, 22.172163832459944 ], [ -159.314007039451724, 22.172046549611483 ], [ -159.313912450954263, 22.171766958207854 ], [ -159.313811698825532, 22.171712928454816 ], [ -159.313551585191959, 22.171690640043291 ], [ -159.313173290196119, 22.171682005065968 ], [ -159.312764907505027, 22.171772645034583 ], [ -159.312315676228394, 22.171759570107252 ], [ -159.312079153678553, 22.171714699933279 ], [ -159.311854535872243, 22.17157056685889 ], [ -159.311358292869386, 22.171133458503526 ], [ -159.311281341147009, 22.170876383173916 ], [ -159.311216332447714, 22.170538089373466 ], [ -159.31119259068609, 22.170492998515304 ], [ -159.310908984235454, 22.170263200680598 ], [ -159.310802975146515, 22.170024200286541 ], [ -159.310696400820973, 22.169803245970552 ], [ -159.31064931406425, 22.169618323494586 ], [ -159.310678508236862, 22.169388208887732 ], [ -159.310702576398626, 22.169306978220032 ], [ -159.31068491695558, 22.169270904549514 ], [ -159.310507071883052, 22.169167320205979 ], [ -159.310336200740494, 22.168928385174333 ], [ -159.310264967273753, 22.168788601357754 ], [ -159.310058262401867, 22.168518121435852 ], [ -159.309987226339217, 22.168193367317134 ], [ -159.309993119346899, 22.168116666760415 ], [ -159.309443379678328, 22.167327711502104 ], [ -159.309272245266328, 22.166966965546294 ], [ -159.309230726637963, 22.166831662775753 ], [ -159.30887054297591, 22.166231998059384 ], [ -159.308852675585655, 22.166101183772298 ], [ -159.308906229289079, 22.16592067115581 ], [ -159.309030398498948, 22.165600232595924 ], [ -159.30901849348129, 22.165424297900362 ], [ -159.308935835373404, 22.165049928988907 ], [ -159.308858710807016, 22.164986845009064 ], [ -159.308752500802001, 22.164928301598806 ], [ -159.30864004983178, 22.164788558880247 ], [ -159.308675516979605, 22.164653179732934 ], [ -159.308852899002943, 22.164549238560447 ], [ -159.308929793808147, 22.164508558725522 ], [ -159.309012921114146, 22.164269367392748 ], [ -159.308995013476846, 22.164120507166881 ], [ -159.308941859181374, 22.163931078382223 ], [ -159.309036682088475, 22.163773082247786 ], [ -159.309485935728304, 22.163258325252567 ], [ -159.309563157480966, 22.163091323406569 ], [ -159.309568960725272, 22.162974020165269 ], [ -159.30951584559628, 22.162802637470534 ], [ -159.309285193312917, 22.162387812937585 ], [ -159.309125929841372, 22.162184956265669 ], [ -159.308901311977877, 22.16175659174495 ], [ -159.308629601538968, 22.161413990950116 ], [ -159.308387028258323, 22.161089406779166 ], [ -159.308008778000328, 22.160534872034514 ], [ -159.30780785503589, 22.160129039622035 ], [ -159.307648517773885, 22.159890089527508 ], [ -159.307163758147851, 22.159412353592195 ], [ -159.306826877821493, 22.159200647439036 ], [ -159.306531257035886, 22.159006945175165 ], [ -159.306188445784983, 22.158853892267405 ], [ -159.305916692402633, 22.158763930088107 ], [ -159.305780795855668, 22.158709925857256 ], [ -159.305632825763325, 22.158678490138971 ], [ -159.305561817509044, 22.158637956204949 ], [ -159.305402574327218, 22.158439607403853 ], [ -159.305148515012803, 22.15784434221424 ], [ -159.305000495778813, 22.157510637244187 ], [ -159.305000329506356, 22.157433942657505 ], [ -159.305267032770359, 22.157153971143906 ], [ -159.305438353745842, 22.156774840284537 ], [ -159.305627855766062, 22.156115980382939 ], [ -159.305692671627213, 22.155818159653922 ], [ -159.305941330760845, 22.15532616496348 ], [ -159.306023967891406, 22.1551411138737 ], [ -159.306024141906391, 22.154942609114077 ], [ -159.305918249007362, 22.154469008198173 ], [ -159.305876363988403, 22.154162269117997 ], [ -159.305900566675717, 22.153864488269022 ], [ -159.305853334793142, 22.15360738010882 ], [ -159.305877196486193, 22.153431409427032 ], [ -159.305947671714279, 22.153228324282281 ], [ -159.305983682935846, 22.152786164771474 ], [ -159.305948094731491, 22.152587694512839 ], [ -159.30597782153626, 22.152321488981269 ], [ -159.305918486793189, 22.152073416115027 ], [ -159.30585385493481, 22.151897531845666 ], [ -159.305865893474646, 22.151302005653935 ], [ -159.305918731296799, 22.151071868693094 ], [ -159.306102673632154, 22.150647609484999 ], [ -159.306226806025535, 22.15031363830008 ], [ -159.30631538409915, 22.150074443151698 ], [ -159.30607333469294, 22.149700228406981 ], [ -159.305990277515235, 22.149691286671658 ], [ -159.305937407836581, 22.149628178187701 ], [ -159.30566552096812, 22.148911120592992 ], [ -159.305553017793983, 22.148739795082037 ], [ -159.305311256803662, 22.148496411657042 ], [ -159.304950522703734, 22.148171937872931 ], [ -159.304335764587478, 22.147536417963455 ], [ -159.304057738505094, 22.147338183283072 ], [ -159.303591216402907, 22.147140130048644 ], [ -159.303259923425685, 22.146973525562156 ], [ -159.303088700972182, 22.146833835357523 ], [ -159.302958858842914, 22.146770800180906 ], [ -159.302633265516988, 22.14671697543211 ], [ -159.302604134350872, 22.146698957222824 ], [ -159.302515124977987, 22.14673964661517 ], [ -159.302326021609787, 22.146739828206453 ], [ -159.302296782581891, 22.146672183744812 ], [ -159.302320314155963, 22.146622530909472 ], [ -159.302343893887212, 22.146595437570184 ], [ -159.302001291452626, 22.146523576248583 ], [ -159.301356794279314, 22.14642493156753 ], [ -159.300783615284729, 22.1462314687091 ], [ -159.300736262697427, 22.146195418734163 ], [ -159.30037546902787, 22.146119059509193 ], [ -159.300038449946499, 22.146105843583918 ], [ -159.299754920760961, 22.146164765289903 ], [ -159.29915794086844, 22.146178863207648 ], [ -159.298424686106387, 22.146238205491404 ], [ -159.298099162099646, 22.146215950091982 ], [ -159.297922248095546, 22.146247698214967 ], [ -159.297833304067126, 22.146319970729554 ], [ -159.297827606470918, 22.146491425387534 ], [ -159.297780249135172, 22.146739614982888 ], [ -159.297590573631282, 22.14704206052869 ], [ -159.297389381061578, 22.147344516003518 ], [ -159.297217858147746, 22.147633409968993 ], [ -159.297064345824509, 22.147841067803917 ], [ -159.296887023998721, 22.147967537666112 ], [ -159.296780349480059, 22.14796762605814 ], [ -159.296608783098833, 22.147949723988649 ], [ -159.296319254511701, 22.148040194887706 ], [ -159.296218716669671, 22.148076370188381 ], [ -159.296041733825064, 22.148076517986606 ], [ -159.295876048506472, 22.147972891386718 ], [ -159.295793209665646, 22.147778966389062 ], [ -159.295622021722494, 22.14765278719312 ], [ -159.295586716034165, 22.147580633535306 ], [ -159.295580465488428, 22.147490409185423 ], [ -159.295397582004426, 22.147278520670422 ], [ -159.295296988032902, 22.146998892757605 ], [ -159.294984059209526, 22.146624694512155 ], [ -159.294924927617132, 22.146462317367224 ], [ -159.294901433639893, 22.145952498039044 ], [ -159.29488950112551, 22.14575398679866 ], [ -159.294830454569308, 22.145632216006206 ], [ -159.294670730816506, 22.145478944590721 ], [ -159.294387230501684, 22.145262609164309 ], [ -159.29439908907537, 22.145136267172632 ], [ -159.294399298288255, 22.144946770089575 ], [ -159.2943517685556, 22.144824989165112 ], [ -159.29418641122561, 22.144585996208807 ], [ -159.294204285442078, 22.144148332358359 ], [ -159.294115790044771, 22.143855134785127 ], [ -159.293950358369784, 22.14358004775162 ], [ -159.293778961862131, 22.143350083268341 ], [ -159.293637555861068, 22.143259961136405 ], [ -159.293424790946915, 22.143246599068203 ], [ -159.293288591112173, 22.143327923385858 ], [ -159.293217707136904, 22.143341516442284 ], [ -159.293176380102437, 22.143287408246042 ], [ -159.293176173633213, 22.143188147590831 ], [ -159.293241470852507, 22.143111392982515 ], [ -159.293318368994591, 22.143075235817527 ], [ -159.293578370168603, 22.143070512154047 ], [ -159.293661318881561, 22.143029837620787 ], [ -159.293708207196659, 22.142844813378314 ], [ -159.293743810293165, 22.142479325307153 ], [ -159.293638031093906, 22.142326008961543 ], [ -159.293620295229971, 22.142249321387045 ], [ -159.293626168139951, 22.142159079591369 ], [ -159.293667752025669, 22.142046249148922 ], [ -159.293596492642706, 22.141879368835962 ], [ -159.293442730671501, 22.141676460721062 ], [ -159.29340133861453, 22.141590769583388 ], [ -159.29312996157347, 22.141369909080861 ], [ -159.293100132257166, 22.141306767547995 ], [ -159.293118089006441, 22.141198468825998 ], [ -159.293289604320421, 22.140905059078051 ], [ -159.293408290251421, 22.140273303783399 ], [ -159.293390376234868, 22.140110891552528 ], [ -159.293207120739766, 22.139713996872953 ], [ -159.293177813781369, 22.139610248707559 ], [ -159.293260544766042, 22.139465801955019 ], [ -159.293337571744132, 22.138910782266777 ], [ -159.293302137664767, 22.138775454786884 ], [ -159.293160294763624, 22.138473276437033 ], [ -159.293018714781226, 22.138297429029627 ], [ -159.293060421350646, 22.138243252958862 ], [ -159.293320272553387, 22.138170852081679 ], [ -159.293521287981719, 22.138075940080903 ], [ -159.293651309635152, 22.137940479424156 ], [ -159.293846493478412, 22.137665097801932 ], [ -159.2939468541108, 22.137547707476401 ], [ -159.294036089789643, 22.137326554358712 ], [ -159.294071480087524, 22.13715056326792 ], [ -159.294213527189612, 22.136969972981969 ], [ -159.294272486522487, 22.136762379724573 ], [ -159.294266522833368, 22.136518745408907 ], [ -159.294189849410202, 22.136369916544801 ], [ -159.294119282735608, 22.136243642589211 ], [ -159.294113083219401, 22.135887211426652 ], [ -159.294161021566396, 22.135625484450209 ], [ -159.294220075115675, 22.135463009371939 ], [ -159.29421983891524, 22.135350213446351 ], [ -159.294184452745554, 22.135237445644581 ], [ -159.294131035477051, 22.135196882902406 ], [ -159.294030980137478, 22.135169893329291 ], [ -159.293972042798259, 22.135097751933188 ], [ -159.293959934814723, 22.134813514772642 ], [ -159.2938240386666, 22.134745947762688 ], [ -159.293812296914155, 22.134637672537025 ], [ -159.29375346378643, 22.134615160978619 ], [ -159.29362923277003, 22.134619773395855 ], [ -159.293416617747624, 22.134380818175085 ], [ -159.293309784324748, 22.134299691246341 ], [ -159.293327899867393, 22.134268093631022 ], [ -159.293499251061604, 22.134191253046428 ], [ -159.293588095343893, 22.134073872778213 ], [ -159.293635188602508, 22.133988109147872 ], [ -159.293724248757087, 22.133974501298713 ], [ -159.293954641086998, 22.134019432571083 ], [ -159.294332606043639, 22.133919864328636 ], [ -159.294433580065061, 22.133806986125315 ], [ -159.294534041660626, 22.133739226248938 ], [ -159.294616454630898, 22.133734647078168 ], [ -159.294817766598868, 22.133495354361699 ], [ -159.294876790364441, 22.1333193438326 ], [ -159.294870901944677, 22.133111803282617 ], [ -159.294805819009269, 22.13299906031887 ], [ -159.29482420018482, 22.132805035556718 ], [ -159.294765102903597, 22.132656193204202 ], [ -159.294587761159335, 22.132475863688722 ], [ -159.294386737828631, 22.132272994457679 ], [ -159.294386596244607, 22.132205316696048 ], [ -159.29438703259197, 22.132124102649378 ], [ -159.294493421309284, 22.131993172158495 ], [ -159.294493091157477, 22.131835257978302 ], [ -159.294428644268123, 22.131736049837212 ], [ -159.294445936570696, 22.131600679768468 ], [ -159.294612164291266, 22.131104240268321 ], [ -159.294605924591167, 22.131018520188043 ], [ -159.294464048421702, 22.130698293899908 ], [ -159.294488073705935, 22.130594502034107 ], [ -159.294535098671304, 22.130477156008666 ], [ -159.294511616829169, 22.130260605544755 ], [ -159.294505907293342, 22.130138790506845 ], [ -159.294535253632063, 22.129971828162851 ], [ -159.294494319475092, 22.129813946543599 ], [ -159.294387840919967, 22.129610999682509 ], [ -159.294287657343233, 22.129520844153156 ], [ -159.294021517661008, 22.129475941510016 ], [ -159.293891315915573, 22.129521165162231 ], [ -159.293607427995596, 22.129683822504312 ], [ -159.293365102344183, 22.129724624488567 ], [ -159.293229210415234, 22.129657056886646 ], [ -159.293176382913828, 22.12960746922505 ], [ -159.293140402353146, 22.129499213010398 ], [ -159.292992931605227, 22.129400071105042 ], [ -159.292975046611218, 22.129251194695577 ], [ -159.293005028612157, 22.12909776670142 ], [ -159.292892853973541, 22.128777515424456 ], [ -159.292845275188967, 22.128628662445291 ], [ -159.292727500487501, 22.128529495917924 ], [ -159.292686159392616, 22.12846636308052 ], [ -159.292768678488983, 22.128222656508552 ], [ -159.292680124412954, 22.128186632752435 ], [ -159.292526594989567, 22.128087494932117 ], [ -159.292485076222817, 22.127938637295355 ], [ -159.292514555868706, 22.127834840421379 ], [ -159.292556277262605, 22.127789688814058 ], [ -159.292562122425721, 22.127685911695202 ], [ -159.292497006613473, 22.12755511985026 ], [ -159.292438407367428, 22.127352132811492 ], [ -159.292485366843863, 22.127203203380176 ], [ -159.292615901845522, 22.12702713677421 ], [ -159.292733934488098, 22.126959363657402 ], [ -159.292793117659812, 22.126860055930361 ], [ -159.292857966583483, 22.126571244482566 ], [ -159.292817016677105, 22.126404338877354 ], [ -159.292734120405214, 22.126174300590723 ], [ -159.292710839725714, 22.126052498848484 ], [ -159.292757929944116, 22.125966735412174 ], [ -159.292840766405448, 22.125876432237376 ], [ -159.292840597637252, 22.12579521830606 ], [ -159.292828970293272, 22.125741085495999 ], [ -159.29292930577779, 22.125614673140308 ], [ -159.292965310063238, 22.125443193605161 ], [ -159.292847219066829, 22.12519062450064 ], [ -159.292876744515411, 22.125109387113902 ], [ -159.292977144797305, 22.125014556869466 ], [ -159.292994549668379, 22.124933329464501 ], [ -159.29295913920069, 22.124807026009048 ], [ -159.292971136484738, 22.124748362549393 ], [ -159.293060032327475, 22.12465805380565 ], [ -159.293190267227942, 22.124630877775971 ], [ -159.29350298458229, 22.1246396502269 ], [ -159.293592105274541, 22.124657625544785 ], [ -159.293863985362862, 22.124553633571658 ], [ -159.293958192407842, 22.124395642121232 ], [ -159.293970532291155, 22.124210646210383 ], [ -159.294082778199652, 22.123984962188857 ], [ -159.294112645618327, 22.123777392191929 ], [ -159.294065502899457, 22.123547325341942 ], [ -159.293935178979098, 22.123240624419083 ], [ -159.293828827856828, 22.123096331338662 ], [ -159.293628035964701, 22.122997232511338 ], [ -159.293539409242442, 22.122925113472604 ], [ -159.293344174626384, 22.122875640808193 ], [ -159.293249789569131, 22.122947906237513 ], [ -159.293125663021527, 22.122997636428746 ], [ -159.293084492276989, 22.123015716688354 ], [ -159.293025057124254, 22.122993204967493 ], [ -159.293007408078608, 22.122957124547096 ], [ -159.293048931053875, 22.122817223636485 ], [ -159.293220283786724, 22.122456137500489 ], [ -159.293250095205877, 22.12222149629201 ], [ -159.293273635355035, 22.122176359069087 ], [ -159.293569201441443, 22.122099419063051 ], [ -159.293929701980886, 22.122067546038704 ], [ -159.293965493088905, 22.122085563856057 ], [ -159.294071871657763, 22.122243392983776 ], [ -159.294213379493669, 22.122392170473731 ], [ -159.29446143895882, 22.122491230340035 ], [ -159.29479287235921, 22.122468401510467 ], [ -159.295242152799972, 22.122292073220635 ], [ -159.295567088864686, 22.12206170311374 ], [ -159.295815489668541, 22.12174567003327 ], [ -159.295898236957981, 22.121614751557196 ], [ -159.295910299970018, 22.12129888351026 ], [ -159.295833557910328, 22.121113943113208 ], [ -159.295839541682597, 22.12107784095862 ], [ -159.295816126426047, 22.120892857231091 ], [ -159.295685802161984, 22.120586130516049 ], [ -159.295603217144645, 22.120504977221987 ], [ -159.295289996812983, 22.120541330765093 ], [ -159.295035852953788, 22.120428731577867 ], [ -159.294675139211932, 22.120356828023787 ], [ -159.294581060559182, 22.120284708513502 ], [ -159.294515994193517, 22.12017646698774 ], [ -159.294320565354354, 22.120032232695852 ], [ -159.294285361989125, 22.120005187669801 ], [ -159.294250073382841, 22.11993753248505 ], [ -159.294214804505685, 22.119878900764647 ], [ -159.294427405594604, 22.11954030948985 ], [ -159.2946166821107, 22.119350641585502 ], [ -159.294746827404055, 22.119282851489018 ], [ -159.294941943925465, 22.119278180797146 ], [ -159.295183976981122, 22.119395302970098 ], [ -159.295337886634741, 22.119390665626963 ], [ -159.295397141036688, 22.119327445393864 ], [ -159.295402537653359, 22.119300367817491 ], [ -159.295532919764923, 22.119056599282992 ], [ -159.295639232842802, 22.118894070434674 ], [ -159.295586304111424, 22.118794844405897 ], [ -159.295480125889128, 22.118731759058033 ], [ -159.2952966760827, 22.118519832423505 ], [ -159.29526732517391, 22.118393512996466 ], [ -159.295267411446645, 22.118145338321213 ], [ -159.295314974537376, 22.117707610284622 ], [ -159.295308753884768, 22.117630907241264 ], [ -159.295368358812709, 22.117445856340229 ], [ -159.295480199065963, 22.117319421556516 ], [ -159.295592683705877, 22.117211035261224 ], [ -159.295764174824569, 22.116922111580315 ], [ -159.29585275138902, 22.116682888643815 ], [ -159.29597122919057, 22.116542911651958 ], [ -159.29613698024292, 22.116407408503655 ], [ -159.296343436752437, 22.116321506721857 ], [ -159.296396752186013, 22.116316950619499 ], [ -159.296468010391578, 22.116199573463337 ], [ -159.296627879981969, 22.115572238590488 ], [ -159.2967225422056, 22.115057762600333 ], [ -159.296716586056988, 22.114818617819029 ], [ -159.296687205406045, 22.114678762476284 ], [ -159.296645932700528, 22.114358425941017 ], [ -159.296598628734984, 22.114051631086006 ], [ -159.296539708634896, 22.113695210801797 ], [ -159.296527977142176, 22.113591438200206 ], [ -159.296539707869471, 22.113406425831322 ], [ -159.296545681725547, 22.113365810979033 ], [ -159.296452534835453, 22.113158322685102 ], [ -159.296292732996022, 22.11266210429612 ], [ -159.296080422191949, 22.112265198912855 ], [ -159.295979673180057, 22.11218857229559 ], [ -159.295678449571739, 22.112157231956324 ], [ -159.295595908114279, 22.112094127290192 ], [ -159.295412324905726, 22.111814516272823 ], [ -159.295170354677737, 22.11143116963088 ], [ -159.294904516003555, 22.111223820671508 ], [ -159.294698004371412, 22.110989349710216 ], [ -159.294632914152487, 22.110867571028969 ], [ -159.294591342193002, 22.11069162596473 ], [ -159.294615166371926, 22.110493066498631 ], [ -159.294614958246171, 22.110393797328641 ], [ -159.294686018161542, 22.110181663448405 ], [ -159.294781046895537, 22.110131952086256 ], [ -159.2950881307776, 22.109779746954128 ], [ -159.295182933742581, 22.109621740890415 ], [ -159.295449409595534, 22.108976270882341 ], [ -159.295644381433931, 22.108619644522577 ], [ -159.295697780701204, 22.108366913710409 ], [ -159.295798329149477, 22.108059997950207 ], [ -159.295833974821932, 22.10801033476173 ], [ -159.295939872128656, 22.107942564138408 ], [ -159.296164474234757, 22.107847624284748 ], [ -159.296525156210777, 22.10763074163453 ], [ -159.296631571996897, 22.107522360168051 ], [ -159.296643643797438, 22.107499789386033 ], [ -159.296903746860636, 22.106998714782588 ], [ -159.296903661870857, 22.106958104575224 ], [ -159.29686234518249, 22.106903991547693 ], [ -159.296507772630065, 22.106854646485957 ], [ -159.296395514302901, 22.10677802918347 ], [ -159.296383954201275, 22.106755476895735 ], [ -159.296443126529965, 22.106656159590738 ], [ -159.296537443567217, 22.106556812810997 ], [ -159.296555318144442, 22.106412405826305 ], [ -159.296519861200352, 22.106263529668333 ], [ -159.296395864177128, 22.1060786279035 ], [ -159.296354311335534, 22.105911707583587 ], [ -159.296372413217966, 22.105875595113769 ], [ -159.296408067574646, 22.105830443539272 ], [ -159.296460906665146, 22.105600274947516 ], [ -159.296555467630867, 22.105329461800295 ], [ -159.296632552309546, 22.105103786193116 ], [ -159.296650407755379, 22.104950353879481 ], [ -159.296679889196014, 22.104851060565302 ], [ -159.296910422542993, 22.104697455124249 ], [ -159.297093854935696, 22.10462059701425 ], [ -159.297200439152363, 22.104593435602176 ], [ -159.297241575670284, 22.104561811868034 ], [ -159.29733596424677, 22.104209766979011 ], [ -159.297348393791992, 22.10406987522272 ], [ -159.297430967758515, 22.103862234474288 ], [ -159.297490167503042, 22.103776445685337 ], [ -159.297555206925153, 22.103586870290297 ], [ -159.297779960904052, 22.103279825448713 ], [ -159.297951168118658, 22.103153321333124 ], [ -159.298004317439279, 22.103072051537065 ], [ -159.298234789504164, 22.102891343958397 ], [ -159.298382885172941, 22.102724250414646 ], [ -159.298465771031601, 22.102665513887708 ], [ -159.298572106633117, 22.102521020924872 ], [ -159.298719709581718, 22.102408075450018 ], [ -159.298997508433104, 22.10225890868907 ], [ -159.299086433028293, 22.102191139984619 ], [ -159.299648181100963, 22.101937921941641 ], [ -159.300020144361469, 22.101621709685197 ], [ -159.30042831605013, 22.101237778878776 ], [ -159.300747167068465, 22.101020885249998 ], [ -159.300930535144175, 22.100916928011834 ], [ -159.301155094950275, 22.100808419038 ], [ -159.301368064313323, 22.100663821672853 ], [ -159.3014569685715, 22.100587028197307 ], [ -159.301563106835744, 22.100352288465722 ], [ -159.301681478193444, 22.100171684398958 ], [ -159.301740644085896, 22.100072357036886 ], [ -159.301917777282597, 22.099887184021938 ], [ -159.301941868942009, 22.099819476618816 ], [ -159.301918218258947, 22.099526202413923 ], [ -159.301841565348667, 22.099097609955269 ], [ -159.301847487560707, 22.098750159802087 ], [ -159.301948266648537, 22.098560547321473 ], [ -159.302066261589772, 22.098488237723704 ], [ -159.302143268801927, 22.098515237326787 ], [ -159.302202175602929, 22.098578351824703 ], [ -159.302196212577883, 22.098623480486527 ], [ -159.302077659702888, 22.098718352736583 ], [ -159.302042682063359, 22.098795094778584 ], [ -159.302030882662706, 22.09894401110347 ], [ -159.302083722938846, 22.099286892374394 ], [ -159.30215464388354, 22.099584633394084 ], [ -159.302201510683091, 22.099683858823312 ], [ -159.302272535335817, 22.099746961714427 ], [ -159.302384723846473, 22.099791976594723 ], [ -159.302479234116646, 22.099787373045597 ], [ -159.302615406273844, 22.099715044768235 ], [ -159.302751560009426, 22.099633691983151 ], [ -159.302875730119524, 22.09961552326418 ], [ -159.302946552761682, 22.099583868375564 ], [ -159.303005180016214, 22.099516127511158 ], [ -159.303301134469223, 22.099362423409186 ], [ -159.303472351302815, 22.099244937950171 ], [ -159.30385058991547, 22.099037005741568 ], [ -159.304287904864367, 22.098689134168115 ], [ -159.304577858794289, 22.098282746788431 ], [ -159.304790753026026, 22.098106559172056 ], [ -159.304920464881008, 22.097849232547016 ], [ -159.304973979507338, 22.09765966484122 ], [ -159.305169040622417, 22.097081902537045 ], [ -159.30535291237922, 22.09637326010289 ], [ -159.305470837598222, 22.095989562399723 ], [ -159.305476750913698, 22.095921865853239 ], [ -159.305541923762632, 22.095799958023687 ], [ -159.305618665882804, 22.095705115381662 ], [ -159.305784455926386, 22.095041582275915 ], [ -159.305849843153396, 22.094739165390486 ], [ -159.306038703536757, 22.094098172920685 ], [ -159.306127356897662, 22.093908550729104 ], [ -159.306233757005771, 22.093800140437278 ], [ -159.306352410099919, 22.093754895311328 ], [ -159.306423444371489, 22.093262939115213 ], [ -159.306376099452365, 22.093222371381746 ], [ -159.3063642555191, 22.093068950195576 ], [ -159.306387972864087, 22.092829752362739 ], [ -159.30630536077814, 22.092170977091413 ], [ -159.306328950545151, 22.091873113874506 ], [ -159.306341382189544, 22.091457931303175 ], [ -159.30630593936641, 22.09131807243358 ], [ -159.306229249185066, 22.091155689532535 ], [ -159.305898099481709, 22.090713769728648 ], [ -159.305756680515088, 22.090596578384815 ], [ -159.305460846059134, 22.09051564136567 ], [ -159.305248141027079, 22.090493286502404 ], [ -159.305006305567133, 22.090448396161538 ], [ -159.304852310527906, 22.090398907608169 ], [ -159.304657568017177, 22.090277255076913 ], [ -159.304627686522082, 22.090187029337635 ], [ -159.304758154358467, 22.090001880496381 ], [ -159.304988654815162, 22.089848221290385 ], [ -159.305024254927901, 22.08978049642673 ], [ -159.305030128488426, 22.089694748332199 ], [ -159.305201274088915, 22.089550173409798 ], [ -159.305502736922705, 22.08943254559815 ], [ -159.30556798453469, 22.089346739822695 ], [ -159.305685950555841, 22.089265395105198 ], [ -159.305774787065928, 22.089161515233236 ], [ -159.3058806645858, 22.089093719254002 ], [ -159.306029012139049, 22.08877316936071 ], [ -159.306182587065337, 22.088348822611945 ], [ -159.306247765645907, 22.088231427088132 ], [ -159.306602431831067, 22.088064105189293 ], [ -159.306844633590316, 22.08800068751183 ], [ -159.307252553997131, 22.087806235203491 ], [ -159.307884762280196, 22.087390434815195 ], [ -159.308091938644907, 22.087101413351313 ], [ -159.308257360772188, 22.086834997571756 ], [ -159.308352065336891, 22.086645368089432 ], [ -159.308387096391243, 22.086595693346766 ], [ -159.308381495701695, 22.086528007510378 ], [ -159.308399464688847, 22.086433222868692 ], [ -159.308381404842976, 22.086207604367036 ], [ -159.308322352587226, 22.086076794944777 ], [ -159.30829261760482, 22.08605426055108 ], [ -159.307997494985642, 22.086018454283419 ], [ -159.307855562192117, 22.085941879678082 ], [ -159.307773050362215, 22.085887808867248 ], [ -159.307577901246873, 22.08585641482928 ], [ -159.307512841150469, 22.085748173440329 ], [ -159.307530919087611, 22.085703028976337 ], [ -159.307672917681884, 22.085531403147204 ], [ -159.307920538939499, 22.085454440203989 ], [ -159.308033283579363, 22.085481404156532 ], [ -159.308304914897661, 22.085580412206134 ], [ -159.308553278998517, 22.08556662522178 ], [ -159.309037934154077, 22.085281837980201 ], [ -159.309108609798443, 22.085186999700404 ], [ -159.309191166609537, 22.084983843821703 ], [ -159.30925669943457, 22.084753628704831 ], [ -159.309292276598057, 22.084676876696523 ], [ -159.30938051159734, 22.084577507767023 ], [ -159.309646732547634, 22.084419294285308 ], [ -159.309865220784076, 22.084319794020402 ], [ -159.310036384541775, 22.084188752034525 ], [ -159.310149289989113, 22.084012641258376 ], [ -159.310314266472858, 22.083822940553627 ], [ -159.310450251650337, 22.083673882581952 ], [ -159.310657467751128, 22.083407422031001 ], [ -159.31086445254266, 22.083312444126257 ], [ -159.311006087842401, 22.083253634731484 ], [ -159.311466953837595, 22.082901173803332 ], [ -159.311579300149617, 22.082747626468574 ], [ -159.311632463807058, 22.082679881142873 ], [ -159.31168598472695, 22.082499317392315 ], [ -159.311750848107806, 22.082242026494054 ], [ -159.311958048162069, 22.081695774968708 ], [ -159.312052258516132, 22.081560296328778 ], [ -159.312318717171735, 22.080964344223791 ], [ -159.312383260690979, 22.080837922095846 ], [ -159.312478105691895, 22.080715980918121 ], [ -159.312507621792093, 22.080639234359825 ], [ -159.312655508746332, 22.080395395592625 ], [ -159.312738017059871, 22.080174187278025 ], [ -159.312809293548042, 22.080079347142767 ], [ -159.312921477161183, 22.0798535954927 ], [ -159.313258452794628, 22.079370386953375 ], [ -159.313412255079101, 22.079063363236166 ], [ -159.31360125432451, 22.078783379549041 ], [ -159.313778931545443, 22.078589149144662 ], [ -159.313890666165094, 22.078435600469174 ], [ -159.31394992524784, 22.078385899704312 ], [ -159.314002996396511, 22.078277539705631 ], [ -159.314186600923506, 22.078024636321519 ], [ -159.314333976336542, 22.077825924646955 ], [ -159.314387186786291, 22.077780741699591 ], [ -159.314446365520723, 22.07769493860846 ], [ -159.314688811983416, 22.077478076219002 ], [ -159.314842374316413, 22.077338022374779 ], [ -159.31494878546107, 22.077243144380787 ], [ -159.315173641656372, 22.077017274439186 ], [ -159.315291440755743, 22.076868231213428 ], [ -159.316042424744325, 22.076231153249207 ], [ -159.31628480502971, 22.075987211677713 ], [ -159.316355370780883, 22.075847243712037 ], [ -159.316550468366984, 22.075589813607948 ], [ -159.316573933173572, 22.075517585265693 ], [ -159.316639136622058, 22.075418237113809 ], [ -159.316769251500887, 22.075088670999545 ], [ -159.316816381941237, 22.075034469171072 ], [ -159.316852336095593, 22.074858434995928 ], [ -159.316916872856154, 22.074732011064768 ], [ -159.317023734283794, 22.074298676559611 ], [ -159.317071288367316, 22.073621718225176 ], [ -159.317053478951181, 22.072971903863472 ], [ -159.317077073463196, 22.072416814259217 ], [ -159.317059698338085, 22.072231810116566 ], [ -159.317042211372808, 22.071726398881367 ], [ -159.316989055198547, 22.071523359140574 ], [ -159.316882782518604, 22.071406126105586 ], [ -159.316817743214415, 22.071306903609297 ], [ -159.316652063914404, 22.071171680541223 ], [ -159.316616798210276, 22.071113045141956 ], [ -159.316516048629921, 22.07102739894588 ], [ -159.316510546248963, 22.071004838975512 ], [ -159.316398169158788, 22.07059425179607 ], [ -159.316350828092425, 22.070553682268155 ], [ -159.316244871233636, 22.070305564252031 ], [ -159.31620320567464, 22.070093485669123 ], [ -159.316262694697599, 22.069876788312349 ], [ -159.316333613119042, 22.069623971919157 ], [ -159.316445976829328, 22.069213149642312 ], [ -159.316694143374207, 22.068581036235521 ], [ -159.31695417173043, 22.067836077945675 ], [ -159.317060575201026, 22.067470394434242 ], [ -159.317125654809729, 22.06731687514371 ], [ -159.317179103706053, 22.067109209955298 ], [ -159.317315258533995, 22.0667750871519 ], [ -159.317469111214507, 22.066228823086661 ], [ -159.317486416517625, 22.066111460728631 ], [ -159.31762843579844, 22.065691579914759 ], [ -159.317858801904833, 22.064960192155855 ], [ -159.317912208519715, 22.064734474239987 ], [ -159.318013105004638, 22.064075434893091 ], [ -159.318054183811086, 22.063754951074912 ], [ -159.318107761351598, 22.063605957354856 ], [ -159.318142914491716, 22.063344152588492 ], [ -159.318208212055936, 22.063019130621338 ], [ -159.31840944459239, 22.061994412804182 ], [ -159.31850998137989, 22.06090661552609 ], [ -159.318568846392822, 22.060685403886339 ], [ -159.318628449413097, 22.060522864696193 ], [ -159.318876401735537, 22.060075791470727 ], [ -159.319136506922973, 22.059646758447197 ], [ -159.319184096289916, 22.059529363883129 ], [ -159.319367062925977, 22.059276428579697 ], [ -159.319384608192649, 22.059267383429148 ], [ -159.319580061418236, 22.058910630896378 ], [ -159.319639137974093, 22.058784197431809 ], [ -159.319733407201511, 22.058684805628079 ], [ -159.319904751088018, 22.058382236642117 ], [ -159.320058752318261, 22.058178977719891 ], [ -159.320094285694779, 22.058088674429872 ], [ -159.320496040316016, 22.057623383521054 ], [ -159.320566614308234, 22.057492424454836 ], [ -159.321068968898118, 22.056783309761119 ], [ -159.321157805587006, 22.0566929504506 ], [ -159.321341176122615, 22.056354261193253 ], [ -159.321388187462304, 22.056250406061793 ], [ -159.321477178561651, 22.055961463767492 ], [ -159.321642581694022, 22.055713058621478 ], [ -159.321707218940219, 22.055636264740887 ], [ -159.321825692282118, 22.055527819565715 ], [ -159.321890390627146, 22.055478104310716 ], [ -159.321932051912285, 22.055419388193148 ], [ -159.322097173981774, 22.055315406212902 ], [ -159.322268425572389, 22.055242998081152 ], [ -159.322853755947961, 22.055070752880983 ], [ -159.322960226155118, 22.055011945702223 ], [ -159.32309580269137, 22.054966640740659 ], [ -159.323213771192002, 22.054903305244338 ], [ -159.323367477202737, 22.054839924362902 ], [ -159.323467870240876, 22.054772097168684 ], [ -159.323603999796859, 22.054704225466761 ], [ -159.324006012601075, 22.054626987408348 ], [ -159.324306749944242, 22.054495719142441 ], [ -159.324614220776198, 22.054396033895536 ], [ -159.32471463350609, 22.054337233078627 ], [ -159.325022041824496, 22.054210467474697 ], [ -159.325211275387431, 22.054056774190887 ], [ -159.325417572867963, 22.053948190775927 ], [ -159.325613007463971, 22.053857674027949 ], [ -159.325890610665681, 22.053676786774552 ], [ -159.326014665031209, 22.053626980630394 ], [ -159.326197954388334, 22.053522939386415 ], [ -159.326286282569185, 22.053477692518261 ], [ -159.326445824325617, 22.053319522631408 ], [ -159.326546194086177, 22.053242667336804 ], [ -159.326747186528024, 22.052935505817995 ], [ -159.327012997800239, 22.052632773337042 ], [ -159.32704251073929, 22.052560523170211 ], [ -159.32729689524615, 22.052293910919232 ], [ -159.327497621903802, 22.052135686571344 ], [ -159.327680928068702, 22.052040669917766 ], [ -159.327787332557477, 22.051954779127612 ], [ -159.328230230894519, 22.051751104573508 ], [ -159.328537713812949, 22.05166043826053 ], [ -159.328803216651266, 22.051488586719643 ], [ -159.328927758991512, 22.051389132453778 ], [ -159.329187349017758, 22.051280473372024 ], [ -159.329483091908372, 22.051090528159687 ], [ -159.329837617827621, 22.05091404541102 ], [ -159.329996923915814, 22.050918348173653 ], [ -159.33006184858445, 22.050967909216688 ], [ -159.330103080123934, 22.05124767755856 ], [ -159.330180221924678, 22.051342354308748 ], [ -159.330233011751773, 22.051382903543583 ], [ -159.330368801570046, 22.051432370277638 ], [ -159.330422186711274, 22.051468406468132 ], [ -159.330841619536386, 22.051594224377354 ], [ -159.33120202616729, 22.051602773941266 ], [ -159.331332197934699, 22.051580035648797 ], [ -159.331804768575722, 22.051376311296409 ], [ -159.332064303644302, 22.051245081658308 ], [ -159.332159059455734, 22.051100531433612 ], [ -159.332253572646351, 22.050852175464925 ], [ -159.332419088002894, 22.050662397990894 ], [ -159.332637508200008, 22.05056281442204 ], [ -159.332938960285475, 22.050485686575804 ], [ -159.333139730884767, 22.050350020502382 ], [ -159.333689291079168, 22.050177780670566 ], [ -159.333819344632957, 22.050105393907465 ], [ -159.333913576941541, 22.049996948824461 ], [ -159.334008095976287, 22.049753105424415 ], [ -159.334132293939803, 22.049509221272135 ], [ -159.334232859631953, 22.049260856324203 ], [ -159.334297678258878, 22.049008025422289 ], [ -159.334356748246705, 22.04888608762246 ], [ -159.334504597850383, 22.048655710994048 ], [ -159.334558078306117, 22.048475107899197 ], [ -159.334575855502862, 22.048308092312887 ], [ -159.334788426804181, 22.047784265882168 ], [ -159.334853510302139, 22.04764426666646 ], [ -159.334853594591067, 22.047423115128964 ], [ -159.334930046891287, 22.047224427724593 ], [ -159.334965611594214, 22.047152167369262 ], [ -159.334953880401258, 22.047057404206271 ], [ -159.335007125942155, 22.046777505185752 ], [ -159.335172560036398, 22.046298809338481 ], [ -159.335184523920844, 22.046235599122255 ], [ -159.33534959578796, 22.045860723592266 ], [ -159.33537324866947, 22.045616941342647 ], [ -159.335361591780952, 22.045553763226327 ], [ -159.33546193102643, 22.045210571891271 ], [ -159.335509427636367, 22.045061548717374 ], [ -159.335592148382545, 22.044953103650943 ], [ -159.335710602125971, 22.044844609679146 ], [ -159.335698606365412, 22.044636987476757 ], [ -159.335639675576061, 22.044560331184375 ], [ -159.335521402060579, 22.044230977632502 ], [ -159.335373695043216, 22.04374819148325 ], [ -159.335326847347346, 22.04365797767737 ], [ -159.334735931239862, 22.042972664681638 ], [ -159.334541113442356, 22.042801399085182 ], [ -159.334482142582118, 22.042706687159214 ], [ -159.334416690867528, 22.042431428540617 ], [ -159.33428147392263, 22.042106610405622 ], [ -159.33428139971133, 22.042075012707365 ], [ -159.33432834391246, 22.041948560708793 ], [ -159.334328229561663, 22.041641616845109 ], [ -159.334275627208484, 22.041163214841852 ], [ -159.334298919438027, 22.04102325317562 ], [ -159.334546983619418, 22.040400002816089 ], [ -159.334635706782791, 22.040011688753264 ], [ -159.334748379156139, 22.039763272343848 ], [ -159.334872378485585, 22.039180813285654 ], [ -159.334960919243684, 22.038973054839264 ], [ -159.335102861547597, 22.038810363672436 ], [ -159.335144258429978, 22.038643293194724 ], [ -159.335143865235835, 22.038476280217161 ], [ -159.335126578534954, 22.038336372521471 ], [ -159.335143929820191, 22.037988779498122 ], [ -159.335173967882099, 22.03788491983855 ], [ -159.335374697891126, 22.037482912054529 ], [ -159.335463110225362, 22.037220986838431 ], [ -159.335486963135111, 22.036805676518068 ], [ -159.335546240130952, 22.036516707669119 ], [ -159.335640579451166, 22.035686023891017 ], [ -159.335622824464508, 22.03534750635319 ], [ -159.335664198504901, 22.03517140854817 ], [ -159.335800387449552, 22.034882334334732 ], [ -159.335835619353759, 22.034412841909575 ], [ -159.335835736215472, 22.034205202743841 ], [ -159.335841770034762, 22.033938874703246 ], [ -159.335912424412328, 22.033595723686826 ], [ -159.336024983109951, 22.033302167849275 ], [ -159.336403190052351, 22.032660681463167 ], [ -159.336603674683033, 22.032159367099776 ], [ -159.336727886168887, 22.031928989805415 ], [ -159.336781497504091, 22.031807041414979 ], [ -159.336834246884194, 22.031576761241276 ], [ -159.336917361639991, 22.031382550860105 ], [ -159.33709417450828, 22.031115990651355 ], [ -159.337153373767308, 22.031052714617218 ], [ -159.337206410863018, 22.030944308956766 ], [ -159.337224376371239, 22.030858520870996 ], [ -159.337366211865231, 22.03065520193174 ], [ -159.337449008538044, 22.030582867167645 ], [ -159.337738161571764, 22.030189763685232 ], [ -159.337856270549509, 22.029941338289991 ], [ -159.337880120352651, 22.029783318635705 ], [ -159.337921617629519, 22.029661386711162 ], [ -159.337992624241963, 22.029214414909649 ], [ -159.338004009008699, 22.028907454161306 ], [ -159.338086917071507, 22.028627478908142 ], [ -159.338145869355003, 22.028460384858231 ], [ -159.338252241071473, 22.027859890224686 ], [ -159.338270335035787, 22.027318198526764 ], [ -159.338258175630301, 22.027042867036599 ], [ -159.338264504957465, 22.026902927905095 ], [ -159.338352861810819, 22.026622945735301 ], [ -159.338376538994908, 22.026392704218864 ], [ -159.338459455657755, 22.02611724319933 ], [ -159.33861883699899, 22.025399314925075 ], [ -159.338737235871889, 22.02501998570213 ], [ -159.338725525644833, 22.02493423706855 ], [ -159.338749116116588, 22.024667885037552 ], [ -159.338660535976203, 22.023832935649555 ], [ -159.338589346429217, 22.023435810067117 ], [ -159.338607042009954, 22.023237175095204 ], [ -159.338578092750481, 22.022776797078834 ], [ -159.338465715553525, 22.022375213963496 ], [ -159.338382899731954, 22.021671128621094 ], [ -159.338353573858825, 22.021305473632676 ], [ -159.338241189549905, 22.020899298085968 ], [ -159.338217716363005, 22.020447853546099 ], [ -159.338188531852893, 22.020398230723316 ], [ -159.33809407054278, 22.019888190726984 ], [ -159.338081860576409, 22.01959023323662 ], [ -159.338034848905153, 22.019427765531336 ], [ -159.338017232795636, 22.019147873578579 ], [ -159.338046869615169, 22.018876947502232 ], [ -159.338153294553706, 22.018556253121982 ], [ -159.33817110896743, 22.018407241267891 ], [ -159.338436981392647, 22.017910253964896 ], [ -159.338466532373218, 22.017603209195521 ], [ -159.338418944908085, 22.01719694581843 ], [ -159.338306977435565, 22.016709502668068 ], [ -159.338082689654186, 22.016353141365652 ], [ -159.337609843934615, 22.01587521855647 ], [ -159.337479875954585, 22.015712863619648 ], [ -159.3373618163061, 22.015464711116767 ], [ -159.337309239365169, 22.015252587731663 ], [ -159.337320996602273, 22.01458890004411 ], [ -159.337344548946504, 22.014561778978184 ], [ -159.337326848483286, 22.014245769059364 ], [ -159.337190973759675, 22.013631943445585 ], [ -159.33707908928227, 22.01343344388038 ], [ -159.337055090612836, 22.013270944679157 ], [ -159.337167388643678, 22.012873491998612 ], [ -159.337268085086606, 22.012692764996981 ], [ -159.337267915136437, 22.01262052867035 ], [ -159.337226430472953, 22.012489656181479 ], [ -159.337026055459972, 22.012255158323512 ], [ -159.336819221306342, 22.011849107624084 ], [ -159.336689564910074, 22.011560335958524 ], [ -159.336606885204759, 22.011420489049687 ], [ -159.336506443587751, 22.011194885680041 ], [ -159.336423414607935, 22.010906051483058 ], [ -159.336447348296275, 22.010784119599766 ], [ -159.336411517356538, 22.010481677502924 ], [ -159.33629950868692, 22.010228999794073 ], [ -159.336181487699662, 22.009994389661919 ], [ -159.336069449559517, 22.009213482298307 ], [ -159.335921814279516, 22.008744141850396 ], [ -159.335874810992038, 22.008324329743697 ], [ -159.33579224170083, 22.007972287357859 ], [ -159.335797692762497, 22.007714937204078 ], [ -159.335827385881174, 22.00746658358425 ], [ -159.335886789943004, 22.007236249731768 ], [ -159.335850984720707, 22.006685493699589 ], [ -159.335827988025017, 22.006432696409497 ], [ -159.335733384138393, 22.00611227291839 ], [ -159.335709536195083, 22.006012978945886 ], [ -159.335668119705275, 22.005909194674611 ], [ -159.335438424062488, 22.004785317504709 ], [ -159.335373251031086, 22.004103670495017 ], [ -159.335302559754808, 22.00390962855662 ], [ -159.334977874172608, 22.003589509453235 ], [ -159.334505513915559, 22.003296674171924 ], [ -159.334180678995438, 22.003170688776493 ], [ -159.334121588567598, 22.003017264132431 ], [ -159.334068543667712, 22.002859316245029 ], [ -159.334008995058355, 22.002769098426249 ], [ -159.333666935077076, 22.002525750663903 ], [ -159.333518955254561, 22.00242210486466 ], [ -159.333477698815386, 22.002386041008258 ], [ -159.333407136676811, 22.002246174827398 ], [ -159.333324045556679, 22.001925732615081 ], [ -159.333159172693428, 22.001587338804541 ], [ -159.33314735383783, 22.001451910125521 ], [ -159.333194471665763, 22.001144841667529 ], [ -159.333177119009662, 22.000973301760165 ], [ -159.333064507712692, 22.000716105406617 ], [ -159.33305277337243, 22.000616795387121 ], [ -159.332970176515914, 22.000508548715707 ], [ -159.332911257133475, 22.00042735911714 ], [ -159.33262207387898, 21.999746001528589 ], [ -159.332563025583994, 21.999348775867148 ], [ -159.332562810792638, 21.998734761066803 ], [ -159.332628114581979, 21.99843669838188 ], [ -159.332816898124918, 21.997863070838683 ], [ -159.332858560328702, 21.997813353684887 ], [ -159.332929325710921, 21.997781657210865 ], [ -159.333064875384309, 21.997749877050428 ], [ -159.33352576472808, 21.997546106963142 ], [ -159.333897764796575, 21.997392115744692 ], [ -159.33432288729432, 21.997170331056921 ], [ -159.334659952622786, 21.996835790600937 ], [ -159.334836804603185, 21.996600701770195 ], [ -159.334966683618632, 21.996474068894024 ], [ -159.335031768128118, 21.996343005868599 ], [ -159.335285937877785, 21.996031033462085 ], [ -159.335392245078822, 21.995922497473831 ], [ -159.335776142840871, 21.995420659114249 ], [ -159.335959204486471, 21.995253306683068 ], [ -159.336212807382765, 21.994959397502608 ], [ -159.336278122332175, 21.994927695408069 ], [ -159.33632523162899, 21.994877950852587 ], [ -159.336472865752029, 21.994837105953792 ], [ -159.336721268837522, 21.994909038166075 ], [ -159.336951062694339, 21.995048742282936 ], [ -159.33718186609201, 21.995102631985922 ], [ -159.337535587394427, 21.995160872443734 ], [ -159.337878218984315, 21.995137830264717 ], [ -159.338179648480093, 21.995101293526218 ], [ -159.338409719344099, 21.995100984382447 ], [ -159.338669564354575, 21.995145800196877 ], [ -159.338782177461439, 21.995145648065549 ], [ -159.338941209643423, 21.995059620475612 ], [ -159.33908284216929, 21.995041362747394 ], [ -159.339195551834223, 21.99508185977637 ], [ -159.339278041887837, 21.9951449791789 ], [ -159.339366640413374, 21.995230673853939 ], [ -159.339484809297005, 21.995275679325783 ], [ -159.339614355071177, 21.995266470671559 ], [ -159.340270321299982, 21.995121054139592 ], [ -159.340488706958098, 21.99504397613849 ], [ -159.340813384796462, 21.994853840283923 ], [ -159.341090782436197, 21.994641185247168 ], [ -159.341185612711854, 21.994546209349391 ], [ -159.341268108633443, 21.994356401767199 ], [ -159.341386368366017, 21.993674242022387 ], [ -159.341398161396341, 21.993285803510542 ], [ -159.341350791412282, 21.992969709563692 ], [ -159.341244737474824, 21.992671763221793 ], [ -159.34109153498585, 21.99240549659363 ], [ -159.340985043379362, 21.991922372525941 ], [ -159.340837714294707, 21.991579317660193 ], [ -159.340636694866589, 21.991317633688006 ], [ -159.340571752791675, 21.991249974816153 ], [ -159.340063833753732, 21.991011292633239 ], [ -159.340010936512755, 21.990916517826491 ], [ -159.339733424462821, 21.990822049268679 ], [ -159.339325842727277, 21.99102584926241 ], [ -159.339095416957946, 21.991130042223876 ], [ -159.338894754489246, 21.991274843827401 ], [ -159.338534298094089, 21.991437927378573 ], [ -159.338315841877829, 21.99148338861276 ], [ -159.338144460958858, 21.991465554659641 ], [ -159.338014686055345, 21.991375399758894 ], [ -159.337625020158498, 21.99121784875959 ], [ -159.337359458855843, 21.991055612979469 ], [ -159.336998919155747, 21.990925121134861 ], [ -159.336639144407769, 21.990862374564781 ], [ -159.336326093108511, 21.990844729952158 ], [ -159.335676079874844, 21.990940447853816 ], [ -159.335658469676559, 21.99091788958912 ], [ -159.335434459030466, 21.990918188736696 ], [ -159.334229546025426, 21.991136586921876 ], [ -159.334017090463504, 21.991159451280065 ], [ -159.33388098313813, 21.991209313093776 ], [ -159.333586158226581, 21.991218737695014 ], [ -159.333302386725308, 21.991295893294108 ], [ -159.333059984000471, 21.991458806315315 ], [ -159.332788666437835, 21.991684986378512 ], [ -159.332652724696999, 21.991807109928004 ], [ -159.332292520633416, 21.992083087577122 ], [ -159.332269044609262, 21.992141832054134 ], [ -159.332253188692391, 21.9923541253387 ], [ -159.332250828999065, 21.992381227192045 ], [ -159.332363440961132, 21.992381078589016 ], [ -159.332451719887558, 21.992331281526607 ], [ -159.332392794624354, 21.992245547298143 ], [ -159.332434443830152, 21.992191294958069 ], [ -159.332493265790873, 21.9922318651819 ], [ -159.332570031368732, 21.992177566929595 ], [ -159.332487430207721, 21.992064764679935 ], [ -159.332581680196938, 21.991978828422688 ], [ -159.332735158840876, 21.992109602800042 ], [ -159.332965433842588, 21.991937674080518 ], [ -159.333142713399866, 21.992149713572712 ], [ -159.332699689246937, 21.992479997493966 ], [ -159.332203552351103, 21.992620660392983 ], [ -159.332115199570893, 21.992638842262291 ], [ -159.331920580469927, 21.993045576602881 ], [ -159.331908648922308, 21.993122371114833 ], [ -159.332055760514265, 21.993379615298625 ], [ -159.332421897599829, 21.993835294934396 ], [ -159.33245165803541, 21.993875903266552 ], [ -159.332416030444563, 21.993916598030669 ], [ -159.332357302490976, 21.993916675466298 ], [ -159.332167996736189, 21.993740782936957 ], [ -159.331896664842873, 21.993438537504776 ], [ -159.331695804051662, 21.993240077103877 ], [ -159.331359440224048, 21.993091474963609 ], [ -159.331258717649263, 21.992996762278736 ], [ -159.331087613620582, 21.992310489132226 ], [ -159.331052635932139, 21.99210729595351 ], [ -159.330963930047147, 21.991971919976422 ], [ -159.330591723587844, 21.991769167241419 ], [ -159.330273005174348, 21.991656673244954 ], [ -159.330196021447421, 21.991616126119553 ], [ -159.330095854872098, 21.991498829911738 ], [ -159.330048727988839, 21.991277587471529 ], [ -159.330042833616062, 21.991083388964906 ], [ -159.330143281363746, 21.99053225589358 ], [ -159.330249443126604, 21.990360493917528 ], [ -159.330391408696784, 21.990224815723515 ], [ -159.330627696168904, 21.99003481642859 ], [ -159.330786926821673, 21.989772654853308 ], [ -159.330940843086807, 21.989569214344861 ], [ -159.33118868360674, 21.989401779827968 ], [ -159.331584310718796, 21.989261250027759 ], [ -159.331625469384534, 21.989256679421242 ], [ -159.331667160013751, 21.989220492504856 ], [ -159.331944821373554, 21.989120764128902 ], [ -159.332145217015125, 21.989120499513945 ], [ -159.33235231459031, 21.989138290921446 ], [ -159.332499380631873, 21.989115514289828 ], [ -159.332676624952342, 21.989052049234054 ], [ -159.333255494544829, 21.989087411694204 ], [ -159.333302665330081, 21.989064766745827 ], [ -159.333308594139623, 21.989010561438878 ], [ -159.333243657535746, 21.988942901395035 ], [ -159.333131517652362, 21.988884336405906 ], [ -159.332930661673316, 21.988685880058632 ], [ -159.332860108858398, 21.988545963624549 ], [ -159.33284911710706, 21.988505330808106 ], [ -159.332854762273854, 21.987805273481094 ], [ -159.332955501446435, 21.987647064327856 ], [ -159.333250577603735, 21.986964687067118 ], [ -159.333510884167083, 21.986693351717896 ], [ -159.333616881667012, 21.986453838385721 ], [ -159.333676230962624, 21.986200836518467 ], [ -159.333705404616211, 21.985988524918557 ], [ -159.333717759348929, 21.985572993565516 ], [ -159.333770978634988, 21.985026430714562 ], [ -159.333800502536889, 21.984443768182178 ], [ -159.333711660510062, 21.983987725095208 ], [ -159.333581966261818, 21.983667231505311 ], [ -159.333440238094852, 21.9833783693574 ], [ -159.333351868650084, 21.983125566409065 ], [ -159.333316179313698, 21.982877209790466 ], [ -159.333215775911384, 21.982656039207161 ], [ -159.333157103259623, 21.982416745607413 ], [ -159.33312188480275, 21.982109674706063 ], [ -159.333133594465892, 21.981676079155612 ], [ -159.333192357327135, 21.981170157412961 ], [ -159.333440563450409, 21.980383958193688 ], [ -159.333411159821026, 21.980234955355247 ], [ -159.333411334240026, 21.979787825990059 ], [ -159.333447092699345, 21.979543889260576 ], [ -159.333458947976169, 21.979173522882853 ], [ -159.33342920903408, 21.97887999431974 ], [ -159.333382217562217, 21.978717465514684 ], [ -159.333364295826158, 21.978559413865725 ], [ -159.333305123771737, 21.978365286375737 ], [ -159.333163348893066, 21.978053843054106 ], [ -159.333027805716995, 21.977819171911147 ], [ -159.332897794796963, 21.977620624642267 ], [ -159.332768108362586, 21.977300132776115 ], [ -159.332638536341051, 21.97676736725052 ], [ -159.332378874428429, 21.975999924192266 ], [ -159.332260337663485, 21.975525858255292 ], [ -159.33206577665527, 21.974898337163893 ], [ -159.331794618188724, 21.974130910773535 ], [ -159.331605674397167, 21.973837599451539 ], [ -159.331434278187771, 21.973277794714445 ], [ -159.331233376221661, 21.97278577632213 ], [ -159.330755394558054, 21.971313961036586 ], [ -159.330678948066435, 21.970975262911473 ], [ -159.330555305426429, 21.970645664438813 ], [ -159.330478213589913, 21.970288897596848 ], [ -159.330472154541241, 21.970022381446451 ], [ -159.330537752555813, 21.969326618797982 ], [ -159.330578573902415, 21.969177490072276 ], [ -159.330933214944224, 21.968874343314312 ], [ -159.330951147344308, 21.968774936783777 ], [ -159.330886167874439, 21.968684677642017 ], [ -159.330750354351352, 21.96858999875526 ], [ -159.330673227138504, 21.968481687780226 ], [ -159.33049610005321, 21.968057297615204 ], [ -159.330437520807578, 21.967854096029015 ], [ -159.330183471077277, 21.967145216748463 ], [ -159.330101161935033, 21.966359308837863 ], [ -159.330124836887535, 21.96612437427995 ], [ -159.330053977622413, 21.965844394023016 ], [ -159.32997736486314, 21.965695426394095 ], [ -159.329989394296234, 21.965397263818119 ], [ -159.33007758085202, 21.965049307220994 ], [ -159.330089837692896, 21.964850526346197 ], [ -159.33016624803679, 21.964647140805692 ], [ -159.33026655579306, 21.964570208209089 ], [ -159.330331733915529, 21.964484289135363 ], [ -159.330361452114033, 21.96424482780218 ], [ -159.330343473030979, 21.964059641394655 ], [ -159.330367158667826, 21.963829223068807 ], [ -159.330361543915529, 21.96322842120636 ], [ -159.330414807099771, 21.962961824325376 ], [ -159.330296920132184, 21.962763222059852 ], [ -159.330231768333135, 21.962596168752857 ], [ -159.330231458063906, 21.962460648259857 ], [ -159.330296805941003, 21.962184999820089 ], [ -159.330278879439476, 21.962022399501777 ], [ -159.330202299866215, 21.961886983574502 ], [ -159.330119749688521, 21.961787714903128 ], [ -159.329889421453174, 21.961652510218052 ], [ -159.329841969121048, 21.961548676234024 ], [ -159.329830292629111, 21.961471896482443 ], [ -159.329913195256012, 21.961196223745347 ], [ -159.329995812699934, 21.961060589929019 ], [ -159.330261764922511, 21.960893081496963 ], [ -159.33041523395741, 21.960770901909704 ], [ -159.33052749054832, 21.960626191763986 ], [ -159.330639559764961, 21.960400169591669 ], [ -159.330668996435264, 21.960038739266579 ], [ -159.330722443190808, 21.959853453260674 ], [ -159.330934933960094, 21.959338179652384 ], [ -159.331265622123084, 21.958895020236572 ], [ -159.331342581639746, 21.958669044878878 ], [ -159.331419102230427, 21.958515348204884 ], [ -159.331879385340613, 21.95783710389151 ], [ -159.332003909329586, 21.957764652104032 ], [ -159.332523399988133, 21.957565164721981 ], [ -159.332859704771892, 21.957198786723392 ], [ -159.332983747708113, 21.957180544005841 ], [ -159.333390900783769, 21.957089626974032 ], [ -159.3335976596764, 21.956980919638568 ], [ -159.333958079497535, 21.956835858369665 ], [ -159.33400511387336, 21.956758995656045 ], [ -159.334070422508432, 21.956731799992486 ], [ -159.334867290978423, 21.956080172905605 ], [ -159.335062232762112, 21.95583595852084 ], [ -159.335103430570371, 21.955591960030489 ], [ -159.335103646963461, 21.955424815832114 ], [ -159.335174514804436, 21.955185293915623 ], [ -159.335434100434924, 21.954629285655066 ], [ -159.335510823627487, 21.954565933516644 ], [ -159.335605758637826, 21.954525142147016 ], [ -159.335758863666001, 21.954511372400681 ], [ -159.335882987813079, 21.954529266274776 ], [ -159.336136843181777, 21.954632806475647 ], [ -159.33622542500342, 21.954723028069278 ], [ -159.336373161340362, 21.955002898265182 ], [ -159.336396625530256, 21.955201630993987 ], [ -159.336685597110773, 21.95608663264122 ], [ -159.336750646921047, 21.956208510263572 ], [ -159.336815581695646, 21.956280696521649 ], [ -159.337482836264059, 21.956894114941587 ], [ -159.337559388908517, 21.957015975815004 ], [ -159.337565080092617, 21.957119868112155 ], [ -159.337642160658135, 21.957467599414585 ], [ -159.338090308875735, 21.957823836718646 ], [ -159.338214447830723, 21.957846246913046 ], [ -159.338397246432493, 21.957845985160848 ], [ -159.338592204725217, 21.957868293424355 ], [ -159.338905141984043, 21.957867845912983 ], [ -159.339419006246686, 21.958111049730391 ], [ -159.339536752600594, 21.958246403363418 ], [ -159.339672849830578, 21.958463044803885 ], [ -159.339790999919785, 21.958512566965354 ], [ -159.340074194208825, 21.95847602086959 ], [ -159.340434578713371, 21.958317391061176 ], [ -159.340717995668371, 21.958375709239476 ], [ -159.340924021082316, 21.958470278586656 ], [ -159.341119011954504, 21.958506136417661 ], [ -159.341898711079438, 21.958536629335654 ], [ -159.342081296202167, 21.958446016241179 ], [ -159.342323495088237, 21.958224309230342 ], [ -159.34281963436635, 21.958137755750368 ], [ -159.343055688760813, 21.958132894734192 ], [ -159.343226858509951, 21.958078435877542 ], [ -159.343445491339679, 21.957874831006777 ], [ -159.343717153630593, 21.957571763435247 ], [ -159.343870305085574, 21.957323079160055 ], [ -159.344088969436967, 21.957133025115812 ], [ -159.344537523607528, 21.956892941771336 ], [ -159.344614265683845, 21.956838619885758 ], [ -159.344856728419984, 21.956729843438332 ], [ -159.345287510845566, 21.956652412695039 ], [ -159.345452754945939, 21.956652169164663 ], [ -159.345670983694021, 21.956534392630598 ], [ -159.345931095330769, 21.956466246252727 ], [ -159.346574441320627, 21.956433672367844 ], [ -159.346822134964015, 21.95648751466884 ], [ -159.347017287063807, 21.956591127508606 ], [ -159.347200454062175, 21.956744449747241 ], [ -159.347318032796522, 21.956807487821067 ], [ -159.347359515292936, 21.956689959802773 ], [ -159.347294614526135, 21.956382885344347 ], [ -159.347394961986225, 21.956328496903865 ], [ -159.347489355187435, 21.956314777130761 ], [ -159.347589908328473, 21.956346220359414 ], [ -159.347631329630644, 21.956454566524435 ], [ -159.347637386779667, 21.956707534922923 ], [ -159.347690112184011, 21.956734545787597 ], [ -159.347719962691116, 21.956562828104147 ], [ -159.347678204549254, 21.956314440774793 ], [ -159.347696297678283, 21.956287303510685 ], [ -159.347826391663375, 21.956269002472126 ], [ -159.34793838057314, 21.956273320497434 ], [ -159.348109660040421, 21.95651695854443 ], [ -159.348250823203927, 21.957072357525973 ], [ -159.348269074699402, 21.95736144341161 ], [ -159.348186170916648, 21.957872066236071 ], [ -159.348221588290272, 21.958251471479688 ], [ -159.348227221648386, 21.958829698670559 ], [ -159.34826868153803, 21.959204574702998 ], [ -159.348349121194246, 21.959678766413855 ], [ -159.348398243516442, 21.959967796649124 ], [ -159.348439655503881, 21.960071624415484 ], [ -159.348617238238432, 21.960166172975804 ], [ -159.348929761190249, 21.960242409106829 ], [ -159.349183438035851, 21.960264541134833 ], [ -159.349461393975048, 21.960313733616651 ], [ -159.350216857611485, 21.960330441908106 ], [ -159.35054731055277, 21.960311776387748 ], [ -159.351450755151973, 21.960197206384148 ], [ -159.351734466621565, 21.960124413492743 ], [ -159.35191703706468, 21.96002921630107 ], [ -159.352171130843004, 21.959726086791861 ], [ -159.352212499784343, 21.95956338361847 ], [ -159.352212641408954, 21.959373650923403 ], [ -159.35254936341164, 21.953003446369468 ], [ -159.352873834417835, 21.953020930774791 ], [ -159.353641111244713, 21.955156290091519 ], [ -159.353841954041314, 21.955110751096466 ], [ -159.353847741550595, 21.955002322012739 ], [ -159.356705296144384, 21.954269807811009 ], [ -159.356723061864415, 21.954355605934229 ], [ -159.357348562881384, 21.954209902447005 ], [ -159.357342969426639, 21.95415118590692 ], [ -159.35780329504604, 21.954032889171277 ], [ -159.357809505279164, 21.954096120692871 ], [ -159.358641930396942, 21.953918411239314 ], [ -159.358813053665472, 21.953606395545457 ], [ -159.358930700531573, 21.95345258744916 ], [ -159.359308613398241, 21.953054361219525 ], [ -159.359284884251849, 21.953004713479007 ], [ -159.358848547753411, 21.952788683054756 ], [ -159.358122287446577, 21.950621668769429 ], [ -159.357856588458475, 21.950382733305009 ], [ -159.357803662011179, 21.950274412953501 ], [ -159.357885697942748, 21.949673448499574 ], [ -159.357885933989763, 21.949524374294533 ], [ -159.358022083476328, 21.949510572921717 ], [ -159.357974525683659, 21.949858499186828 ], [ -159.35810472358861, 21.949885365032909 ], [ -159.358104387894059, 21.949993783316476 ], [ -159.358246052210433, 21.950007075928728 ], [ -159.358270050079796, 21.949921201323789 ], [ -159.359072861520076, 21.950014593792144 ], [ -159.359060992305047, 21.950109481014536 ], [ -159.360837427481698, 21.950345627635155 ], [ -159.360867273326903, 21.950178430298667 ], [ -159.360914196088288, 21.949821471093873 ], [ -159.360961435979846, 21.949590997685409 ], [ -159.360920115137759, 21.949283892192216 ], [ -159.360802413359579, 21.949171175252335 ], [ -159.360660602523097, 21.949099159140616 ], [ -159.357773918535003, 21.948774690030113 ], [ -159.357195492995032, 21.949100999724976 ], [ -159.357112481664217, 21.949308951896136 ], [ -159.357030098977191, 21.94928199762456 ], [ -159.357130002550264, 21.94905142705468 ], [ -159.357408040234901, 21.948897328216898 ], [ -159.357466604617571, 21.948838495563603 ], [ -159.357720454329069, 21.948693475187092 ], [ -159.36064285793617, 21.949022396759027 ], [ -159.360749485160511, 21.949062856761429 ], [ -159.360961629931353, 21.949184433311689 ], [ -159.361032705074791, 21.949288201838378 ], [ -159.361056032286626, 21.949419162479067 ], [ -159.36087938796814, 21.950666283441308 ], [ -159.360867009428887, 21.951041248365989 ], [ -159.360937875413356, 21.951303125476787 ], [ -159.36104050118081, 21.951316486961964 ], [ -159.361085605460516, 21.951320921347559 ], [ -159.361304349580877, 21.951175959970048 ], [ -159.36158143121682, 21.950881817084493 ], [ -159.362154032473086, 21.950406432167874 ], [ -159.362289841870137, 21.95025710701972 ], [ -159.362337407757707, 21.950157636275112 ], [ -159.362343244949471, 21.950071795732121 ], [ -159.362260317356515, 21.949828012078218 ], [ -159.362254621029507, 21.949728640707701 ], [ -159.362195344207834, 21.949502882880946 ], [ -159.362047919224409, 21.949123697665986 ], [ -159.361876546235806, 21.94884845628961 ], [ -159.361906269982029, 21.948392147092743 ], [ -159.361953231242325, 21.948292678676079 ], [ -159.362042135912702, 21.948265409145403 ], [ -159.362213433059765, 21.948269609408882 ], [ -159.362342764640204, 21.948192575335021 ], [ -159.36242004414342, 21.948115636099935 ], [ -159.362767848491018, 21.94730638439303 ], [ -159.362974427580241, 21.946899439195015 ], [ -159.363080723176552, 21.946808886521321 ], [ -159.363287501378892, 21.94672265962863 ], [ -159.363635940747031, 21.946649722294264 ], [ -159.363930787567966, 21.946685318662421 ], [ -159.364166822674434, 21.946680360711927 ], [ -159.364532836062239, 21.946616426062629 ], [ -159.364863940006501, 21.946629362216299 ], [ -159.365442406699742, 21.94656954681907 ], [ -159.365826145059657, 21.946573346644978 ], [ -159.366634937729032, 21.946644119980252 ], [ -159.367715228378756, 21.946849918633085 ], [ -159.368417470183289, 21.947146738654141 ], [ -159.36882477408048, 21.947371834467436 ], [ -159.369444696023237, 21.947664285005953 ], [ -159.369680789847479, 21.9476819061124 ], [ -159.369769213884013, 21.947704324996952 ], [ -159.370212361764828, 21.947744138670625 ], [ -159.370442288080483, 21.947716598327197 ], [ -159.371062611571119, 21.947692830201277 ], [ -159.371581975076424, 21.947714426178731 ], [ -159.371753353883662, 21.947750237022071 ], [ -159.372065930796907, 21.947853537276526 ], [ -159.372561604163252, 21.947843470030268 ], [ -159.372998649211468, 21.947865114431934 ], [ -159.373512174552559, 21.947737522952423 ], [ -159.373453185713771, 21.947629235968538 ], [ -159.373518224746334, 21.947502612560445 ], [ -159.374090992113139, 21.947347788382697 ], [ -159.374373987741279, 21.94724779705389 ], [ -159.374609938263916, 21.947211148477912 ], [ -159.374781627346437, 21.94713398372993 ], [ -159.375147640401423, 21.946839565691558 ], [ -159.374958532891412, 21.946270704521257 ], [ -159.374958309770989, 21.94618486204935 ], [ -159.375029456633285, 21.946080794062375 ], [ -159.37517687556479, 21.945981078204394 ], [ -159.375525232371785, 21.945880927548625 ], [ -159.376109713601352, 21.945811889125526 ], [ -159.376923980030398, 21.945895962193465 ], [ -159.377414233445563, 21.945899412929318 ], [ -159.37798686937802, 21.945929789733881 ], [ -159.378907548885508, 21.945281707412413 ], [ -159.378523830205864, 21.945282545640424 ], [ -159.378122204754447, 21.945378300725523 ], [ -159.377809762456764, 21.945324765453943 ], [ -159.377437271138263, 21.94522166338869 ], [ -159.377018474431139, 21.945001192190787 ], [ -159.376811984199549, 21.944960979886645 ], [ -159.376623234780254, 21.944993015205963 ], [ -159.376327524049969, 21.945088535790834 ], [ -159.376144861547203, 21.945134111968351 ], [ -159.375808328120939, 21.945125805871477 ], [ -159.375572428831106, 21.945180532218103 ], [ -159.375253742043327, 21.945285136974025 ], [ -159.375041065056138, 21.945425656135644 ], [ -159.374409194542011, 21.946122797692265 ], [ -159.374208655118736, 21.9462768443796 ], [ -159.374084699406779, 21.946322291815164 ], [ -159.373860671418413, 21.946521569407253 ], [ -159.373724681047008, 21.946594151028702 ], [ -159.373364321195027, 21.946734987586936 ], [ -159.373022001548605, 21.946830604552364 ], [ -159.372620879912802, 21.946890198140107 ], [ -159.37229581886865, 21.946872828008384 ], [ -159.371516889672336, 21.94688337064046 ], [ -159.370914564547235, 21.946843859297687 ], [ -159.370554849596772, 21.946767736762617 ], [ -159.37030093752432, 21.946646232411283 ], [ -159.370141502817177, 21.946547137241353 ], [ -159.369745754577139, 21.946344575981186 ], [ -159.369438663901036, 21.946254796182615 ], [ -159.368606105166435, 21.946120829534646 ], [ -159.368334782065887, 21.946053570817163 ], [ -159.367525899151701, 21.94594666172291 ], [ -159.367177700590531, 21.945875027745728 ], [ -159.366711490922171, 21.945808132104595 ], [ -159.366327559832598, 21.945727527102441 ], [ -159.365353379972333, 21.945593808943741 ], [ -159.364710464395415, 21.945536274335968 ], [ -159.364338286200592, 21.945555039707607 ], [ -159.363588791328283, 21.945714567570992 ], [ -159.363157879554279, 21.945963861538637 ], [ -159.363021939462044, 21.946058994292173 ], [ -159.362685639752982, 21.946145460688303 ], [ -159.362284131958347, 21.946295301706694 ], [ -159.362088876544703, 21.946390542771351 ], [ -159.361805594917456, 21.946621488555746 ], [ -159.36155804561804, 21.946861404189558 ], [ -159.361362934383209, 21.947015354752704 ], [ -159.360583518366354, 21.947558876484852 ], [ -159.360388875719224, 21.94765861699544 ], [ -159.360176488638331, 21.947681594827841 ], [ -159.359975992668353, 21.947618720431731 ], [ -159.359367480045421, 21.947524972434959 ], [ -159.358759572480864, 21.94743122085346 ], [ -159.358505736947507, 21.947336820480558 ], [ -159.358163703064349, 21.947310340894976 ], [ -159.357992529573096, 21.947355827669888 ], [ -159.357809306242217, 21.947423923137276 ], [ -159.356935660162861, 21.947561037102986 ], [ -159.356728630804326, 21.947547861755215 ], [ -159.355530240225562, 21.947798493968083 ], [ -159.354863263461681, 21.947804218986992 ], [ -159.35381270128218, 21.947869358229795 ], [ -159.352932862852072, 21.947952254597737 ], [ -159.352720353364106, 21.947925531511281 ], [ -159.352360415045865, 21.948002973238967 ], [ -159.352165743669786, 21.948093671441825 ], [ -159.351734351683405, 21.948157687881441 ], [ -159.35147488468823, 21.948234948717847 ], [ -159.351321161030228, 21.948488201040441 ], [ -159.351197368535708, 21.948854336770616 ], [ -159.351085296537178, 21.94906233997942 ], [ -159.3507076348358, 21.949568970129096 ], [ -159.349998585255463, 21.950948061724123 ], [ -159.349030708627197, 21.952928440181903 ], [ -159.348747310546116, 21.95337617467975 ], [ -159.34864094581971, 21.953444126646808 ], [ -159.348558044122427, 21.95345330904852 ], [ -159.348457988004611, 21.953376690127577 ], [ -159.34844625919709, 21.953281843741699 ], [ -159.348463550260533, 21.953173393090328 ], [ -159.348522649263629, 21.953082939007366 ], [ -159.348764916072042, 21.952897290846067 ], [ -159.349148726783994, 21.952173811510832 ], [ -159.349874992763887, 21.950650129551992 ], [ -159.350317856280981, 21.949822643876132 ], [ -159.35043585083173, 21.94956041974865 ], [ -159.350601144760105, 21.9490857919712 ], [ -159.350601245387708, 21.948877988290942 ], [ -159.350542195724557, 21.948738052402089 ], [ -159.350364956553165, 21.948530564609538 ], [ -159.350246755974723, 21.948458495416467 ], [ -159.349969384897662, 21.948391227366777 ], [ -159.349526800897195, 21.948333287046655 ], [ -159.349084097872066, 21.948225653305691 ], [ -159.348605804896692, 21.948167772800829 ], [ -159.348428918529407, 21.948104841405854 ], [ -159.348145436500175, 21.947762013674645 ], [ -159.348045199658088, 21.947608596077629 ], [ -159.347938649512969, 21.947346769593903 ], [ -159.347926931627882, 21.947256441225203 ], [ -159.347814803736725, 21.946940414905242 ], [ -159.347809149568548, 21.946854591843838 ], [ -159.347732054485192, 21.946759847524547 ], [ -159.347767688007309, 21.946728157669991 ], [ -159.347844554263986, 21.946728022080094 ], [ -159.347891697739584, 21.946700830507606 ], [ -159.347873932962329, 21.946362001873428 ], [ -159.347915466045862, 21.946267048017482 ], [ -159.348045233009856, 21.946117720135089 ], [ -159.348068620123968, 21.946027316503812 ], [ -159.348369594713091, 21.945846059978194 ], [ -159.348405162797889, 21.94578726118533 ], [ -159.34841093114207, 21.945669779594333 ], [ -159.348375695151333, 21.945615624672371 ], [ -159.348322602526622, 21.945434992879456 ], [ -159.348375568874843, 21.945312910244549 ], [ -159.348469931730762, 21.945290152817986 ], [ -159.348682568773114, 21.945371103589402 ], [ -159.348877424127181, 21.945357204220691 ], [ -159.348918967281179, 21.945266768245379 ], [ -159.348700566437884, 21.945054802557493 ], [ -159.348534854374805, 21.944856297369363 ], [ -159.348257659163522, 21.944608289715386 ], [ -159.347826941762747, 21.944446395559783 ], [ -159.347732055985688, 21.944252283060489 ], [ -159.347785098348027, 21.944161826637167 ], [ -159.348057106351206, 21.944016767303179 ], [ -159.348204696423693, 21.943980361795518 ], [ -159.348541196504584, 21.943975250478562 ], [ -159.34897220556158, 21.943757618746094 ], [ -159.349160917970863, 21.943707585944278 ], [ -159.349615296262499, 21.943643527463895 ], [ -159.349697961210808, 21.943539463781388 ], [ -159.349845991781024, 21.943435284413745 ], [ -159.349910532193576, 21.943344807354109 ], [ -159.350046502710768, 21.943010224743826 ], [ -159.350134714584215, 21.942698317390946 ], [ -159.350229350744371, 21.942540014560141 ], [ -159.350500914449043, 21.941965730782901 ], [ -159.350524716401139, 21.941798518114222 ], [ -159.350518841353136, 21.9416223215763 ], [ -159.350330079516965, 21.940904274519824 ], [ -159.350241354788125, 21.940755332755739 ], [ -159.350129037128909, 21.940610952130559 ], [ -159.349964066211356, 21.94046666457033 ], [ -159.349804630142415, 21.940358511234784 ], [ -159.349645302802855, 21.940295540004168 ], [ -159.34891299006631, 21.940048336335504 ], [ -159.348771711258706, 21.939940150661059 ], [ -159.348346410512448, 21.939760174397051 ], [ -159.348057514780919, 21.939674838375257 ], [ -159.34793925677036, 21.939575647670988 ], [ -159.347455122016413, 21.939341554895776 ], [ -159.347313704348807, 21.93917463214537 ], [ -159.347213103626387, 21.938867575426613 ], [ -159.346958996641376, 21.938651089397251 ], [ -159.346439888341592, 21.937965116616571 ], [ -159.346321999364307, 21.93776649635921 ], [ -159.346274434934287, 21.937617469219727 ], [ -159.346304283460569, 21.937445735162843 ], [ -159.346339772862933, 21.937355318837803 ], [ -159.346469501772162, 21.937192470227714 ], [ -159.34670579012905, 21.93704753359377 ], [ -159.34677024410118, 21.936920927952322 ], [ -159.346817967926967, 21.936884710885433 ], [ -159.346935929142063, 21.936861941626553 ], [ -159.347030231950527, 21.936816616965388 ], [ -159.347325655052259, 21.936599271234034 ], [ -159.347732435255494, 21.936381687648911 ], [ -159.347897988315509, 21.936268442944851 ], [ -159.348110425672104, 21.936272588174209 ], [ -159.348210780796705, 21.936227230148315 ], [ -159.348535708502453, 21.936199550032157 ], [ -159.349308681795605, 21.936500903524209 ], [ -159.349515519010623, 21.936441802768364 ], [ -159.349639574702223, 21.936437065063636 ], [ -159.349792603520029, 21.936400649329737 ], [ -159.350105483159155, 21.936395578034809 ], [ -159.350394857891104, 21.936431210662281 ], [ -159.350613314478238, 21.936421788050716 ], [ -159.350773012454852, 21.936389878053646 ], [ -159.351209341394366, 21.936380067299993 ], [ -159.352443188481601, 21.936558595671375 ], [ -159.352997917556337, 21.936458206437369 ], [ -159.353169167959862, 21.936448864627526 ], [ -159.353322945123438, 21.936471180088592 ], [ -159.353529208832441, 21.936425630013343 ], [ -159.353830717836843, 21.936226292498354 ], [ -159.354332469234009, 21.935994968099738 ], [ -159.354709808631782, 21.935623805258082 ], [ -159.354840008272333, 21.935411219541532 ], [ -159.354886914290063, 21.935289146037235 ], [ -159.35492835389158, 21.934914068255544 ], [ -159.354993092891362, 21.934660936792902 ], [ -159.355229271634954, 21.934231291735152 ], [ -159.355247159665026, 21.934122824457432 ], [ -159.355206054879346, 21.933896992595201 ], [ -159.355117173583466, 21.933684801238513 ], [ -159.354981243474242, 21.933535947604856 ], [ -159.354680252488919, 21.933450643757581 ], [ -159.354479672660347, 21.933098590215206 ], [ -159.354415122185259, 21.932936053886667 ], [ -159.3544268375218, 21.932777898398459 ], [ -159.354497266614317, 21.932624156163293 ], [ -159.354544581427774, 21.932176777807378 ], [ -159.354598110286901, 21.932041138289478 ], [ -159.354668638640277, 21.931928058313421 ], [ -159.354840043530515, 21.931737989815652 ], [ -159.354957865590819, 21.93166097100405 ], [ -159.355128954117674, 21.931588373295071 ], [ -159.355412607091921, 21.931515573678698 ], [ -159.355701916974397, 21.931528607315457 ], [ -159.355831819850437, 21.931442529939922 ], [ -159.355932011791481, 21.93133391423024 ], [ -159.356026308972417, 21.931288563683154 ], [ -159.356628308322996, 21.931224224292574 ], [ -159.356681374093995, 21.931147320309798 ], [ -159.35675209083729, 21.931111047791081 ], [ -159.356887964093659, 21.931237309325223 ], [ -159.357212902066578, 21.931218649390868 ], [ -159.357566966384468, 21.931231563445728 ], [ -159.357755738239689, 21.931213148821595 ], [ -159.358174759065264, 21.931307268797049 ], [ -159.35851709128346, 21.931469299344247 ], [ -159.358989636820695, 21.931427777366434 ], [ -159.359196150229366, 21.931486136500578 ], [ -159.359320044335107, 21.931418139451754 ], [ -159.359544130276845, 21.931485502387915 ], [ -159.359686348465658, 21.931485242819843 ], [ -159.36056577373455, 21.931763758705241 ], [ -159.360736960969945, 21.931731818414658 ], [ -159.360973084588807, 21.931772049437317 ], [ -159.36117332119909, 21.931740055753817 ], [ -159.361592762864234, 21.931517899388663 ], [ -159.361887429488888, 21.931494767786763 ], [ -159.362129536384231, 21.931507876830658 ], [ -159.362359962541944, 21.931448718000127 ], [ -159.362637331433689, 21.931285555720127 ], [ -159.36309767145994, 21.930963922992959 ], [ -159.363622876862053, 21.930687349728807 ], [ -159.363853267565645, 21.930614634422017 ], [ -159.364148274656316, 21.930487582180515 ], [ -159.364437938029681, 21.930401201981304 ], [ -159.36525831577228, 21.930065342273647 ], [ -159.365860209927291, 21.929725367128935 ], [ -159.366173115686792, 21.929498880989708 ], [ -159.366332479466337, 21.929340450977175 ], [ -159.366603945598342, 21.929001088811813 ], [ -159.366739568218065, 21.928788486197806 ], [ -159.367176110753547, 21.928159658580721 ], [ -159.367506827266084, 21.927562653713764 ], [ -159.367542185801653, 21.927427046156744 ], [ -159.367553908498053, 21.927277927005296 ], [ -159.367618932208671, 21.927146781216901 ], [ -159.367754724722175, 21.927001948871652 ], [ -159.367825206319338, 21.926875310761854 ], [ -159.367831482107988, 21.926726202864629 ], [ -159.36787290349676, 21.926595100730715 ], [ -159.367949551692732, 21.926513632177993 ], [ -159.367996839805386, 21.926310229935222 ], [ -159.367967030846103, 21.926012092638121 ], [ -159.367896243562058, 21.925781803148826 ], [ -159.367943670863724, 21.925632617617822 ], [ -159.36806135298778, 21.925505891851039 ], [ -159.36822058342338, 21.925297762345966 ], [ -159.368338893442456, 21.925180070393573 ], [ -159.368456841308642, 21.92515725963926 ], [ -159.368616381951625, 21.925071116686752 ], [ -159.368687184722887, 21.925070984169817 ], [ -159.368787443873259, 21.924993989486783 ], [ -159.368917540465532, 21.924989226512995 ], [ -159.368976367913461, 21.925038815081123 ], [ -159.369242235654042, 21.925354581729554 ], [ -159.369412970242053, 21.925385887751506 ], [ -159.369737903623246, 21.925371722297367 ], [ -159.37021586111058, 21.925325642484697 ], [ -159.370587706058814, 21.925198435619478 ], [ -159.371041920570036, 21.925098180869075 ], [ -159.371171842427231, 21.925025645916964 ], [ -159.371260438947047, 21.924885419116755 ], [ -159.371384774328192, 21.924758677788631 ], [ -159.37154399906953, 21.924550546029309 ], [ -159.37182121591411, 21.924337671693337 ], [ -159.371897813705345, 21.924238129696317 ], [ -159.371927209543458, 21.92413867634955 ], [ -159.371968519506652, 21.923731972007072 ], [ -159.372187056263641, 21.923293305492251 ], [ -159.372269762587564, 21.923216330358809 ], [ -159.37243481463139, 21.92315724950312 ], [ -159.372836140619228, 21.92320159046416 ], [ -159.373267470122556, 21.923381408953357 ], [ -159.373473951796399, 21.923430674280144 ], [ -159.373585868288501, 21.92341688549141 ], [ -159.373668343147187, 21.923484483168728 ], [ -159.373810017738464, 21.923511293662838 ], [ -159.373946010907105, 21.923447755568361 ], [ -159.374075588371426, 21.923244170814598 ], [ -159.37415841764107, 21.922981949916043 ], [ -159.374577474820796, 21.922863599770416 ], [ -159.374902117738571, 21.922740929385629 ], [ -159.374984499126185, 21.922772382245842 ], [ -159.375432973824701, 21.92302896466347 ], [ -159.375574682854392, 21.923069328039148 ], [ -159.376294780717359, 21.922828351518689 ], [ -159.376495462664508, 21.922742085166615 ], [ -159.377286455820922, 21.922306681070204 ], [ -159.37760538850651, 21.922084622600089 ], [ -159.377741188873159, 21.921948794905845 ], [ -159.377918292507871, 21.921871612784365 ], [ -159.37849617322874, 21.921861349710088 ], [ -159.378803510972489, 21.921833585603192 ], [ -159.379134080651596, 21.921665699036012 ], [ -159.379305036838531, 21.921552374395706 ], [ -159.379741978247068, 21.92133455779037 ], [ -159.379924419434587, 21.921216689643707 ], [ -159.380101923166791, 21.921062683824807 ], [ -159.380237554113364, 21.920863583098168 ], [ -159.380556097564721, 21.920496909873254 ], [ -159.380715207967654, 21.920252574647204 ], [ -159.380904255512945, 21.920116618401511 ], [ -159.381152441953788, 21.920147716658562 ], [ -159.38133530972766, 21.920192509621362 ], [ -159.381706739649019, 21.920146530641144 ], [ -159.381966693717459, 21.920051086502777 ], [ -159.382704302353062, 21.919805509767677 ], [ -159.383017290311983, 21.919628619152096 ], [ -159.383264899758899, 21.91944283223437 ], [ -159.38338919544114, 21.919307013182486 ], [ -159.383465530280006, 21.919112557147034 ], [ -159.38356595253299, 21.918646945460932 ], [ -159.383536402447106, 21.918457235439949 ], [ -159.383317657944218, 21.918118824688406 ], [ -159.383253094999617, 21.917960818780461 ], [ -159.38309337253736, 21.917744277636192 ], [ -159.382922584974239, 21.917690423048043 ], [ -159.382822195691233, 21.917713230338283 ], [ -159.382769148998847, 21.9177901570696 ], [ -159.382633345308903, 21.917921482471943 ], [ -159.382473677483432, 21.917953453809123 ], [ -159.382273407020449, 21.917962918619018 ], [ -159.382196520363607, 21.917949528345225 ], [ -159.382095807245065, 21.917850338412858 ], [ -159.382072477454813, 21.917723872388642 ], [ -159.382095766294668, 21.917606344336857 ], [ -159.382095976547305, 21.917457235543036 ], [ -159.382131199246771, 21.917276423718459 ], [ -159.382172701295957, 21.917181447754224 ], [ -159.382284905494856, 21.917050173954692 ], [ -159.382373462026976, 21.916900876084085 ], [ -159.382385169512219, 21.916751743266282 ], [ -159.382372935152404, 21.916702066523094 ], [ -159.382403046985729, 21.916647781317529 ], [ -159.382527011589673, 21.916615886763147 ], [ -159.382609091246536, 21.916534379840087 ], [ -159.382756649029744, 21.916271995942491 ], [ -159.383122561704482, 21.916203435908628 ], [ -159.383618417579015, 21.916075857700772 ], [ -159.38380735252494, 21.915673314323438 ], [ -159.383984385472587, 21.915573529688722 ], [ -159.384155499232151, 21.915523459351487 ], [ -159.384438581658571, 21.91548218612628 ], [ -159.384550878525232, 21.915387058569046 ], [ -159.38471641416939, 21.915287297318216 ], [ -159.38479864863956, 21.91526452864499 ], [ -159.38492854132349, 21.915187435927923 ], [ -159.384999134530432, 21.915110471956993 ], [ -159.385052385296973, 21.914884437523082 ], [ -159.385016698831492, 21.914663112226993 ], [ -159.384999420069278, 21.914310714479395 ], [ -159.384952004934121, 21.91422948589647 ], [ -159.384680376227124, 21.914026740782067 ], [ -159.384580426063394, 21.913986290230525 ], [ -159.384444218222512, 21.913963990666101 ], [ -159.384296633385503, 21.913986899172226 ], [ -159.384172706845476, 21.91403234943153 ], [ -159.384054747600544, 21.914046156735168 ], [ -159.384031065047935, 21.914014579471225 ], [ -159.384060839415469, 21.913833779012325 ], [ -159.384337882338997, 21.913571117555101 ], [ -159.384503306913359, 21.913430692427312 ], [ -159.384651123069602, 21.913267712981014 ], [ -159.384940035459152, 21.913145095698848 ], [ -159.385069842116565, 21.913036375045412 ], [ -159.385152367423956, 21.912896127916827 ], [ -159.385276076324374, 21.912543427122046 ], [ -159.385323673739862, 21.912466512335786 ], [ -159.385523864278298, 21.912429935122184 ], [ -159.385771941899947, 21.91242488245766 ], [ -159.385907955662134, 21.912374888110193 ], [ -159.386031382732398, 21.91237010389052 ], [ -159.38640367421371, 21.912428041046628 ], [ -159.3863797246118, 21.912522978669394 ], [ -159.38626753890054, 21.912658772458823 ], [ -159.386155535663761, 21.912862340865242 ], [ -159.386155801672459, 21.912961745196807 ], [ -159.386208614373487, 21.913024888129346 ], [ -159.386238603252707, 21.913151338874354 ], [ -159.386338613241008, 21.913214380892668 ], [ -159.386598249390204, 21.913231894239516 ], [ -159.386810579577627, 21.913208844119492 ], [ -159.387165228413778, 21.913230670292702 ], [ -159.387631189194025, 21.913017299095831 ], [ -159.387873433098349, 21.91286766864776 ], [ -159.388227315618877, 21.912604836716874 ], [ -159.388545970181383, 21.912518296373772 ], [ -159.388652236337578, 21.912432217509927 ], [ -159.388722643256187, 21.91228747728616 ], [ -159.38890578801076, 21.911988867600229 ], [ -159.388993945848256, 21.91169498330207 ], [ -159.389000163312232, 21.911532308507571 ], [ -159.389065245201493, 21.911432763228074 ], [ -159.389088319719519, 21.911238423248388 ], [ -159.389347883181443, 21.91078150574479 ], [ -159.38960773794679, 21.9104330284155 ], [ -159.389649134805353, 21.910301906437962 ], [ -159.389784615830479, 21.909831703147642 ], [ -159.389855649085689, 21.909695998165176 ], [ -159.39007977103978, 21.90911264409743 ], [ -159.390049804288111, 21.908995231195778 ], [ -159.3900205843143, 21.908706120057442 ], [ -159.390221185285071, 21.907928527896676 ], [ -159.390256004704895, 21.907603131341741 ], [ -159.390303452084282, 21.907471995726453 ], [ -159.390309086513838, 21.907318359430654 ], [ -159.390267697077775, 21.907228082606494 ], [ -159.39024427682034, 21.907069990724334 ], [ -159.390256072947182, 21.90695700598183 ], [ -159.390167788063025, 21.906753871815216 ], [ -159.389482999013666, 21.905914938590673 ], [ -159.389305867552167, 21.905748141400853 ], [ -159.389057652075394, 21.905473056274147 ], [ -159.388921873835471, 21.905382982314276 ], [ -159.388792242719859, 21.90532904083458 ], [ -159.388555865618827, 21.905180444575176 ], [ -159.388414121891742, 21.905122010515385 ], [ -159.388272573169871, 21.905135870111632 ], [ -159.388225788878515, 21.905063677207579 ], [ -159.387971719610562, 21.904860896626158 ], [ -159.387947939907377, 21.904793172086215 ], [ -159.387694416446749, 21.904567798046006 ], [ -159.387375666635734, 21.904161827052061 ], [ -159.387310548584367, 21.904021897317968 ], [ -159.38722194162122, 21.903470844479337 ], [ -159.387357486260584, 21.903249153482165 ], [ -159.387463794255979, 21.903181149735641 ], [ -159.38763461290614, 21.903027158789619 ], [ -159.387746850074109, 21.902913958338761 ], [ -159.388053782070813, 21.902750638816016 ], [ -159.3881898348329, 21.902718717926682 ], [ -159.388419780061867, 21.902727260540352 ], [ -159.388502527055778, 21.902672862613326 ], [ -159.388773491723242, 21.902410214369105 ], [ -159.388873978684757, 21.902428072226545 ], [ -159.389186804986991, 21.902431917833351 ], [ -159.389269201229666, 21.90247240634071 ], [ -159.389529001407169, 21.90255769553988 ], [ -159.389700123216386, 21.902516661303768 ], [ -159.390160808039269, 21.902380117086796 ], [ -159.390248926952893, 21.902298596566411 ], [ -159.390437636134493, 21.9020496797643 ], [ -159.390514460123882, 21.901819077415958 ], [ -159.390490881534021, 21.901602247879531 ], [ -159.39052036981596, 21.901543445383492 ], [ -159.390602730907148, 21.901570377913703 ], [ -159.390697118517181, 21.901570173767947 ], [ -159.390986644202258, 21.901461108123474 ], [ -159.39119904154262, 21.901469685851254 ], [ -159.391263732437494, 21.901451472976376 ], [ -159.391523495830711, 21.90152320373539 ], [ -159.391718603697655, 21.901626703376145 ], [ -159.391795319021981, 21.901802752691534 ], [ -159.391913315821483, 21.901807015230602 ], [ -159.392084251596543, 21.90169820470015 ], [ -159.392255480954617, 21.901697833758853 ], [ -159.392444526521217, 21.901796827003665 ], [ -159.392697918120717, 21.901972491569154 ], [ -159.392851576994644, 21.901963121078751 ], [ -159.392963732867457, 21.902044207398632 ], [ -159.393311847788453, 21.902120261476764 ], [ -159.393394899650929, 21.902178818996113 ], [ -159.393625029354723, 21.902255129971675 ], [ -159.393677668514357, 21.902255014915067 ], [ -159.393802037240391, 21.902376739428458 ], [ -159.393790108645248, 21.902440021353765 ], [ -159.393707339981233, 21.902485384735787 ], [ -159.393707672168546, 21.902607378870435 ], [ -159.393802024154724, 21.902593618530759 ], [ -159.393949743687131, 21.902624924688606 ], [ -159.394197162462291, 21.902606312037626 ], [ -159.394498183247151, 21.90271861263269 ], [ -159.394616008630123, 21.902659616642065 ], [ -159.394887801552329, 21.902482807905518 ], [ -159.395023283764772, 21.902464439052704 ], [ -159.395295040057533, 21.902495472457726 ], [ -159.395471852100201, 21.902544786347061 ], [ -159.395596123785964, 21.90263036260362 ], [ -159.395997079507083, 21.902778587192675 ], [ -159.396239460901825, 21.902909086559696 ], [ -159.39644592136608, 21.902958334332361 ], [ -159.396847223153173, 21.903011671878168 ], [ -159.396965395257979, 21.903079185526693 ], [ -159.397259958013308, 21.903042385519683 ], [ -159.397478802592872, 21.902974102790303 ], [ -159.39753193523498, 21.902933315526674 ], [ -159.397673165874409, 21.902585079505037 ], [ -159.397714305332357, 21.902363587457874 ], [ -159.39770253513592, 21.902264212722347 ], [ -159.397962147660394, 21.902060286892613 ], [ -159.398068562537333, 21.902032930524641 ], [ -159.398322005145417, 21.90200523279109 ], [ -159.398416911049594, 21.901973384082474 ], [ -159.3985171504373, 21.901900858949315 ], [ -159.398640624893972, 21.901697248980742 ], [ -159.398717846298211, 21.901615740440022 ], [ -159.398876687756882, 21.901511451406758 ], [ -159.399030196585443, 21.901447837703653 ], [ -159.399177740762468, 21.901415867264248 ], [ -159.399295513689907, 21.901338782783448 ], [ -159.399325503610726, 21.90124382862809 ], [ -159.399307707898458, 21.901153504949125 ], [ -159.399366765076309, 21.901067520203298 ], [ -159.39938389942651, 21.900918377475612 ], [ -159.399419347366489, 21.900827929122151 ], [ -159.399519734623397, 21.900809622777768 ], [ -159.399797296644039, 21.900971634281269 ], [ -159.399933370113445, 21.90094872554905 ], [ -159.40027544767014, 21.90102925707086 ], [ -159.400446325493107, 21.900902347362244 ], [ -159.400717656862582, 21.900562844775699 ], [ -159.400995100754528, 21.900245918565634 ], [ -159.401130555627446, 21.900218493101537 ], [ -159.401266728363197, 21.900231729231617 ], [ -159.401372548813413, 21.900208891260757 ], [ -159.401520508326229, 21.900109143495349 ], [ -159.401827104437729, 21.899832813661018 ], [ -159.401951102440592, 21.899602092798823 ], [ -159.40210446842346, 21.899488777730369 ], [ -159.402222036313589, 21.899339400187106 ], [ -159.402304801354802, 21.899294024440668 ], [ -159.402570464276863, 21.899311475590899 ], [ -159.40286542242481, 21.899202346092295 ], [ -159.403154757697081, 21.899246850041841 ], [ -159.403367026951543, 21.899210206408576 ], [ -159.403502832041937, 21.899092413114662 ], [ -159.403750316757169, 21.898667118071423 ], [ -159.403838916011864, 21.898328043133947 ], [ -159.403803394149037, 21.898174506451905 ], [ -159.403478513516006, 21.897750555191113 ], [ -159.403414001636264, 21.897615159398487 ], [ -159.403537603887855, 21.897244374370182 ], [ -159.403702903604596, 21.897072294270234 ], [ -159.403986119473643, 21.896877345610676 ], [ -159.404086239780412, 21.896764147628875 ], [ -159.404109558322773, 21.896664683587506 ], [ -159.404163102648113, 21.896556111723484 ], [ -159.404328061395887, 21.896478908733751 ], [ -159.404369441853873, 21.896347773154961 ], [ -159.404369113422689, 21.896230289990061 ], [ -159.404422153344314, 21.896157868194472 ], [ -159.404629022330539, 21.89613930799592 ], [ -159.404782307875962, 21.895998872647464 ], [ -159.40498280998807, 21.895867361854318 ], [ -159.405083583940183, 21.895772235217027 ], [ -159.405160131535638, 21.895668127300461 ], [ -159.405136054610807, 21.895496478303897 ], [ -159.405159622677672, 21.895270494097538 ], [ -159.405230774717637, 21.895184473882612 ], [ -159.40534853924143, 21.895107380623166 ], [ -159.405554887432118, 21.894903559625398 ], [ -159.405507819730957, 21.894731964594602 ], [ -159.405507578876552, 21.894646111960167 ], [ -159.405342696277842, 21.894533535007831 ], [ -159.405265504875217, 21.894407195690938 ], [ -159.405100660067291, 21.894308173787447 ], [ -159.405035657107959, 21.894213436025513 ], [ -159.404911525101738, 21.893960687164189 ], [ -159.404769849926623, 21.893924870352752 ], [ -159.404403699375592, 21.893885061490209 ], [ -159.404327189661075, 21.893785831728014 ], [ -159.404309289873652, 21.893659352638814 ], [ -159.404362808451481, 21.893541744421864 ], [ -159.404445468488035, 21.893460216240037 ], [ -159.404710729344373, 21.89333759295268 ], [ -159.40492319005395, 21.893156351229592 ], [ -159.405058510779327, 21.893083736777498 ], [ -159.40533008697335, 21.893055988346557 ], [ -159.405560356814902, 21.892969594250104 ], [ -159.405748981621031, 21.892919446876267 ], [ -159.405843491218008, 21.892964410937591 ], [ -159.405938152427041, 21.893063597051601 ], [ -159.406079954006259, 21.893144597806621 ], [ -159.406185806819906, 21.893135312113174 ], [ -159.40642185956213, 21.892954013889039 ], [ -159.406403959018547, 21.892827535942644 ], [ -159.406351030865096, 21.892723733456329 ], [ -159.406333206264719, 21.892624366099703 ], [ -159.406356738351548, 21.892601718107596 ], [ -159.406439625285401, 21.892601523455635 ], [ -159.406699252505774, 21.892628023853387 ], [ -159.40674031753781, 21.892600816140895 ], [ -159.40685279860088, 21.892582476418692 ], [ -159.407100575026107, 21.89248248424035 ], [ -159.407235805136366, 21.892378238384108 ], [ -159.407324855776153, 21.892418696031609 ], [ -159.407424912496879, 21.892499794383536 ], [ -159.407726099719696, 21.892675307770787 ], [ -159.40777291527877, 21.892756531416076 ], [ -159.407873500404946, 21.892810516488499 ], [ -159.408268676602802, 21.89284573114114 ], [ -159.408422503588497, 21.892899590166625 ], [ -159.408640665963588, 21.893025593535512 ], [ -159.409000776945646, 21.893069926157736 ], [ -159.409148349796624, 21.893051502207442 ], [ -159.4095848251973, 21.892928467242168 ], [ -159.409985937066381, 21.892922996827121 ], [ -159.41013947042083, 21.892872927304357 ], [ -159.410375338553536, 21.892628366052996 ], [ -159.410558440203545, 21.892551116181181 ], [ -159.410806394680748, 21.892302006922019 ], [ -159.410841254187886, 21.892220590313539 ], [ -159.410823439501712, 21.892125743420934 ], [ -159.410628851302988, 21.891565907121645 ], [ -159.410339301885188, 21.89122770442696 ], [ -159.410251024654968, 21.891033617191784 ], [ -159.410156390229162, 21.890731098978758 ], [ -159.41006814036686, 21.890546047885252 ], [ -159.410079564463501, 21.890094166042854 ], [ -159.410256151476801, 21.8898542653051 ], [ -159.410344920823007, 21.88979531340679 ], [ -159.411176709899223, 21.889549338958769 ], [ -159.411424413190076, 21.889426749709529 ], [ -159.411707579382806, 21.889222742680875 ], [ -159.41192026972044, 21.88912734830787 ], [ -159.412079384311482, 21.889126969174256 ], [ -159.412498557778861, 21.889094341306791 ], [ -159.413300953901341, 21.889151168432011 ], [ -159.413702222403089, 21.889204432049354 ], [ -159.413873256714254, 21.889140764247976 ], [ -159.413928903909778, 21.889136112537223 ], [ -159.413956707461097, 21.889127009029657 ], [ -159.414241481054944, 21.889063069336121 ], [ -159.414613758174738, 21.888922103707063 ], [ -159.41477880363945, 21.888668671871756 ], [ -159.414908631704236, 21.888582509655794 ], [ -159.415021134634486, 21.888573203379206 ], [ -159.415156705450272, 21.88859095236182 ], [ -159.415428042509205, 21.888694226447885 ], [ -159.415581685270411, 21.888684821416234 ], [ -159.415947664855082, 21.888458017284787 ], [ -159.416130178354308, 21.888389801807204 ], [ -159.416655671779608, 21.88830268668287 ], [ -159.416921043733055, 21.888225233375881 ], [ -159.41706848005856, 21.888161620219229 ], [ -159.417511529620469, 21.887808110712331 ], [ -159.41794243835372, 21.887441074548089 ], [ -159.41819034577091, 21.887182923516988 ], [ -159.418344044040822, 21.886983739439874 ], [ -159.418408873340553, 21.88680736281022 ], [ -159.418385439996598, 21.886653791285816 ], [ -159.418220436714108, 21.886080343263021 ], [ -159.418149702125277, 21.88567836936787 ], [ -159.418020336926617, 21.885294610572839 ], [ -159.418049419446817, 21.88510024580593 ], [ -159.418173628070207, 21.88495535557799 ], [ -159.418215137572901, 21.884873923239887 ], [ -159.418209353056284, 21.884756456652823 ], [ -159.418433553210718, 21.884041997513318 ], [ -159.418493041662572, 21.883901781490959 ], [ -159.418569533697678, 21.883784116665623 ], [ -159.418634796873562, 21.883548999058192 ], [ -159.418493289556778, 21.883359564180431 ], [ -159.418463798273137, 21.882993638924614 ], [ -159.418646791886601, 21.88288475421821 ], [ -159.418947975401267, 21.882224332828873 ], [ -159.418988982337396, 21.882179049587922 ], [ -159.419378795548312, 21.882042555957458 ], [ -159.419762295742117, 21.881815706991258 ], [ -159.419880159473564, 21.881779275719136 ], [ -159.420275861658382, 21.881796393388381 ], [ -159.420464492892876, 21.881755271986066 ], [ -159.421030862188417, 21.881586719120403 ], [ -159.421562037021772, 21.88138210276783 ], [ -159.422252434477656, 21.88142560993731 ], [ -159.423208365039926, 21.881450328801137 ], [ -159.423686711477728, 21.881385871887623 ], [ -159.423698310892945, 21.881421990965745 ], [ -159.424005017388708, 21.88141670253869 ], [ -159.424400326683696, 21.881506078425367 ], [ -159.424601123648216, 21.881487500928099 ], [ -159.424654215747836, 21.881437664272948 ], [ -159.424713435916544, 21.88141492348365 ], [ -159.424819345538225, 21.881428212979689 ], [ -159.424943178050711, 21.88136464379879 ], [ -159.425226489063078, 21.881427188596248 ], [ -159.425515651055321, 21.881421941745419 ], [ -159.425698850674507, 21.881385333014933 ], [ -159.425905078671718, 21.881362220830557 ], [ -159.426035054333141, 21.881330264793391 ], [ -159.426264941548823, 21.881329684482083 ], [ -159.426388867304553, 21.881297742920086 ], [ -159.426624778349208, 21.88128811109398 ], [ -159.426713655527465, 21.881269812741618 ], [ -159.426919962866265, 21.881273809860279 ], [ -159.427073571750299, 21.881255348042171 ], [ -159.427362885537747, 21.881096472850182 ], [ -159.427622109458497, 21.880991893209995 ], [ -159.427852281593601, 21.880882869565664 ], [ -159.428047205890664, 21.880719713849555 ], [ -159.428548726114258, 21.880515115139445 ], [ -159.42874937352471, 21.88044683051611 ], [ -159.428920498524406, 21.880419285976615 ], [ -159.4290679493391, 21.880364691253213 ], [ -159.429369264888862, 21.880174154185013 ], [ -159.42948142588267, 21.880051872341586 ], [ -159.429528415047201, 21.879780650221285 ], [ -159.429522609010235, 21.879658668686698 ], [ -159.429475705507457, 21.879550346982505 ], [ -159.429393135832498, 21.879451151850475 ], [ -159.429398877480139, 21.879347214655439 ], [ -159.429599566480221, 21.879089157094118 ], [ -159.429777049552229, 21.878962191938623 ], [ -159.429865630005168, 21.878844488611204 ], [ -159.430018727724132, 21.878451000846496 ], [ -159.430184393123881, 21.878215623903785 ], [ -159.430301984024396, 21.878088810968649 ], [ -159.430373410612049, 21.877898857070992 ], [ -159.430455873502211, 21.877758578599966 ], [ -159.430627330691578, 21.877640664609849 ], [ -159.430727337099228, 21.877500340143786 ], [ -159.430845276114724, 21.877287677225425 ], [ -159.431205545153432, 21.876988547674753 ], [ -159.43122921990792, 21.876812271065855 ], [ -159.431294070612807, 21.876649444757206 ], [ -159.431748788293135, 21.876173858420277 ], [ -159.43213261828646, 21.875662305173915 ], [ -159.432451032699078, 21.875530461036039 ], [ -159.432486347655441, 21.87540385708305 ], [ -159.432574842984934, 21.87525904355897 ], [ -159.433436675975514, 21.874579091179424 ], [ -159.43360197016176, 21.874425045049509 ], [ -159.43388529438559, 21.874293288715155 ], [ -159.433938272289339, 21.874207305011318 ], [ -159.434109294092423, 21.874148128313117 ], [ -159.434245459213457, 21.874165853876082 ], [ -159.4343806859994, 21.874273947750343 ], [ -159.434463603067115, 21.874287290831653 ], [ -159.434752546709177, 21.87421425791786 ], [ -159.434847143250494, 21.874087501548807 ], [ -159.434876473756759, 21.873983504603238 ], [ -159.434988761212225, 21.873906404852303 ], [ -159.435035702536908, 21.873824954901949 ], [ -159.435136040550844, 21.873797587287893 ], [ -159.43523654195991, 21.873824439834284 ], [ -159.435372489561473, 21.873769871744166 ], [ -159.435702920723742, 21.873814206976483 ], [ -159.435791418362385, 21.873872718057218 ], [ -159.435749602174269, 21.874049040571308 ], [ -159.435767525860314, 21.87417550801101 ], [ -159.435850218316574, 21.874315364022731 ], [ -159.436044784421085, 21.874441377586557 ], [ -159.436268856073383, 21.874522131175976 ], [ -159.436593253461041, 21.874570998728792 ], [ -159.436894487074767, 21.874561186460234 ], [ -159.437337125487915, 21.874501307614818 ], [ -159.437590432070323, 21.874446435168327 ], [ -159.437938767670772, 21.87440938963325 ], [ -159.438363794557915, 21.874326962245288 ], [ -159.43949066306763, 21.873881253663214 ], [ -159.440547286029926, 21.873214324617035 ], [ -159.440765530374847, 21.872969771134652 ], [ -159.441013141402749, 21.872634774663528 ], [ -159.441173050824034, 21.872304523603397 ], [ -159.441225817235818, 21.872150764867534 ], [ -159.441232086591981, 21.872024236884023 ], [ -159.441279353810756, 21.871852418406132 ], [ -159.441297006741365, 21.871689702901726 ], [ -159.441114361841215, 21.87130609501672 ], [ -159.44110790080498, 21.871170553037619 ], [ -159.441185263538131, 21.870750121727543 ], [ -159.441173358073826, 21.870614593416157 ], [ -159.441202752727747, 21.870533182394126 ], [ -159.441438590101114, 21.870505458959251 ], [ -159.44157461550833, 21.870477994563299 ], [ -159.441568799748495, 21.870356007154896 ], [ -159.441639286786199, 21.870260933258084 ], [ -159.441739882186056, 21.86992177624057 ], [ -159.441857690522511, 21.86987176512919 ], [ -159.442022820448756, 21.869866817648038 ], [ -159.442294553285507, 21.869906779062887 ], [ -159.442448217415546, 21.869910898251792 ], [ -159.442489131748147, 21.869838494202966 ], [ -159.442448160715429, 21.869694004999289 ], [ -159.44246597722514, 21.869386694204987 ], [ -159.442447856266227, 21.869196960216335 ], [ -159.442607361895455, 21.869133284842029 ], [ -159.442755057605183, 21.869164530560862 ], [ -159.442849657669285, 21.869042282395977 ], [ -159.442879105846515, 21.868978945384963 ], [ -159.443115228355595, 21.86884729117666 ], [ -159.443220978668563, 21.868810866913339 ], [ -159.44327992844245, 21.868702267063274 ], [ -159.443345162625548, 21.868670467154754 ], [ -159.443410245216683, 21.868588963339281 ], [ -159.443451598085971, 21.868462334517645 ], [ -159.443533756017644, 21.868425971735377 ], [ -159.44359325896653, 21.868498114798932 ], [ -159.443616590248524, 21.868611018666989 ], [ -159.443663870132355, 21.868642525736707 ], [ -159.443776094691685, 21.868547342176502 ], [ -159.44387634442117, 21.868492857858847 ], [ -159.443976719822615, 21.868479040204502 ], [ -159.444124125491754, 21.868415395976225 ], [ -159.444224350454476, 21.868550692339301 ], [ -159.4442835081189, 21.86850987031449 ], [ -159.444336186899932, 21.868328989201711 ], [ -159.444413409176235, 21.868261008553052 ], [ -159.444478203897603, 21.868283432736259 ], [ -159.44456645557878, 21.868459427340557 ], [ -159.444855442358289, 21.868603267454599 ], [ -159.445050128870776, 21.86857112820713 ], [ -159.445256861601791, 21.868719700662389 ], [ -159.445327350342296, 21.8688234441342 ], [ -159.4454097714152, 21.868872932883527 ], [ -159.445670033208444, 21.868723138063174 ], [ -159.44576996909538, 21.868763543846061 ], [ -159.446011954028648, 21.868966245115974 ], [ -159.446182762830176, 21.869038094956689 ], [ -159.446572614044584, 21.869326260752359 ], [ -159.446701919663923, 21.869475034831051 ], [ -159.446802523580857, 21.869732328767583 ], [ -159.447044387878606, 21.869894361738091 ], [ -159.447114933806915, 21.870016177786994 ], [ -159.44703836640565, 21.870296530333519 ], [ -159.447061604146541, 21.870377803177263 ], [ -159.447132518930744, 21.870422802286317 ], [ -159.447298045859327, 21.870350066121059 ], [ -159.447504109043933, 21.870082919021471 ], [ -159.447574914020379, 21.870091767551958 ], [ -159.447734594700506, 21.870281119892123 ], [ -159.447846687218288, 21.870339560371022 ], [ -159.448029430839284, 21.870357145266478 ], [ -159.44821795868512, 21.870288861995085 ], [ -159.448407258695198, 21.87027479882169 ], [ -159.448501162166878, 21.870319732066982 ], [ -159.448613664216083, 21.870314912177463 ], [ -159.448708088943192, 21.870332733130592 ], [ -159.44912663099845, 21.870896428509194 ], [ -159.449256182782335, 21.870927710573866 ], [ -159.449321344212848, 21.871067610227655 ], [ -159.449409789933924, 21.87110803966479 ], [ -159.449581026790554, 21.87112113424045 ], [ -159.44964588017811, 21.871161627014665 ], [ -159.449728668204017, 21.871328590949481 ], [ -159.449739907049178, 21.871441524130923 ], [ -159.449769674361818, 21.871482111710804 ], [ -159.449887566972706, 21.87145920088842 ], [ -159.450041227608949, 21.871851901537909 ], [ -159.450100228464265, 21.871955661586021 ], [ -159.450206343724773, 21.87203670391045 ], [ -159.45026498018845, 21.872022991023591 ], [ -159.450330385630423, 21.871851122342285 ], [ -159.450554238793387, 21.871859555729362 ], [ -159.450660368413196, 21.871945114972995 ], [ -159.450908150526175, 21.872256203385447 ], [ -159.451144493585502, 21.872779677831343 ], [ -159.451244195197347, 21.872937545662552 ], [ -159.451368390017308, 21.87299594691742 ], [ -159.451627950782267, 21.873008799148483 ], [ -159.451934977735675, 21.872917604121003 ], [ -159.452442391935449, 21.872681283757053 ], [ -159.452631385042395, 21.872567817132744 ], [ -159.452643117300653, 21.872450311973441 ], [ -159.452701640661758, 21.872400452389392 ], [ -159.452943756015827, 21.872444978479511 ], [ -159.453144552144579, 21.872430879132995 ], [ -159.4535103263282, 21.872362113100639 ], [ -159.453616231553269, 21.872375380550871 ], [ -159.453687263547266, 21.872456514469132 ], [ -159.453716922201181, 21.872655234301405 ], [ -159.453828614538082, 21.872971204711757 ], [ -159.453905639226519, 21.873034250305089 ], [ -159.454005693680273, 21.873110786865542 ], [ -159.454218069320802, 21.87312376411818 ], [ -159.45444846646069, 21.873096028007467 ], [ -159.45465510001398, 21.873014137501357 ], [ -159.454837999396261, 21.87288713072342 ], [ -159.45506803764215, 21.872552158490222 ], [ -159.455056043190353, 21.872199772006525 ], [ -159.45511505788059, 21.872113765892447 ], [ -159.455439713477631, 21.872243908838051 ], [ -159.455599095181412, 21.872333837606273 ], [ -159.455581258604667, 21.872433286303657 ], [ -159.455374910175379, 21.872605539337112 ], [ -159.455291829352262, 21.872926556926455 ], [ -159.45538050983842, 21.873233551695591 ], [ -159.455599067209931, 21.873481454938364 ], [ -159.455928935141117, 21.873729053500742 ], [ -159.456182760078889, 21.873841314660773 ], [ -159.456412793340718, 21.873890385392212 ], [ -159.456678334566675, 21.873880622306672 ], [ -159.457009009395676, 21.873807425815226 ], [ -159.457274606048372, 21.873815735129078 ], [ -159.457415898897523, 21.873923783988086 ], [ -159.457486627373697, 21.874099798240994 ], [ -159.457510227784184, 21.874294014133493 ], [ -159.457716912252693, 21.874419956435325 ], [ -159.457976618187416, 21.874477979726308 ], [ -159.458265475280911, 21.874572067635462 ], [ -159.45853120231078, 21.874621036993968 ], [ -159.458707821180496, 21.874995558187717 ], [ -159.459274097986679, 21.875391596766889 ], [ -159.459480756625084, 21.87550849875846 ], [ -159.459764215586404, 21.875616152584811 ], [ -159.46015339682279, 21.875678332775262 ], [ -159.46055456338371, 21.875704333340334 ], [ -159.460849721203402, 21.875685445296543 ], [ -159.461369054807818, 21.875584608721464 ], [ -159.461552152801545, 21.875520848099157 ], [ -159.46179371479721, 21.875389152981029 ], [ -159.461894107595612, 21.875379838864063 ], [ -159.462012344529597, 21.8754653557742 ], [ -159.462041900847851, 21.875438164895325 ], [ -159.462419401711486, 21.875631397892342 ], [ -159.462560815845336, 21.875585823936934 ], [ -159.462702329908495, 21.875571876620487 ], [ -159.462749760876108, 21.875648552829801 ], [ -159.46280855600051, 21.875874295996713 ], [ -159.462897339628938, 21.876018630014634 ], [ -159.463044760265092, 21.87614924563913 ], [ -159.463215644133243, 21.876239132726969 ], [ -159.463451733006053, 21.876288175593555 ], [ -159.464154166282952, 21.876313328601388 ], [ -159.464337063388001, 21.876376072683311 ], [ -159.464443291190776, 21.876488729632914 ], [ -159.464578944560657, 21.876533532227651 ], [ -159.464679050934961, 21.876623615545871 ], [ -159.464891649082432, 21.876704347809 ], [ -159.465198330717726, 21.876694455727421 ], [ -159.465274840833246, 21.876594843140818 ], [ -159.465233429442463, 21.876509115302323 ], [ -159.465298619125349, 21.876463751531794 ], [ -159.465481564571917, 21.876729808989136 ], [ -159.465581468381089, 21.876756638267011 ], [ -159.465764753600325, 21.876751607448899 ], [ -159.465729163799551, 21.876783334188563 ], [ -159.465740903351275, 21.876860108586314 ], [ -159.465800348495804, 21.876909641934198 ], [ -159.465852993464182, 21.876914013026035 ], [ -159.465947641604174, 21.876999591938514 ], [ -159.466065510106347, 21.877157395440943 ], [ -159.46618360709391, 21.877197728216029 ], [ -159.466278240938578, 21.877278788824416 ], [ -159.466372153444809, 21.877323707154556 ], [ -159.466443137268584, 21.877386761129198 ], [ -159.466620001794809, 21.877454036956212 ], [ -159.466667362017233, 21.877508121452138 ], [ -159.466749781522935, 21.877553071215427 ], [ -159.466903323710653, 21.877516496366503 ], [ -159.467056845297321, 21.877285642982454 ], [ -159.467222143175263, 21.87733035932337 ], [ -159.467464066851619, 21.877311608560397 ], [ -159.467469744039647, 21.877383881872987 ], [ -159.467446543126016, 21.877505934921356 ], [ -159.46753474216402, 21.877654784324609 ], [ -159.46759936263868, 21.877808217846319 ], [ -159.467581679063727, 21.877952846874141 ], [ -159.467670294016045, 21.878042959126653 ], [ -159.467817604168403, 21.878137425508285 ], [ -159.467859032308837, 21.878227670747552 ], [ -159.467894760536581, 21.878426365828251 ], [ -159.467977457010193, 21.878557158013987 ], [ -159.468354790713732, 21.878881398331224 ], [ -159.468431336914023, 21.878980580750053 ], [ -159.46846681830678, 21.879102468832698 ], [ -159.46850200766022, 21.879133996664777 ], [ -159.46858475622966, 21.879093100712645 ], [ -159.468697220893262, 21.879074710890361 ], [ -159.46890970126546, 21.879304534222012 ], [ -159.468974323978074, 21.879457967134481 ], [ -159.469051155179756, 21.879832750663013 ], [ -159.469122038029468, 21.879864177616618 ], [ -159.469180471827087, 21.879787205464911 ], [ -159.469239690927196, 21.879579206707188 ], [ -159.469092274576468, 21.879078115356457 ], [ -159.46909228176537, 21.878892874154005 ], [ -159.469145611545059, 21.878734590860738 ], [ -159.46909238810062, 21.878364259144785 ], [ -159.469162978686626, 21.878305324952159 ], [ -159.469369815854748, 21.878286668585524 ], [ -159.469517278918403, 21.878241072334763 ], [ -159.469747104507945, 21.878222350876815 ], [ -159.470148455133398, 21.87830254332977 ], [ -159.470219708453811, 21.878261678470192 ], [ -159.470314081626412, 21.878261411769458 ], [ -159.470490934156402, 21.87832416528077 ], [ -159.470656073180436, 21.878319179916858 ], [ -159.470868593032236, 21.878187554562924 ], [ -159.471027682258466, 21.878182586121451 ], [ -159.471222356892184, 21.878331131699401 ], [ -159.47138182071339, 21.878814112237055 ], [ -159.471358311863725, 21.879026527696496 ], [ -159.471240238212715, 21.879180476944832 ], [ -159.471186821590521, 21.879311652268871 ], [ -159.47131673771554, 21.879451343920337 ], [ -159.471534964567127, 21.879586267258542 ], [ -159.471871617073703, 21.879675673289004 ], [ -159.472207769089096, 21.879796706148127 ], [ -159.472508894869037, 21.879935904127095 ], [ -159.472892414950422, 21.88029625123356 ], [ -159.473128323733761, 21.880471779489671 ], [ -159.473299263816841, 21.880760444898964 ], [ -159.473364408381087, 21.88088676383159 ], [ -159.473511712146887, 21.880976702349042 ], [ -159.473747829865033, 21.881030241994853 ], [ -159.474001448190052, 21.881070176517653 ], [ -159.47417836601457, 21.880965752790377 ], [ -159.474391037352746, 21.880508819999545 ], [ -159.474945694426424, 21.880475599181665 ], [ -159.475022113310558, 21.880534113737045 ], [ -159.475099019492916, 21.880556482633448 ], [ -159.475187876485961, 21.880533637424655 ], [ -159.475258142000882, 21.88056054354357 ], [ -159.475464926515656, 21.880709042684884 ], [ -159.475512322025992, 21.880772158921022 ], [ -159.475653636190685, 21.880880185354872 ], [ -159.475730174440429, 21.880974843439137 ], [ -159.475741934694071, 21.881056134176333 ], [ -159.475842716042024, 21.8811642765993 ], [ -159.475889639819883, 21.88126805643136 ], [ -159.475871727420099, 21.881340396603811 ], [ -159.475878221851133, 21.881475918402504 ], [ -159.475960795343951, 21.881566040789842 ], [ -159.476167285075604, 21.881624179782456 ], [ -159.476627261962761, 21.88168158699574 ], [ -159.476916441573906, 21.881680751745542 ], [ -159.477117190449718, 21.881648545198502 ], [ -159.477317438493344, 21.881647965924586 ], [ -159.477494563095604, 21.881606792005396 ], [ -159.477607118680965, 21.881615501947891 ], [ -159.477742386431089, 21.881723543171141 ], [ -159.477948921245257, 21.881795233294277 ], [ -159.478279740929509, 21.881762648751174 ], [ -159.478432696455314, 21.881730580280479 ], [ -159.478498123326602, 21.881757498146328 ], [ -159.478722259696013, 21.882213167907018 ], [ -159.47882230534276, 21.882280648251339 ], [ -159.479052347079744, 21.882325160707023 ], [ -159.479188468266074, 21.88232476564486 ], [ -159.479447631551494, 21.882211062540577 ], [ -159.47960701839861, 21.882111203105062 ], [ -159.479701462909475, 21.881948279654065 ], [ -159.479802076871238, 21.881821483274241 ], [ -159.480020339307544, 21.881780185903967 ], [ -159.480185274929624, 21.881711936704846 ], [ -159.480327354523212, 21.881684414518077 ], [ -159.480533847049685, 21.881742547997572 ], [ -159.480728089807229, 21.881755536504969 ], [ -159.480875839304133, 21.881795767539856 ], [ -159.481348103316208, 21.881726621452717 ], [ -159.481542585802572, 21.881811895768145 ], [ -159.481566389265254, 21.881875078275545 ], [ -159.481442503555229, 21.881916101855889 ], [ -159.481394995487932, 21.882002082592248 ], [ -159.481507006268686, 21.882028863997665 ], [ -159.481961605928774, 21.881923622696789 ], [ -159.482091406572493, 21.881841919999051 ], [ -159.482150669346595, 21.881651990240606 ], [ -159.482162323681621, 21.881335696534027 ], [ -159.482256735371948, 21.881163737285103 ], [ -159.482386234291965, 21.880991674325539 ], [ -159.482528298493861, 21.880959633970786 ], [ -159.482592781500273, 21.881248596735407 ], [ -159.482557733649656, 21.881442972942576 ], [ -159.482587208261776, 21.881573908916042 ], [ -159.482492646724012, 21.881700689231398 ], [ -159.482593189383635, 21.881917258870054 ], [ -159.482899691050051, 21.882395270252026 ], [ -159.483035748036826, 21.882557519642855 ], [ -159.483259482755102, 21.882705958180736 ], [ -159.483431143933046, 21.882840994852451 ], [ -159.483614013631154, 21.882890156579304 ], [ -159.483755489657568, 21.882862634106861 ], [ -159.483867231129835, 21.882808090062863 ], [ -159.483920544626272, 21.882830524103039 ], [ -159.483979453428702, 21.882898121222109 ], [ -159.484067811099919, 21.882906897829727 ], [ -159.484310346613654, 21.883068833150908 ], [ -159.484410485975445, 21.883163416766553 ], [ -159.484481284102145, 21.883167726659011 ], [ -159.484593508031566, 21.883257757380846 ], [ -159.484664409833869, 21.883474411954282 ], [ -159.484805521624224, 21.883519177077726 ], [ -159.485325250017013, 21.883531202610392 ], [ -159.485501815335624, 21.883503575233149 ], [ -159.485897626340346, 21.8835475893212 ], [ -159.486080210772712, 21.883510907301321 ], [ -159.486198500436331, 21.883424717234941 ], [ -159.486428303927511, 21.883216212701562 ], [ -159.486711587720606, 21.883260556237648 ], [ -159.486811744101402, 21.883359656447066 ], [ -159.486912382938726, 21.883422611007255 ], [ -159.487095240122443, 21.88346725073956 ], [ -159.48736687954846, 21.883647167030482 ], [ -159.487502503329608, 21.883678391669044 ], [ -159.487685616644455, 21.883619116550154 ], [ -159.487968279306216, 21.883478223551506 ], [ -159.488133832298274, 21.88341448183364 ], [ -159.488340645988529, 21.883386761771231 ], [ -159.488446761103631, 21.883458735409508 ], [ -159.488098626462175, 21.883739879938894 ], [ -159.487956940180453, 21.883884873678856 ], [ -159.487933044238446, 21.883975304404274 ], [ -159.488009938791606, 21.883993148202418 ], [ -159.488216722590977, 21.883956392109152 ], [ -159.488399444349255, 21.883960369396238 ], [ -159.488753513393988, 21.884004499459046 ], [ -159.488824510209213, 21.884067540788511 ], [ -159.488310665787566, 21.884186530191819 ], [ -159.487520401205927, 21.884324408100809 ], [ -159.487307930280593, 21.884469610808328 ], [ -159.487260819074862, 21.884673058908671 ], [ -159.487248826809235, 21.88488543845552 ], [ -159.487325601119892, 21.885047858618812 ], [ -159.487443530286782, 21.885214674164974 ], [ -159.487744669035408, 21.885530040939614 ], [ -159.487868090117104, 21.885710394286345 ], [ -159.487945136368324, 21.885773418053933 ], [ -159.48808068542786, 21.885782052645482 ], [ -159.488399485122301, 21.885591353244752 ], [ -159.488717738602077, 21.885418727379765 ], [ -159.488788914923077, 21.885355264122687 ], [ -159.488930270066902, 21.885291593406681 ], [ -159.489131203888661, 21.885313587404656 ], [ -159.489278536278505, 21.88540802688598 ], [ -159.489337570966569, 21.885511764874767 ], [ -159.489420139728395, 21.885597360381187 ], [ -159.489514686065036, 21.88564677700678 ], [ -159.489662365752025, 21.885664410499885 ], [ -159.489839526651707, 21.885812975622837 ], [ -159.489927870983621, 21.885817230959532 ], [ -159.49008726874564, 21.885721880475685 ], [ -159.490317451282294, 21.885626318206693 ], [ -159.490558859364, 21.885630117424476 ], [ -159.490806988778502, 21.885832686732464 ], [ -159.491066836953024, 21.885922271087463 ], [ -159.491273155945407, 21.885926173876335 ], [ -159.491639048057436, 21.885708220812816 ], [ -159.491792655978372, 21.885689691466357 ], [ -159.491863073085568, 21.885581050587572 ], [ -159.491815738511605, 21.885359812653018 ], [ -159.491668504376719, 21.885116283224281 ], [ -159.491756726352833, 21.88508439381884 ], [ -159.491863280942596, 21.885106666265628 ], [ -159.492087609935737, 21.885069852905815 ], [ -159.492264551035674, 21.884974447018358 ], [ -159.492571281282096, 21.884973530814964 ], [ -159.492582982570866, 21.884856029879355 ], [ -159.492559333760028, 21.884661829181702 ], [ -159.492659639483009, 21.884625385932281 ], [ -159.492712931533049, 21.884462581079116 ], [ -159.492807218249851, 21.884435191103776 ], [ -159.493014140092868, 21.884439090844324 ], [ -159.493079042508214, 21.884488594159766 ], [ -159.493196594349058, 21.884542457017311 ], [ -159.493639368897306, 21.884518542543372 ], [ -159.493716058815181, 21.884653850201776 ], [ -159.493798942069617, 21.884653602617469 ], [ -159.493834299019312, 21.884554102288092 ], [ -159.493904882211837, 21.884495157665885 ], [ -159.494076094371991, 21.884494644124814 ], [ -159.494211703768457, 21.884521345114042 ], [ -159.494394749353035, 21.884620190943842 ], [ -159.494654510112923, 21.885039578814567 ], [ -159.494736927842695, 21.885079992594953 ], [ -159.494860796666472, 21.885034440968653 ], [ -159.494943592417258, 21.884830886341881 ], [ -159.49503769378174, 21.884749280824384 ], [ -159.495120423087172, 21.884703853563444 ], [ -159.495326863181447, 21.88474389415218 ], [ -159.49540938916553, 21.884815933263031 ], [ -159.495503782861761, 21.884820167418692 ], [ -159.495569013265509, 21.884788346061704 ], [ -159.495615890958248, 21.884874044906887 ], [ -159.495699005569577, 21.88494156396899 ], [ -159.495786979591003, 21.884837387641053 ], [ -159.495893368401198, 21.884633761528942 ], [ -159.495946654106717, 21.884647154555953 ], [ -159.496023110353548, 21.884890892349585 ], [ -159.496100099098072, 21.884935839922253 ], [ -159.496282963091431, 21.884804269609536 ], [ -159.496406753969779, 21.884736128235197 ], [ -159.496690059130628, 21.884784971662473 ], [ -159.496885159516239, 21.884870223951264 ], [ -159.496937869314053, 21.885068853467594 ], [ -159.497120790972673, 21.885307750392652 ], [ -159.497280028546186, 21.885343413760367 ], [ -159.497492571624861, 21.885220789657822 ], [ -159.497593080754399, 21.885066877837797 ], [ -159.497693247255853, 21.884989770627929 ], [ -159.497928996583369, 21.884930326901845 ], [ -159.49794689919446, 21.884857986363198 ], [ -159.498029427590211, 21.884753825327561 ], [ -159.498088874216194, 21.884446428298496 ], [ -159.498206414075185, 21.884495770364119 ], [ -159.498289065153102, 21.88478014964193 ], [ -159.49837758164378, 21.884834096610863 ], [ -159.498725859987815, 21.884774312090933 ], [ -159.498926781481373, 21.884615578151365 ], [ -159.499510836699869, 21.884329183893151 ], [ -159.499617207856772, 21.88429723616569 ], [ -159.499817678161463, 21.884183681978119 ], [ -159.499900252030244, 21.884093074264111 ], [ -159.499976961983663, 21.884056698208951 ], [ -159.50000049666437, 21.884214753941716 ], [ -159.500053597919759, 21.884350130173143 ], [ -159.500189103378347, 21.884521399334197 ], [ -159.500318916062895, 21.88462040017874 ], [ -159.500442864299572, 21.884773632627653 ], [ -159.500590562886771, 21.884795774382969 ], [ -159.500667550787114, 21.884664521951034 ], [ -159.500873559284742, 21.884578056596624 ], [ -159.500932665011248, 21.884699860790157 ], [ -159.501027170139992, 21.884735716508256 ], [ -159.501198260007897, 21.884699053640514 ], [ -159.501357714881237, 21.884621765601512 ], [ -159.501457975932908, 21.884747961530039 ], [ -159.501464028963113, 21.88492414183612 ], [ -159.501517273041344, 21.885100177534493 ], [ -159.50159386199482, 21.885203856634863 ], [ -159.501729900546451, 21.885528730941246 ], [ -159.501824285543762, 21.885704642078295 ], [ -159.501824211115832, 21.885858250393945 ], [ -159.501871096563406, 21.886120146062186 ], [ -159.501900703183281, 21.886458897050101 ], [ -159.501883473367315, 21.88672550530363 ], [ -159.501806387748786, 21.887353726846943 ], [ -159.501723894870054, 21.887643123631729 ], [ -159.501735733642704, 21.887742480849443 ], [ -159.501854054361644, 21.887841514492369 ], [ -159.502585879565942, 21.888119394435595 ], [ -159.503500492704234, 21.888243105166694 ], [ -159.503653514359911, 21.888229084657016 ], [ -159.503742357268493, 21.888201705076522 ], [ -159.503789407462705, 21.888160900753931 ], [ -159.503871776633503, 21.888011558847719 ], [ -159.503996017616799, 21.887898231922133 ], [ -159.504084452296382, 21.887753389468621 ], [ -159.504125540051859, 21.88756351250651 ], [ -159.504214163033026, 21.887472884160175 ], [ -159.504249513365352, 21.887373382655486 ], [ -159.504237516012608, 21.887228846712894 ], [ -159.504473509514384, 21.88706548148361 ], [ -159.50456796235585, 21.886911584995108 ], [ -159.504792334799873, 21.886712111752708 ], [ -159.504886573797421, 21.886671162468417 ], [ -159.505069969633126, 21.886693189808984 ], [ -159.505293751857579, 21.886846113142859 ], [ -159.505388580838058, 21.886800643640782 ], [ -159.505464992177934, 21.886678426160085 ], [ -159.505577114939854, 21.886560618038263 ], [ -159.505748669282127, 21.886483287719805 ], [ -159.505919296384491, 21.886487282650023 ], [ -159.506096398951115, 21.886613240460637 ], [ -159.506226523473089, 21.886626394876327 ], [ -159.506350244360931, 21.886711854302654 ], [ -159.506409417472014, 21.886851726881432 ], [ -159.506503972218752, 21.886901132709838 ], [ -159.506663111267954, 21.886733482626493 ], [ -159.50675747643578, 21.886728675053806 ], [ -159.506869639928993, 21.886796098969473 ], [ -159.50760741226091, 21.886870633671013 ], [ -159.507778166805934, 21.88691076943087 ], [ -159.507991003018873, 21.886873970773934 ], [ -159.50814994654047, 21.886823784690534 ], [ -159.508274272742653, 21.886909240780163 ], [ -159.508616391376165, 21.886817829319355 ], [ -159.508734003657963, 21.886713555592273 ], [ -159.508817067005708, 21.886591316955343 ], [ -159.509206121291726, 21.886427472953599 ], [ -159.509235639597165, 21.886391239428953 ], [ -159.509324112961139, 21.886431627098343 ], [ -159.509418874059151, 21.8865397625501 ], [ -159.509690202131537, 21.88662024645631 ], [ -159.50992022975106, 21.886827357012891 ], [ -159.509944221228409, 21.886940229384106 ], [ -159.510056148278636, 21.886939883657099 ], [ -159.510156341336767, 21.886871805126027 ], [ -159.510362760077442, 21.886902792372055 ], [ -159.510599235296155, 21.887222827713057 ], [ -159.510923534756955, 21.887569698935529 ], [ -159.51118927670197, 21.887781214947985 ], [ -159.511342582979466, 21.887848507134912 ], [ -159.511531457406051, 21.887879546459253 ], [ -159.512180810843262, 21.888098905895806 ], [ -159.51244042526298, 21.888116170680902 ], [ -159.51276526863407, 21.888101606940673 ], [ -159.512965400188335, 21.888064841411119 ], [ -159.513219266358277, 21.887996284069629 ], [ -159.513815091129032, 21.887962803743573 ], [ -159.514411360484331, 21.887884140518366 ], [ -159.514919076813271, 21.887914181435267 ], [ -159.515898296175777, 21.887658121073663 ], [ -159.516246381018874, 21.887544086354662 ], [ -159.516476488008038, 21.887430420062046 ], [ -159.516493947133199, 21.887236098069327 ], [ -159.516381994125595, 21.886888575007937 ], [ -159.516382261461359, 21.886793699151777 ], [ -159.516712407350525, 21.886910129185562 ], [ -159.51686001362765, 21.886905148764267 ], [ -159.517060576238919, 21.886990358840468 ], [ -159.51733817791694, 21.886962381909438 ], [ -159.517739532943494, 21.886857212042301 ], [ -159.517880878099191, 21.886793518505829 ], [ -159.51793403082894, 21.886599085030163 ], [ -159.517951608254776, 21.886608065074366 ], [ -159.517969427477567, 21.886684812473408 ], [ -159.518228854348592, 21.886819532523145 ], [ -159.518335181536003, 21.886945697883878 ], [ -159.518559421504847, 21.887053421262081 ], [ -159.518819196038521, 21.887115853943051 ], [ -159.519167599295116, 21.887092168065045 ], [ -159.519922856006815, 21.886809683895851 ], [ -159.520435923142003, 21.886645423795326 ], [ -159.521232579447684, 21.886267929681846 ], [ -159.521798770123866, 21.886071873148275 ], [ -159.522259361754436, 21.885952953017888 ], [ -159.522595359629292, 21.885843467773665 ], [ -159.522961771129303, 21.885779064601117 ], [ -159.523279914119342, 21.88558379594064 ], [ -159.523746218988776, 21.885369987618166 ], [ -159.524890594681921, 21.88494621490603 ], [ -159.525457588171776, 21.884804368853256 ], [ -159.525711283442945, 21.88469061997138 ], [ -159.526000248464726, 21.884459296175155 ], [ -159.526059015229123, 21.884147379494809 ], [ -159.526076673293602, 21.883844630325967 ], [ -159.526023497058816, 21.883528551248762 ], [ -159.526035252512315, 21.883266481220556 ], [ -159.526129387145829, 21.883031255825848 ], [ -159.526241900823038, 21.882859222528204 ], [ -159.526353661570568, 21.88281368969438 ], [ -159.526554620225312, 21.882672999402924 ], [ -159.526607582823715, 21.882763187818053 ], [ -159.526707719015548, 21.882848709057527 ], [ -159.526885231985545, 21.883083072311582 ], [ -159.5268966301023, 21.883223088305691 ], [ -159.527097410920959, 21.883367020945204 ], [ -159.527115382989905, 21.883484427121612 ], [ -159.527262743536028, 21.88357883307992 ], [ -159.527481298397873, 21.883618798978638 ], [ -159.527793641598748, 21.88349582467578 ], [ -159.527958937321188, 21.883364282290824 ], [ -159.528077057207014, 21.88323740731358 ], [ -159.528177455144345, 21.883228052769351 ], [ -159.528183557479792, 21.8834087459297 ], [ -159.52816542739086, 21.883580480573837 ], [ -159.528224375572563, 21.883652578601737 ], [ -159.528118321829311, 21.883770378767824 ], [ -159.528089037832387, 21.883869863895619 ], [ -159.528248302312392, 21.883910017056454 ], [ -159.528596247417198, 21.883926981267855 ], [ -159.528750050611023, 21.883962633356468 ], [ -159.528897379388752, 21.884048002603585 ], [ -159.529091985899839, 21.884322968752798 ], [ -159.529163035477069, 21.884395027548223 ], [ -159.529204439983118, 21.884467180667894 ], [ -159.529116140927954, 21.884476497883725 ], [ -159.529003494536965, 21.88444523206859 ], [ -159.528950891419839, 21.884454435438478 ], [ -159.529110433742375, 21.885068349858173 ], [ -159.529169189808329, 21.885253393664534 ], [ -159.529192805802921, 21.885424995128897 ], [ -159.529246083903104, 21.885601020277932 ], [ -159.529435276539971, 21.885717879414621 ], [ -159.529606022503344, 21.885753477094955 ], [ -159.529948587321798, 21.885621367085676 ], [ -159.530054645766285, 21.885670724066287 ], [ -159.530125394112929, 21.885991263142994 ], [ -159.53022582623899, 21.885990942528039 ], [ -159.530319895013179, 21.885904803687144 ], [ -159.530432246972168, 21.885854748070727 ], [ -159.530544157078907, 21.8858498730878 ], [ -159.530626862537616, 21.885799912845528 ], [ -159.530797850934675, 21.885736116424898 ], [ -159.530898607498955, 21.885658991018826 ], [ -159.53099302197603, 21.88566772465358 ], [ -159.53115218024297, 21.88584341043018 ], [ -159.531093391495261, 21.886146291640078 ], [ -159.531081347019409, 21.886327043087338 ], [ -159.531134512625783, 21.886471442971182 ], [ -159.531234754476827, 21.886584067834015 ], [ -159.531589027887037, 21.886840448660141 ], [ -159.531760380669027, 21.886876042111357 ], [ -159.532055662399557, 21.886884130901461 ], [ -159.532633737215264, 21.886959079972524 ], [ -159.533188415475081, 21.887088314622762 ], [ -159.533973331517615, 21.886977363918483 ], [ -159.534162081299371, 21.886972238195977 ], [ -159.534380337142409, 21.887093516269115 ], [ -159.534622716468618, 21.887029486016797 ], [ -159.534929327863125, 21.886992355414574 ], [ -159.535289264704033, 21.886977641448308 ], [ -159.535525459510893, 21.886877487841335 ], [ -159.535672616959431, 21.886750514006618 ], [ -159.535885299855522, 21.886673024188948 ], [ -159.535979853391041, 21.886555255659466 ], [ -159.53608005235165, 21.88649168235715 ], [ -159.536239389371787, 21.886549898973229 ], [ -159.536315888523518, 21.886621937741882 ], [ -159.53645742952375, 21.886612444126449 ], [ -159.536552115791153, 21.886530816978858 ], [ -159.536811854800419, 21.886417032327518 ], [ -159.536923849572361, 21.886434740546644 ], [ -159.537212841240688, 21.886704874451812 ], [ -159.537395788078555, 21.886930171959765 ], [ -159.537455376304024, 21.887336582538492 ], [ -159.537567068726304, 21.887435612657796 ], [ -159.537685165133496, 21.887466854737109 ], [ -159.538039656819564, 21.887452152522876 ], [ -159.53835809822678, 21.887505333548301 ], [ -159.538505672912407, 21.887491301234473 ], [ -159.538694289303066, 21.887287386814517 ], [ -159.538806807045034, 21.887282504214859 ], [ -159.538877610256776, 21.887286791545446 ], [ -159.538901256913476, 21.887300268475848 ], [ -159.53893628061266, 21.887282083248611 ], [ -159.538956750500802, 21.887254910342161 ], [ -159.53898385930421, 21.887223197600353 ], [ -159.539024916900757, 21.887200474501757 ], [ -159.539095921890208, 21.887258975615268 ], [ -159.539119635510474, 21.887290522903445 ], [ -159.539042360234703, 21.887335952391599 ], [ -159.539018865383582, 21.887363136113152 ], [ -159.539042780797274, 21.887448896383791 ], [ -159.539113163943455, 21.887502881417667 ], [ -159.539497150160713, 21.887610061072564 ], [ -159.539632573925189, 21.887582514149781 ], [ -159.539685664398007, 21.887541680848948 ], [ -159.539762737507175, 21.887442038096921 ], [ -159.539910110808876, 21.887373791560965 ], [ -159.540152001071817, 21.887341379725186 ], [ -159.540305675399708, 21.887340879202448 ], [ -159.540547313038843, 21.887240700587768 ], [ -159.5406596272787, 21.887181602865006 ], [ -159.540748011289651, 21.887194868779485 ], [ -159.540848511249635, 21.887212612053798 ], [ -159.540983951391041, 21.887189581174805 ], [ -159.541048874106053, 21.887239066111274 ], [ -159.541072638301387, 21.887284166349815 ], [ -159.541249824973193, 21.887260998984786 ], [ -159.541343920929165, 21.887183890073768 ], [ -159.541468152120359, 21.88723769796945 ], [ -159.5415446040125, 21.887296180099433 ], [ -159.541733555583647, 21.887345259550617 ], [ -159.541804292562119, 21.887331474332424 ], [ -159.541839617579512, 21.887231967983279 ], [ -159.541816153887879, 21.887105545542848 ], [ -159.541845630795905, 21.887060271145089 ], [ -159.541999373061429, 21.887077840329603 ], [ -159.542058580874851, 21.887055057648254 ], [ -159.542117149529872, 21.887023241748647 ], [ -159.542164408225574, 21.887041158576586 ], [ -159.542217686682136, 21.887212661109775 ], [ -159.542364976299268, 21.887284464806768 ], [ -159.542388592314524, 21.887451546863637 ], [ -159.542453448245823, 21.887482959046476 ], [ -159.542683642545455, 21.887559009241883 ], [ -159.542790024873085, 21.887531554532888 ], [ -159.542807786346089, 21.887427586874654 ], [ -159.542919698994211, 21.887422702556126 ], [ -159.542960890872934, 21.887436121050523 ], [ -159.543132297269239, 21.887485256732528 ], [ -159.54323253198649, 21.887593356026738 ], [ -159.543356142101231, 21.887642646424418 ], [ -159.543344211395294, 21.887687864093735 ], [ -159.543250014527842, 21.887737868565296 ], [ -159.543291460295052, 21.887819053139729 ], [ -159.54337950986951, 21.887904602932366 ], [ -159.54338571289793, 21.887945243567835 ], [ -159.543261835851354, 21.887986308877355 ], [ -159.543249954484708, 21.888045079776454 ], [ -159.543285486297265, 21.888162425956697 ], [ -159.543497820290156, 21.888315336201039 ], [ -159.543574052939306, 21.888315087286301 ], [ -159.543703946865634, 21.88826496567221 ], [ -159.543775284282873, 21.888088536831738 ], [ -159.54391669000151, 21.888042895139733 ], [ -159.544117104944519, 21.88808289865791 ], [ -159.544323784512613, 21.888018971232047 ], [ -159.544383111377698, 21.888027812221026 ], [ -159.544471178870651, 21.888117879455571 ], [ -159.544725288263606, 21.888117045394281 ], [ -159.544831506910526, 21.888207052386129 ], [ -159.545244149695378, 21.888210214634221 ], [ -159.54598822513347, 21.888180661416275 ], [ -159.546230277690825, 21.888030776754825 ], [ -159.546312305884413, 21.88796273947068 ], [ -159.546454536460374, 21.887975824558151 ], [ -159.546513376978254, 21.888016290377507 ], [ -159.546743387638912, 21.888042639971076 ], [ -159.546891004663479, 21.888200276934871 ], [ -159.547097317390268, 21.888199596134829 ], [ -159.547167969021046, 21.888163221114166 ], [ -159.547174436348911, 21.888113504148894 ], [ -159.547215442113156, 21.888077225806892 ], [ -159.547351054328999, 21.88809937011429 ], [ -159.547474737144256, 21.888166730442148 ], [ -159.547552037400237, 21.888288456673628 ], [ -159.547728793564261, 21.888310464753818 ], [ -159.54781709450549, 21.888301139342257 ], [ -159.548005848074098, 21.888296000427147 ], [ -159.548419300001626, 21.888190730308491 ], [ -159.548489866838821, 21.888131766324214 ], [ -159.548525553394541, 21.887969007659585 ], [ -159.548561096531358, 21.88792822998953 ], [ -159.548737868692029, 21.887954754133986 ], [ -159.54885574788932, 21.887927259017715 ], [ -159.548986143683891, 21.887850026624154 ], [ -159.54916276847851, 21.887677767134448 ], [ -159.549345699417017, 21.887573254281065 ], [ -159.549546570091991, 21.887572591292489 ], [ -159.54964110983488, 21.887612939555829 ], [ -159.54980623200305, 21.887598841271409 ], [ -159.54999533258399, 21.887525931984182 ], [ -159.550112896848702, 21.887575240173131 ], [ -159.550207732715165, 21.887534265878177 ], [ -159.550337591744068, 21.887475105710269 ], [ -159.550461537485347, 21.887452106374965 ], [ -159.550685678006005, 21.887365526685493 ], [ -159.550827117319187, 21.887328916994868 ], [ -159.550969024657746, 21.887256161742059 ], [ -159.551104569106315, 21.887260231704392 ], [ -159.551134284152312, 21.887278204646975 ], [ -159.55136421331045, 21.887281961194297 ], [ -159.55171864069402, 21.887249162809855 ], [ -159.55181317983471, 21.887289509822683 ], [ -159.551966525598857, 21.887519410711178 ], [ -159.552231595876549, 21.88769472688227 ], [ -159.552426225397028, 21.88780250929581 ], [ -159.552561767730225, 21.887964701484879 ], [ -159.552721217619933, 21.888208135423149 ], [ -159.552921914618281, 21.888320414955341 ], [ -159.553199297536196, 21.888391779191551 ], [ -159.553435000771856, 21.88848135271229 ], [ -159.553818696911179, 21.888665308218894 ], [ -159.554167128670684, 21.888962325729882 ], [ -159.554249655935877, 21.889025301297639 ], [ -159.554662586084078, 21.889100730246014 ], [ -159.554739374492243, 21.889086920903114 ], [ -159.554798391674495, 21.889014438885138 ], [ -159.554839671574683, 21.888892320284892 ], [ -159.554951792567408, 21.888783518131373 ], [ -159.555075669647408, 21.888742444980295 ], [ -159.555140961881477, 21.888728674205467 ], [ -159.555276644398532, 21.888610758019265 ], [ -159.55532392363952, 21.888633189957396 ], [ -159.555370686805958, 21.888836336548056 ], [ -159.555417898625194, 21.888998820565661 ], [ -159.55548898200351, 21.889075387480165 ], [ -159.556178936128362, 21.889285423366957 ], [ -159.556397285824715, 21.889266622373693 ], [ -159.556574493483396, 21.889247959255727 ], [ -159.556857546904325, 21.889219906367011 ], [ -159.557164492593586, 21.889268576118585 ], [ -159.557394994786478, 21.889263286963132 ], [ -159.557571735851639, 21.889280767288106 ], [ -159.557737256052889, 21.889212445284009 ], [ -159.55788455483696, 21.889126113383966 ], [ -159.55797297754296, 21.889148406054215 ], [ -159.557996695576122, 21.88917995142716 ], [ -159.557967431415534, 21.889279442301724 ], [ -159.558020087914855, 21.889283783765261 ], [ -159.558067728626327, 21.889242963094034 ], [ -159.558138623032505, 21.889269833170204 ], [ -159.558150397402443, 21.889342079123395 ], [ -159.558350595876107, 21.889323337067776 ], [ -159.558416026803826, 21.889345706552728 ], [ -159.558468857311908, 21.889395225492738 ], [ -159.558380143067495, 21.889454255223477 ], [ -159.558374180026505, 21.889476864097986 ], [ -159.558545544876267, 21.889512433065637 ], [ -159.558610110854346, 21.889467037639154 ], [ -159.558805445595368, 21.889285668350119 ], [ -159.558887661058094, 21.889267321472243 ], [ -159.55899966334556, 21.889285017268168 ], [ -159.559100395715461, 21.889361481929573 ], [ -159.55913528487568, 21.88946527595877 ], [ -159.559129879732268, 21.88963245376566 ], [ -159.5591652340471, 21.889700103278688 ], [ -159.559342080565898, 21.889744688072511 ], [ -159.559507309738706, 21.889757686413777 ], [ -159.559708200761776, 21.889761529900529 ], [ -159.559926294480533, 21.889833082397811 ], [ -159.560014980584299, 21.889923140811156 ], [ -159.560138741296043, 21.890008564480461 ], [ -159.560368542483417, 21.890134290929865 ], [ -159.560492593688963, 21.890138391319397 ], [ -159.560616469273924, 21.890097314018561 ], [ -159.560781690523555, 21.889952186966323 ], [ -159.56097088569436, 21.889748246515939 ], [ -159.561083107664501, 21.889666547564325 ], [ -159.56130697287773, 21.889665792725651 ], [ -159.561437248620706, 21.889715050287666 ], [ -159.561478585246192, 21.889764607428429 ], [ -159.561555205653548, 21.88986374231899 ], [ -159.561560642261327, 21.89001733070949 ], [ -159.561507530162288, 21.890207259871612 ], [ -159.561513501961826, 21.890342774976872 ], [ -159.561584213215724, 21.890478072903687 ], [ -159.561726144149702, 21.890567951465375 ], [ -159.561855579617003, 21.890712085999571 ], [ -159.562174412773174, 21.890860100100848 ], [ -159.562463652429216, 21.89102176622205 ], [ -159.562770157220825, 21.89111108881119 ], [ -159.562959037677018, 21.891137557982173 ], [ -159.563277626389805, 21.891222320210709 ], [ -159.563508272335525, 21.89125316575657 ], [ -159.563797355364557, 21.89137416994004 ], [ -159.564027466741379, 21.891423087126707 ], [ -159.564251634830043, 21.891499131978971 ], [ -159.564623380838697, 21.891561122570998 ], [ -159.564747058628484, 21.891623953435971 ], [ -159.565006618628814, 21.891776681522874 ], [ -159.565290029254101, 21.891838970081661 ], [ -159.565449175507212, 21.8918429480177 ], [ -159.56559696620505, 21.891883107695573 ], [ -159.565744329228778, 21.89196844686451 ], [ -159.566086536530236, 21.892057641418578 ], [ -159.566310777040542, 21.89215175551956 ], [ -159.566393276639019, 21.89220568877127 ], [ -159.566895056400284, 21.892407286558395 ], [ -159.567078224655205, 21.892519610634935 ], [ -159.567237209543634, 21.892636534098607 ], [ -159.567455419419133, 21.892735184562675 ], [ -159.567715304246974, 21.892969229066569 ], [ -159.567992311724481, 21.893094785455872 ], [ -159.568057354576951, 21.89317136758903 ], [ -159.568134195157171, 21.893324712807232 ], [ -159.568429247717091, 21.893576708008034 ], [ -159.568500217761823, 21.893621644707153 ], [ -159.568594445311305, 21.893734270507899 ], [ -159.568906762163465, 21.893913919458821 ], [ -159.56908988107179, 21.894012688036696 ], [ -159.569332171443506, 21.894079628822134 ], [ -159.569562236987991, 21.894114985859705 ], [ -159.56968632763207, 21.894128115282914 ], [ -159.569733094630664, 21.894173134280145 ], [ -159.569774542138873, 21.894249796448076 ], [ -159.569862987674469, 21.894276601536156 ], [ -159.570098889277631, 21.894257723329527 ], [ -159.570294056807143, 21.894189287886476 ], [ -159.570760216908837, 21.893948244787417 ], [ -159.571131863771285, 21.89382950657717 ], [ -159.57136237229949, 21.893824198627705 ], [ -159.571544939331375, 21.893782912135464 ], [ -159.571627635487715, 21.893732931546761 ], [ -159.571704725286253, 21.893642309451614 ], [ -159.571881791801189, 21.893587487444581 ], [ -159.572023321462865, 21.893573447848745 ], [ -159.57227116252642, 21.893513864138967 ], [ -159.572442251580014, 21.893477130122836 ], [ -159.572731731339843, 21.89323668308916 ], [ -159.572926447796448, 21.893055295893316 ], [ -159.573162397907765, 21.892896354438481 ], [ -159.573427749454879, 21.892827669179319 ], [ -159.573575472875888, 21.892849747731713 ], [ -159.573664026633935, 21.89290365618708 ], [ -159.573681596713385, 21.893061722399768 ], [ -159.573652271457377, 21.893143145528594 ], [ -159.573670069930586, 21.893206334846312 ], [ -159.5737821491837, 21.893242089835674 ], [ -159.573864382875115, 21.893228251691784 ], [ -159.573970796052748, 21.893056203596608 ], [ -159.574188934382249, 21.892983162715726 ], [ -159.574543438143337, 21.892814773262657 ], [ -159.574572660788675, 21.892859851191282 ], [ -159.574578909082106, 21.892909526470692 ], [ -159.574679097631076, 21.892845928178815 ], [ -159.574744227650655, 21.892791488377011 ], [ -159.575085976789211, 21.892763196479404 ], [ -159.575127815248692, 21.892785640739596 ], [ -159.575115504706616, 21.892885077002333 ], [ -159.575050573112833, 21.892989214240508 ], [ -159.575097857731805, 21.893011639484488 ], [ -159.575287078670044, 21.892970322923738 ], [ -159.575351964083239, 21.893006240834737 ], [ -159.575381311973729, 21.893082942932455 ], [ -159.575493392498885, 21.893118697650209 ], [ -159.57555842212912, 21.893190758712308 ], [ -159.57558777113735, 21.8932674607649 ], [ -159.575729372588114, 21.893271487354145 ], [ -159.575800154009158, 21.893420332853832 ], [ -159.575770866179084, 21.893510792365152 ], [ -159.575877184359285, 21.893618853532608 ], [ -159.575900483457616, 21.893695576682344 ], [ -159.575818148806263, 21.893835917916412 ], [ -159.575811687993962, 21.894188337182147 ], [ -159.575770407506383, 21.894305945302833 ], [ -159.575693618586257, 21.894319765365758 ], [ -159.575682111905678, 21.89446889590544 ], [ -159.575640722416722, 21.894559397703816 ], [ -159.575658341544283, 21.894577408415348 ], [ -159.575929907442486, 21.894549359183571 ], [ -159.575947725250757, 21.894617066234566 ], [ -159.575894587415604, 21.894644357888986 ], [ -159.57581181971662, 21.89467627033785 ], [ -159.57580548813786, 21.894757614297873 ], [ -159.57586498276595, 21.894807105074126 ], [ -159.575923817972125, 21.894843043896994 ], [ -159.575935368801453, 21.89485655772625 ], [ -159.575888462549983, 21.894929006564531 ], [ -159.575799607206704, 21.89495190414565 ], [ -159.575758751087932, 21.895024332690681 ], [ -159.575351296239063, 21.895116103407972 ], [ -159.575268564395714, 21.895157051622636 ], [ -159.575156345566285, 21.895238761918073 ], [ -159.575103316071733, 21.895293160516875 ], [ -159.574896946988787, 21.89558753840608 ], [ -159.574819839156135, 21.895673645747753 ], [ -159.574649035936716, 21.895782666922205 ], [ -159.574536708609799, 21.895837269609672 ], [ -159.574424327869338, 21.89587831997634 ], [ -159.574271034660654, 21.895978243507784 ], [ -159.574188660948579, 21.896109547015094 ], [ -159.574170652919776, 21.896145752653791 ], [ -159.574164644087261, 21.896308418149065 ], [ -159.574170856233678, 21.896349057390442 ], [ -159.574182232349898, 21.89647100133848 ], [ -159.574241410677161, 21.89659278034992 ], [ -159.574288294845843, 21.896818512625536 ], [ -159.574412412734915, 21.896989750321616 ], [ -159.574736829145252, 21.8971648068012 ], [ -159.57524459120097, 21.897492819524278 ], [ -159.57538012836369, 21.897492350352636 ], [ -159.575462862494504, 21.897451407481988 ], [ -159.575646103608335, 21.897274594284632 ], [ -159.575770119855861, 21.89711605493693 ], [ -159.575852726647184, 21.897043490290496 ], [ -159.575970691193902, 21.896884971964457 ], [ -159.576153822928291, 21.896681033866802 ], [ -159.576348133295511, 21.896549340261938 ], [ -159.576454907169051, 21.896467647323838 ], [ -159.576548829013007, 21.896349855608737 ], [ -159.576720200088431, 21.896231795242421 ], [ -159.576820687919849, 21.896091390886323 ], [ -159.576950416814782, 21.896000581947757 ], [ -159.57706279688378, 21.895959529870836 ], [ -159.577133698967032, 21.895986391594164 ], [ -159.577192662283466, 21.896053955136143 ], [ -159.577310759462449, 21.896080652205502 ], [ -159.577404914928621, 21.896021591495213 ], [ -159.577416989502922, 21.895863422745922 ], [ -159.577499106294852, 21.895668867293832 ], [ -159.577658609947633, 21.895609579901404 ], [ -159.577753000653473, 21.895609251375799 ], [ -159.577900818569589, 21.895653916031346 ], [ -159.578077922398336, 21.895608119780839 ], [ -159.578284603322999, 21.895544149848842 ], [ -159.578367207887823, 21.895471574940132 ], [ -159.578437909467624, 21.895448738859169 ], [ -159.57862686197231, 21.895339650922811 ], [ -159.578650550038162, 21.895362158050144 ], [ -159.578674086017742, 21.895497613124359 ], [ -159.578703328746343, 21.895547208278025 ], [ -159.57870917319994, 21.895646582721692 ], [ -159.578780328798388, 21.895736693212097 ], [ -159.578862654567558, 21.89574544171613 ], [ -159.578939407423405, 21.895722585045053 ], [ -159.579033743445194, 21.895708701745125 ], [ -159.579069261358569, 21.895663398755527 ], [ -159.579127971898856, 21.89566771211512 ], [ -159.579192968010148, 21.895730736532272 ], [ -159.579269805500132, 21.895879560004268 ], [ -159.579323051671736, 21.895879373539898 ], [ -159.579328684983949, 21.895775441564684 ], [ -159.579387927577358, 21.895761681554692 ], [ -159.579458938552023, 21.895815648540776 ], [ -159.579565055042195, 21.896023102897065 ], [ -159.579747671967596, 21.896144448849086 ], [ -159.579842498594473, 21.896252548703057 ], [ -159.579912887649357, 21.896301999596936 ], [ -159.580107793293763, 21.896319390612792 ], [ -159.580255467325145, 21.896327910829605 ], [ -159.580455987248996, 21.896236851436328 ], [ -159.580768864614384, 21.896249311198666 ], [ -159.580880947921514, 21.896285063058006 ], [ -159.580904745352569, 21.896334677012963 ], [ -159.580927811570234, 21.896352667919089 ], [ -159.58110526582152, 21.896243616834283 ], [ -159.58119989757347, 21.89615292667504 ], [ -159.581311545162777, 21.896080249583036 ], [ -159.581441912780662, 21.895998470148832 ], [ -159.581600790745512, 21.895934662193007 ], [ -159.58176599283135, 21.89593860196296 ], [ -159.581901730060395, 21.895987823761342 ], [ -159.582043385594289, 21.896154490857633 ], [ -159.582114084259217, 21.89628074516926 ], [ -159.582232274185117, 21.896330027828981 ], [ -159.582321201689865, 21.896325197922614 ], [ -159.582651260837309, 21.896247235444267 ], [ -159.582710630838079, 21.896265099408851 ], [ -159.582769246975175, 21.89639591336465 ], [ -159.582822585137706, 21.896418316714481 ], [ -159.582887291243452, 21.896409053275232 ], [ -159.582905080398973, 21.896169539570828 ], [ -159.582934619415482, 21.896142328334843 ], [ -159.583011426895695, 21.896133022900557 ], [ -159.583176389772547, 21.896227320872889 ], [ -159.58323553879876, 21.896340061374588 ], [ -159.583371330098174, 21.89640283597296 ], [ -159.583589889390282, 21.896433693253201 ], [ -159.583790204981483, 21.896442025473966 ], [ -159.583914593071, 21.896527429520678 ], [ -159.583955498960734, 21.896617644086827 ], [ -159.58397900269253, 21.896893153257679 ], [ -159.583967301299168, 21.897141651763278 ], [ -159.584020343139514, 21.897389921482173 ], [ -159.583902623680814, 21.897756245187313 ], [ -159.583914118538729, 21.897905279139128 ], [ -159.584091295126171, 21.898026625878728 ], [ -159.584315522302006, 21.898111667155806 ], [ -159.584409566346324, 21.898174579994311 ], [ -159.58475787180538, 21.898268219860004 ], [ -159.584805177085087, 21.898295157529692 ], [ -159.584888000042014, 21.898276796397823 ], [ -159.584953074196108, 21.898208806730956 ], [ -159.585076511092751, 21.898208371657795 ], [ -159.585295127806489, 21.8982527761037 ], [ -159.585377932222116, 21.898229896720835 ], [ -159.585460517177381, 21.898152810249002 ], [ -159.585525315153546, 21.898166133988916 ], [ -159.585602013809535, 21.898427872271483 ], [ -159.585649394082679, 21.898472879906905 ], [ -159.585767384896258, 21.898472463687543 ], [ -159.5858380138244, 21.898431557823567 ], [ -159.586044584792461, 21.898489555635948 ], [ -159.58616255871712, 21.898633695791304 ], [ -159.586233225236668, 21.898750898626794 ], [ -159.586286509358956, 21.898759744993786 ], [ -159.586328039118143, 21.898705390155438 ], [ -159.586416619625794, 21.898763803208947 ], [ -159.586664446548923, 21.898699685209113 ], [ -159.586900281523128, 21.898662712600956 ], [ -159.586994491056714, 21.898617205904984 ], [ -159.587083070206148, 21.898526544853798 ], [ -159.58716614841353, 21.898422350972808 ], [ -159.587230689535801, 21.898372430996066 ], [ -159.58727247692218, 21.898381318059016 ], [ -159.58734308965623, 21.898484969097296 ], [ -159.587437502538137, 21.898638226716031 ], [ -159.587626180578837, 21.898759528521378 ], [ -159.587803469127579, 21.898758901852297 ], [ -159.588003951338777, 21.898658809054872 ], [ -159.588021425232512, 21.898640677967713 ], [ -159.588145374807027, 21.898617652018185 ], [ -159.5909784551869, 21.896710268408111 ], [ -159.591090794293876, 21.896660170829406 ], [ -159.591144096527216, 21.8966735345427 ], [ -159.591226664665584, 21.896741010868151 ], [ -159.591179420471349, 21.896876717195486 ], [ -159.591090566569363, 21.896899620287318 ], [ -159.591060275929635, 21.89689069381334 ], [ -159.591014253566556, 21.896881822911261 ], [ -159.588245765823103, 21.898752818223588 ], [ -159.58802771806532, 21.898848455994525 ], [ -159.587950561916301, 21.898921007172376 ], [ -159.587709007856461, 21.899039314320891 ], [ -159.587596683186462, 21.899093920425152 ], [ -159.587448788795314, 21.899329348200009 ], [ -159.58741384359891, 21.899514685777373 ], [ -159.587437388545084, 21.899650123974673 ], [ -159.58747264948525, 21.899690656242075 ], [ -159.587720535303106, 21.899789161641987 ], [ -159.588074805427482, 21.899860186325697 ], [ -159.588157171087005, 21.899877964311411 ], [ -159.589803853839442, 21.899339071886111 ], [ -159.589939845748717, 21.899745154699833 ], [ -159.58814513301121, 21.900338780826374 ], [ -159.588092125223199, 21.900397695188122 ], [ -159.588092253985224, 21.90042931669479 ], [ -159.588139251126705, 21.900528532738917 ], [ -159.58826366285632, 21.900618439582459 ], [ -159.588328447533797, 21.900776319660352 ], [ -159.588351847183645, 21.90087561907653 ], [ -159.588410853845545, 21.90095220627634 ], [ -159.588469880079657, 21.901033309644827 ], [ -159.58854036930552, 21.901254412248214 ], [ -159.588865485315495, 21.90114936002302 ], [ -159.588882796842796, 21.901239646803148 ], [ -159.588599450425875, 21.901349068668868 ], [ -159.588771028083187, 21.901578847562924 ], [ -159.588817694003382, 21.901596751992031 ], [ -159.589018950543505, 21.901537312352495 ], [ -159.589083755047028, 21.901699708282351 ], [ -159.588953844328358, 21.901745343033852 ], [ -159.589113302486425, 21.901970647743816 ], [ -159.589248829855535, 21.90211472358823 ], [ -159.589290049573776, 21.902132646472666 ], [ -159.589673695471049, 21.901986728588582 ], [ -159.589744399292613, 21.901963890344554 ], [ -159.589750395006831, 21.901950316465776 ], [ -159.590027691170349, 21.901840914309936 ], [ -159.590057561780526, 21.901895016803827 ], [ -159.590494287951685, 21.901708252253833 ], [ -159.590547111025359, 21.90160416345357 ], [ -159.590388213835297, 21.901220750182755 ], [ -159.590234380124087, 21.900891527247961 ], [ -159.590063374556962, 21.900801787160848 ], [ -159.589768385380978, 21.900875112724471 ], [ -159.589361070449797, 21.901003045982982 ], [ -159.58932566104491, 21.900926375549847 ], [ -159.589662180596548, 21.900798694214654 ], [ -159.589998278481346, 21.900716187163162 ], [ -159.590128354331085, 21.900711208202548 ], [ -159.590275706268187, 21.900787479754115 ], [ -159.590334713902905, 21.900864066242899 ], [ -159.590653422237409, 21.901558612147014 ], [ -159.590635769475824, 21.90168064433151 ], [ -159.590535731031338, 21.901780382697677 ], [ -159.590086939915295, 21.90197622584612 ], [ -159.590116243692194, 21.90203936559044 ], [ -159.589726639577151, 21.902207892570665 ], [ -159.589827077329915, 21.902501166367113 ], [ -159.590003923569583, 21.902834826079438 ], [ -159.590116459597425, 21.902978982678185 ], [ -159.590163366005015, 21.903055611678752 ], [ -159.590363827349961, 21.903244629835285 ], [ -159.590540923841502, 21.903343382899287 ], [ -159.590848087781978, 21.903581712647295 ], [ -159.5910664436297, 21.903707422680988 ], [ -159.591378962511328, 21.903923144548415 ], [ -159.59141477476237, 21.903950121539911 ], [ -159.591603438103846, 21.903917827842367 ], [ -159.591632902413124, 21.903872549403456 ], [ -159.591750711997918, 21.903826955136282 ], [ -159.592111206510509, 21.903789531195656 ], [ -159.59240594810808, 21.903802031938248 ], [ -159.592754543799799, 21.903814340905178 ], [ -159.592996605125734, 21.903817994188728 ], [ -159.593102441970473, 21.903804064034897 ], [ -159.593179271461139, 21.903799271784518 ], [ -159.593592223234054, 21.903716483019434 ], [ -159.593911206427578, 21.903737929758456 ], [ -159.594176567157291, 21.903669219950423 ], [ -159.594584257869428, 21.903631621114428 ], [ -159.59476134891932, 21.903581296080564 ], [ -159.594814448794949, 21.903544966896629 ], [ -159.595185832645114, 21.903507496891137 ], [ -159.595563592273038, 21.903402242874179 ], [ -159.595847355306887, 21.903247633253827 ], [ -159.596082952731024, 21.903151922487464 ], [ -159.596460616718872, 21.903024079179875 ], [ -159.596862279118284, 21.902846458332792 ], [ -159.597198439374921, 21.902632932421046 ], [ -159.597310760983021, 21.902578310779894 ], [ -159.597393208050363, 21.902469589786449 ], [ -159.597464408238523, 21.902275079943809 ], [ -159.59745855490408, 21.902031161947171 ], [ -159.597334229281302, 21.901525671470523 ], [ -159.597346374398057, 21.901390105376024 ], [ -159.597387713313964, 21.901290570600072 ], [ -159.597346459819022, 21.901119061025913 ], [ -159.597281596459908, 21.900798565413144 ], [ -159.597275264641382, 21.900730827375305 ], [ -159.597299318740625, 21.900694600096195 ], [ -159.597370131618362, 21.900698855751155 ], [ -159.597446484045292, 21.900725679778475 ], [ -159.59751780880444, 21.900707346808357 ], [ -159.597540919807017, 21.900589809521986 ], [ -159.597493747728407, 21.90044994428731 ], [ -159.597428972057799, 21.900296591449933 ], [ -159.597458645367766, 21.900156442742148 ], [ -159.597629648659876, 21.89980797259895 ], [ -159.597676600849582, 21.899749073613599 ], [ -159.597895395010994, 21.899689540570606 ], [ -159.59798961746327, 21.899648536621733 ], [ -159.598355782109707, 21.899669771879807 ], [ -159.598621110208796, 21.899596514523665 ], [ -159.598809766176458, 21.899419638302465 ], [ -159.598916071044869, 21.899374071811863 ], [ -159.599075814749909, 21.899228924221347 ], [ -159.599158465310467, 21.899169893089418 ], [ -159.599205702637107, 21.899034195503706 ], [ -159.599181671932541, 21.898930384688843 ], [ -159.599205217385105, 21.898772188443505 ], [ -159.599134390350969, 21.898618858294899 ], [ -159.598939827652799, 21.898393707425981 ], [ -159.598833569491347, 21.898159194446119 ], [ -159.598715941949251, 21.898100903748507 ], [ -159.598579960422001, 21.897848430950681 ], [ -159.598491718691236, 21.897726787551619 ], [ -159.598361821323635, 21.897627884037753 ], [ -159.598284983179781, 21.897483611453865 ], [ -159.59824925146907, 21.897330151507287 ], [ -159.598213838332669, 21.897253486652396 ], [ -159.598043196384197, 21.897105042152575 ], [ -159.597942549478688, 21.897055722601806 ], [ -159.597683179791034, 21.896668156062709 ], [ -159.59755317090989, 21.896542131232426 ], [ -159.597382037363417, 21.896420776309117 ], [ -159.597240213548304, 21.896217988778012 ], [ -159.5971044354703, 21.896159745555419 ], [ -159.597069229174764, 21.896132763948817 ], [ -159.597033497098863, 21.895979280194428 ], [ -159.597069351880322, 21.895870718374425 ], [ -159.59712239091192, 21.895820829981989 ], [ -159.597187114498581, 21.895816078945778 ], [ -159.597258324915373, 21.895770638140526 ], [ -159.597275632580676, 21.895567263269228 ], [ -159.597376358143521, 21.895490085250977 ], [ -159.597375945968565, 21.895390690190972 ], [ -159.597382207857436, 21.895295788978199 ], [ -159.597547434962308, 21.895015061994751 ], [ -159.597629947564769, 21.895068973857729 ], [ -159.597689186948458, 21.89505520098562 ], [ -159.597712577514585, 21.895005416430756 ], [ -159.59771227714964, 21.894933129362691 ], [ -159.597759889247271, 21.894887773118999 ], [ -159.598013448704279, 21.894751295823834 ], [ -159.598072705793726, 21.894742040818326 ], [ -159.59813162170758, 21.894796039958489 ], [ -159.598261652048677, 21.894782005154685 ], [ -159.598343788680296, 21.894745557606583 ], [ -159.598373515594744, 21.894618942807401 ], [ -159.598485604210481, 21.894510096361678 ], [ -159.598656966038163, 21.894541088943978 ], [ -159.598710079459721, 21.894509266624844 ], [ -159.598709684277196, 21.894414389578262 ], [ -159.598709781896133, 21.894292402341616 ], [ -159.598810148277977, 21.89412938241858 ], [ -159.59899314414551, 21.893902804381835 ], [ -159.599187728138872, 21.893698773400075 ], [ -159.599441494440697, 21.893467414713392 ], [ -159.599489011067277, 21.893399468901482 ], [ -159.599613140018704, 21.893421599071281 ], [ -159.599748896534265, 21.893475312348386 ], [ -159.59985474191501, 21.89346588428225 ], [ -159.599896377344578, 21.893438621474012 ], [ -159.599866826411841, 21.893316744979678 ], [ -159.599931361805659, 21.893122230282827 ], [ -159.599972980281194, 21.892945873144281 ], [ -159.600037720363161, 21.892945633597417 ], [ -159.600132446331656, 21.893026606301021 ], [ -159.600244436992938, 21.893039745919911 ], [ -159.60044500979518, 21.89296671375633 ], [ -159.600574982410564, 21.892939123171196 ], [ -159.600645469397534, 21.893011150569656 ], [ -159.600621870608393, 21.893155814762292 ], [ -159.600663145840628, 21.893187287930314 ], [ -159.600799205621144, 21.89316871108873 ], [ -159.600893386040241, 21.893118663241268 ], [ -159.601053005248048, 21.892946385979794 ], [ -159.601123816235599, 21.892806063813332 ], [ -159.601177003246988, 21.892792311804104 ], [ -159.601212171561201, 21.892810253841372 ], [ -159.601223818298621, 21.892846354931443 ], [ -159.601312759716535, 21.892846024699335 ], [ -159.601394914348504, 21.892814092752381 ], [ -159.601518967752241, 21.892673573222918 ], [ -159.601743496192228, 21.892541716221629 ], [ -159.602097390026614, 21.892382269366262 ], [ -159.602457616878837, 21.892290569563976 ], [ -159.602923367349661, 21.892257209304699 ], [ -159.603436916095944, 21.892223669844732 ], [ -159.603572540678186, 21.892245754907254 ], [ -159.60384403533044, 21.892348656821021 ], [ -159.604009382580102, 21.892388702053367 ], [ -159.604216326133496, 21.892392448154173 ], [ -159.60447541512363, 21.892278530189056 ], [ -159.604599825936077, 21.892223849391158 ], [ -159.604729342472496, 21.892232402639131 ], [ -159.604765058916939, 21.892236786805192 ], [ -159.604889038958191, 21.892367346171028 ], [ -159.605000733473389, 21.892741925094846 ], [ -159.605065666134692, 21.89293143970858 ], [ -159.605183824788867, 21.893116237876836 ], [ -159.605201579862637, 21.893165869496549 ], [ -159.605284207615114, 21.893246885453355 ], [ -159.605715138614556, 21.893421477035663 ], [ -159.606157774037825, 21.893645722152236 ], [ -159.606311136751941, 21.89371291752057 ], [ -159.606429126661936, 21.893857052800332 ], [ -159.606512022066283, 21.894001319086442 ], [ -159.60655329880089, 21.894032790739384 ], [ -159.606735647437887, 21.894086323816175 ], [ -159.607202223146459, 21.894247224950909 ], [ -159.607420836908886, 21.894291584667869 ], [ -159.607804406962771, 21.894425686451068 ], [ -159.608211409137141, 21.894663614337652 ], [ -159.608258813265593, 21.89471313424961 ], [ -159.608270124265459, 21.894812487974431 ], [ -159.608211096904142, 21.894875962511446 ], [ -159.607880800848392, 21.895035333512091 ], [ -159.607751287496598, 21.895171360715249 ], [ -159.607674623230906, 21.895356886894934 ], [ -159.607668335638976, 21.895587330265439 ], [ -159.607698033536309, 21.895885408983766 ], [ -159.607656804029546, 21.89658133965743 ], [ -159.607603360673835, 21.89682099497859 ], [ -159.607615338569673, 21.897078451240066 ], [ -159.607757116565864, 21.897696811604376 ], [ -159.607833398497348, 21.897850118652542 ], [ -159.607975370797107, 21.898084494553309 ], [ -159.60806387496072, 21.898409419966725 ], [ -159.607963305563032, 21.898522733862109 ], [ -159.607804019700012, 21.898487191175946 ], [ -159.607656701520455, 21.898419981359591 ], [ -159.607532757618287, 21.898443033664812 ], [ -159.607420615557714, 21.898538320424493 ], [ -159.607408519420233, 21.89868292486527 ], [ -159.607420606496959, 21.898822920200068 ], [ -159.607538605483427, 21.899111595283273 ], [ -159.607875080457603, 21.899553045021669 ], [ -159.608005176607946, 21.899697116169971 ], [ -159.608223143723421, 21.899872479901848 ], [ -159.608417792922779, 21.899971133393301 ], [ -159.60854799836298, 21.899997749557688 ], [ -159.608630211939328, 21.899979371546063 ], [ -159.608642593650529, 21.899902527826253 ], [ -159.60856559057305, 21.899722118261778 ], [ -159.608594914353716, 21.899645211903685 ], [ -159.60864195682899, 21.899608895311477 ], [ -159.608789804981853, 21.899658031821978 ], [ -159.60897882509903, 21.899856090978421 ], [ -159.609037918909451, 21.899950736171366 ], [ -159.609126151673081, 21.900067858372513 ], [ -159.609208640383486, 21.900257282556367 ], [ -159.609427030384808, 21.900532027662752 ], [ -159.609456736042262, 21.900545468228074 ], [ -159.609663393705006, 21.900621488169197 ], [ -159.609981779842911, 21.900647396111825 ], [ -159.610478058328397, 21.900672633797488 ], [ -159.610914761136371, 21.900774891732009 ], [ -159.611280478902103, 21.900832241526889 ], [ -159.611817174016949, 21.900970260153613 ], [ -159.612047902156348, 21.901014564817732 ], [ -159.612537326003206, 21.901134689140964 ], [ -159.612926777204905, 21.901223568776789 ], [ -159.613275334148909, 21.901371328231203 ], [ -159.613493606793355, 21.901474405623407 ], [ -159.613611578159322, 21.901469442380954 ], [ -159.613670741133376, 21.901437596335029 ], [ -159.613717552694482, 21.901347068859803 ], [ -159.613776792970071, 21.901333292894396 ], [ -159.61384163243315, 21.901355635030452 ], [ -159.613894602207608, 21.90143223172571 ], [ -159.613912824738378, 21.90159027483428 ], [ -159.614054356210232, 21.901576187287159 ], [ -159.614178146782251, 21.901516991616891 ], [ -159.614284738429745, 21.90153917505835 ], [ -159.614550246313172, 21.901651107219728 ], [ -159.614744632820049, 21.901686511260589 ], [ -159.61511679649638, 21.901694136123023 ], [ -159.61542364533949, 21.90185108473408 ], [ -159.615712496723148, 21.902044242691677 ], [ -159.615877742717544, 21.90205716774361 ], [ -159.616160960455971, 21.902065127550053 ], [ -159.616615495172596, 21.902090506490168 ], [ -159.616768953790341, 21.902035713978382 ], [ -159.616899143049977, 21.902057806375314 ], [ -159.617034407064608, 21.902134089928456 ], [ -159.617111543797762, 21.902201559740217 ], [ -159.617117512439535, 21.902323509369513 ], [ -159.617199940104484, 21.902354818506431 ], [ -159.617335576128227, 21.902376891028023 ], [ -159.617406370751894, 21.902376621857886 ], [ -159.617488953231202, 21.902444070152615 ], [ -159.61753614636541, 21.902583933671565 ], [ -159.617601104708541, 21.902633379444982 ], [ -159.617613260564951, 21.902786928560278 ], [ -159.617689734463369, 21.902840847324402 ], [ -159.617731191391869, 21.902912970588911 ], [ -159.617725489392853, 21.902994306950518 ], [ -159.61779602976199, 21.903075354423077 ], [ -159.617931821386719, 21.903133564828799 ], [ -159.618049833806964, 21.90313763342348 ], [ -159.618150081422868, 21.903232119709681 ], [ -159.618327622061656, 21.903430214429182 ], [ -159.618669884149966, 21.903659305314747 ], [ -159.618775889120172, 21.903826049301792 ], [ -159.619029753426673, 21.903901879766426 ], [ -159.619206927218357, 21.9040141427832 ], [ -159.619312776911784, 21.904144747115275 ], [ -159.619413258614799, 21.904433486094852 ], [ -159.619431054935234, 21.904912276176699 ], [ -159.619466578944269, 21.905011525960713 ], [ -159.619537237508865, 21.90511967775878 ], [ -159.619708498377236, 21.905263585159719 ], [ -159.620062381585143, 21.905379690677641 ], [ -159.620228139991809, 21.905370023623917 ], [ -159.620428310577353, 21.905342154483332 ], [ -159.620487648607309, 21.905350962341007 ], [ -159.620593931404102, 21.905440907152482 ], [ -159.620659008513059, 21.905517456777552 ], [ -159.620847935511392, 21.905548357810453 ], [ -159.62090097027189, 21.905638506002333 ], [ -159.620900930878207, 21.905769515042358 ], [ -159.620959781309494, 21.905945474209503 ], [ -159.620859685942662, 21.906167215364416 ], [ -159.620841923195201, 21.906397677436175 ], [ -159.620889238425207, 21.90656464584556 ], [ -159.621078109031231, 21.906722037622295 ], [ -159.621432193782084, 21.906883316161249 ], [ -159.621762522904646, 21.907008544738698 ], [ -159.622169642310809, 21.907119925476856 ], [ -159.622382072234245, 21.907128141993056 ], [ -159.622571232848742, 21.907073199970966 ], [ -159.622836516276294, 21.906850814631561 ], [ -159.623072734113691, 21.906624023594421 ], [ -159.623185145712966, 21.906591966198548 ], [ -159.623326835258752, 21.906614005327892 ], [ -159.623444576724864, 21.906694866027522 ], [ -159.623497514287578, 21.906762424379963 ], [ -159.623610088024378, 21.90704659393262 ], [ -159.623651528531155, 21.907114196701325 ], [ -159.623728047885436, 21.907317189746369 ], [ -159.623793009516703, 21.907366632047033 ], [ -159.623905365243047, 21.907461065132313 ], [ -159.623928538651597, 21.907641677328186 ], [ -159.62399943317115, 21.907663990591868 ], [ -159.624383455845305, 21.907612810125297 ], [ -159.62453067191791, 21.907652896683736 ], [ -159.624666411425949, 21.907697546525547 ], [ -159.624849618662552, 21.907665212897562 ], [ -159.625150290151169, 21.90751044931244 ], [ -159.625422054710157, 21.907387420452146 ], [ -159.625575025690068, 21.907359721695173 ], [ -159.625858370417149, 21.907394761518731 ], [ -159.626218645956243, 21.9075876169948 ], [ -159.626389914411192, 21.907731513565079 ], [ -159.626390018321246, 21.907894144607805 ], [ -159.626277658056978, 21.908215328860251 ], [ -159.62624819632336, 21.90853619032567 ], [ -159.62616604457736, 21.908708176798978 ], [ -159.626094737520418, 21.909146657500404 ], [ -159.626118690839604, 21.909227880257603 ], [ -159.626295835232042, 21.909331096648721 ], [ -159.626378267874486, 21.909362399216423 ], [ -159.626655932978821, 21.909343249933698 ], [ -159.626921068297946, 21.909364806676187 ], [ -159.62711034956493, 21.909336965402904 ], [ -159.627252036294408, 21.909218957191797 ], [ -159.627658957654489, 21.909145092438457 ], [ -159.627706524111574, 21.909090696310759 ], [ -159.627783148373055, 21.908900659842669 ], [ -159.6278593841391, 21.9087603178452 ], [ -159.627924498527989, 21.908705853794196 ], [ -159.628142803434969, 21.908673379842341 ], [ -159.628225780761966, 21.908691127093203 ], [ -159.628461490601495, 21.90890253423116 ], [ -159.628579929448136, 21.909141503606534 ], [ -159.628621262348332, 21.909322045609528 ], [ -159.6286095239779, 21.909543452711866 ], [ -159.628579723001621, 21.909647473337795 ], [ -159.628497475373536, 21.909796873788689 ], [ -159.628432316711866, 21.910117875455608 ], [ -159.628533030849098, 21.910316256479366 ], [ -159.628509240852509, 21.910411218046775 ], [ -159.628473836339936, 21.91047912025693 ], [ -159.628444529502104, 21.910696077292979 ], [ -159.62845048948941, 21.91081351089376 ], [ -159.628497438594309, 21.910894644516819 ], [ -159.628751128586686, 21.911065323686589 ], [ -159.628857767095695, 21.911096531568305 ], [ -159.629111111740514, 21.911050367325291 ], [ -159.629181811287935, 21.911027504079627 ], [ -159.629323506992847, 21.911049538807131 ], [ -159.629536160292048, 21.911107438102334 ], [ -159.629630558320628, 21.911107069660744 ], [ -159.629979053604842, 21.911232200981122 ], [ -159.630014289533335, 21.911263686905116 ], [ -159.630008614189933, 21.911349543221966 ], [ -159.629973090986283, 21.911390339772982 ], [ -159.630002394317557, 21.911448953928929 ], [ -159.630091307054983, 21.911439571953814 ], [ -159.630185446964902, 21.911380475110757 ], [ -159.630315041441065, 21.911402557129772 ], [ -159.630492151707386, 21.911496734724594 ], [ -159.630616379124035, 21.911536907411676 ], [ -159.630705102484228, 21.911622394671998 ], [ -159.630734545380989, 21.911712630799375 ], [ -159.630840441406434, 21.911712216673255 ], [ -159.63098829751786, 21.911621287148616 ], [ -159.631106156868526, 21.911589203424114 ], [ -159.63131879075496, 21.911642582418541 ], [ -159.631377884271558, 21.911732702839736 ], [ -159.631389779114187, 21.911823007986442 ], [ -159.631377587983394, 21.911940512878694 ], [ -159.631425343311463, 21.912066819271018 ], [ -159.631507610637414, 21.912197506699531 ], [ -159.631472654528181, 21.912504840228351 ], [ -159.631460691141058, 21.91253650968806 ], [ -159.631437192753452, 21.912834763151682 ], [ -159.631549429688619, 21.913037615049788 ], [ -159.631643660141634, 21.91313663382196 ], [ -159.631732206790986, 21.913181463355194 ], [ -159.631938653809954, 21.913203243511838 ], [ -159.632180782412632, 21.913220365556892 ], [ -159.632452562568574, 21.913237371452507 ], [ -159.632582059288069, 21.913236863647573 ], [ -159.632711941619931, 21.913186661293842 ], [ -159.632871108770644, 21.913190555380826 ], [ -159.632965607915963, 21.913212772976337 ], [ -159.633012788112666, 21.913208069802206 ], [ -159.633136984829775, 21.913103677996151 ], [ -159.633237494944609, 21.91311683713748 ], [ -159.633361079452669, 21.913147975009245 ], [ -159.633543953702258, 21.913038835349735 ], [ -159.63363292611362, 21.913043003513739 ], [ -159.633703379508006, 21.913101455761453 ], [ -159.633798052140008, 21.913299858380448 ], [ -159.633963410295877, 21.9133353501818 ], [ -159.633981177930451, 21.913384974668549 ], [ -159.634039994885967, 21.913411848980523 ], [ -159.634116905655475, 21.913425099429606 ], [ -159.634175781682842, 21.913465526662595 ], [ -159.634223240957425, 21.913524069117972 ], [ -159.634417886015058, 21.913613656725779 ], [ -159.634571355268776, 21.913834416861537 ], [ -159.634641989559185, 21.913933525771391 ], [ -159.63495521377547, 21.914153657421718 ], [ -159.635055074379693, 21.91429331111646 ], [ -159.635102574348622, 21.914360888304682 ], [ -159.635179380446857, 21.914487079527746 ], [ -159.635338683379729, 21.914658122517704 ], [ -159.635451033288774, 21.914748032069049 ], [ -159.63563988377507, 21.915031898768998 ], [ -159.636000098250207, 21.915613253144933 ], [ -159.636218533691789, 21.916154507205263 ], [ -159.636265550146874, 21.916249192268538 ], [ -159.636212414271171, 21.916412035153854 ], [ -159.636130090766869, 21.91654337009799 ], [ -159.636041836409845, 21.91670183431274 ], [ -159.63604173186684, 21.916814774648728 ], [ -159.636360471753932, 21.917048436141378 ], [ -159.636643969188896, 21.917386141761973 ], [ -159.637092569436362, 21.917836136540707 ], [ -159.637369678225951, 21.918097066285011 ], [ -159.637700419590459, 21.918579147545252 ], [ -159.637942691488803, 21.919034472077477 ], [ -159.637948416912423, 21.919233225053418 ], [ -159.637866194083131, 21.919387148767083 ], [ -159.637700781647595, 21.91961368163625 ], [ -159.637600280405138, 21.919876099729251 ], [ -159.637576697148006, 21.920016239180597 ], [ -159.637635835741548, 21.920250922092436 ], [ -159.637759866468116, 21.920516973235305 ], [ -159.637848781774267, 21.920643116050321 ], [ -159.637896061497116, 21.920796529365148 ], [ -159.637824943095893, 21.921406688285391 ], [ -159.637837147220694, 21.921429228382749 ], [ -159.637949157338255, 21.921713397139104 ], [ -159.638161623260174, 21.92199716159022 ], [ -159.638444896979252, 21.922145116415049 ], [ -159.638522074682584, 21.922217088960036 ], [ -159.638704570208262, 21.922293164198898 ], [ -159.638970739142991, 21.922405046631784 ], [ -159.639407200323575, 21.922705984873794 ], [ -159.639573033755937, 21.922845367222362 ], [ -159.639779192336817, 21.922934899672509 ], [ -159.639968023811235, 21.922938671263051 ], [ -159.640121433215739, 21.923005824729447 ], [ -159.64021037233826, 21.923136475957726 ], [ -159.640245713354147, 21.923326063797191 ], [ -159.640221908751016, 21.923687544229409 ], [ -159.640257492343864, 21.923931339267803 ], [ -159.640375963718384, 21.924170289911263 ], [ -159.640493991878685, 21.924309860108483 ], [ -159.640771160495888, 21.924444284063167 ], [ -159.64148558581303, 21.924513734805732 ], [ -159.641810382457209, 21.924607312592869 ], [ -159.642335896042482, 21.924790441018096 ], [ -159.642500907549703, 21.924880133367136 ], [ -159.642683610315572, 21.925001377142188 ], [ -159.642884472018807, 21.925258068694703 ], [ -159.642973435368418, 21.925393236240538 ], [ -159.643067867117566, 21.92566841933689 ], [ -159.643168336813574, 21.926210101350215 ], [ -159.643245298614318, 21.926367903051723 ], [ -159.643416307019606, 21.926579539454234 ], [ -159.643593225266386, 21.926759530905375 ], [ -159.644119093522363, 21.927019448394162 ], [ -159.644372830554317, 21.927190099289774 ], [ -159.644555823574905, 21.927374582962898 ], [ -159.644910132447592, 21.927838461212065 ], [ -159.645028116073973, 21.928235518159273 ], [ -159.645081467847348, 21.92865993667785 ], [ -159.645063909772915, 21.92906205049168 ], [ -159.645158206571722, 21.929305611957027 ], [ -159.645211610804807, 21.929472541070126 ], [ -159.64525309425801, 21.929680174587237 ], [ -159.645294089064919, 21.92977939293257 ], [ -159.645382731694355, 21.929842283715715 ], [ -159.645406461134144, 21.930004813915442 ], [ -159.645436323744008, 21.93018538848818 ], [ -159.645507116404104, 21.930316110493987 ], [ -159.645648778435998, 21.930460101910594 ], [ -159.645766593772692, 21.930549979687786 ], [ -159.646014959298952, 21.930869722685507 ], [ -159.646221418937557, 21.931022491380634 ], [ -159.646380911962666, 21.931094133713284 ], [ -159.646912221849874, 21.93121398530052 ], [ -159.647331162059714, 21.931243933563874 ], [ -159.647614718153591, 21.931315074420855 ], [ -159.648140148788087, 21.931340070450442 ], [ -159.648494411641821, 21.931388340043419 ], [ -159.648618075475923, 21.931433017014339 ], [ -159.648783525631984, 21.931617563969098 ], [ -159.648854113290326, 21.931969634526872 ], [ -159.64902573998171, 21.932181261301892 ], [ -159.649090483254469, 21.932312004623505 ], [ -159.649132247187197, 21.932713882443526 ], [ -159.649279626270015, 21.93291657132939 ], [ -159.649456751201257, 21.933272731528952 ], [ -159.64955742827425, 21.933453021782114 ], [ -159.649627988343354, 21.933665054357533 ], [ -159.649622293247063, 21.933877393658545 ], [ -159.649651957997634, 21.934012795137122 ], [ -159.649917886552714, 21.934332459686601 ], [ -159.650012532719529, 21.934517290562493 ], [ -159.650071072477061, 21.934747441569773 ], [ -159.650047499399079, 21.93488757418994 ], [ -159.649965261641597, 21.935036978403065 ], [ -159.649900268233239, 21.935118551448994 ], [ -159.649735330381844, 21.935448983085291 ], [ -159.649687753586988, 21.935634386126296 ], [ -159.649735328259169, 21.93571550694935 ], [ -159.649871089748956, 21.935891139323495 ], [ -159.64982361460514, 21.936099128435753 ], [ -159.649652714793945, 21.936583173349828 ], [ -159.64959963744613, 21.936890567229771 ], [ -159.649528845252348, 21.937161893321122 ], [ -159.649370064971606, 21.937916930941743 ], [ -159.649334433045254, 21.938468192227194 ], [ -159.649334802081512, 21.938549503215384 ], [ -159.649328942539597, 21.938725703477751 ], [ -159.649482217244639, 21.938892230853774 ], [ -159.649760106870616, 21.939044706051778 ], [ -159.649919311301147, 21.939184105109799 ], [ -159.650208761338746, 21.939616610648521 ], [ -159.650491905556322, 21.939859410394984 ], [ -159.650686757986904, 21.939985113546697 ], [ -159.650876175287408, 21.940246360174022 ], [ -159.651059129082483, 21.940417284644113 ], [ -159.651325001464357, 21.940587875804745 ], [ -159.651744297097792, 21.940956613496464 ], [ -159.651986381878118, 21.94108664302718 ], [ -159.652328770893064, 21.941180130047147 ], [ -159.652564701434784, 21.94128759670912 ], [ -159.652782977201468, 21.941372547630341 ], [ -159.653166882265367, 21.94141165641274 ], [ -159.653408934624508, 21.941401645605964 ], [ -159.653550457301492, 21.941378487443437 ], [ -159.653674530127034, 21.941377986788268 ], [ -159.653916459441746, 21.941340871302462 ], [ -159.654441803516249, 21.941338750429257 ], [ -159.654872690599035, 21.94132797368535 ], [ -159.655280426769849, 21.941416673391146 ], [ -159.655587384147509, 21.941438018488078 ], [ -159.656177546605164, 21.941580185240479 ], [ -159.656532023749719, 21.941669097148342 ], [ -159.657080860333309, 21.941906294738306 ], [ -159.657683230304485, 21.942202000332543 ], [ -159.657724552870405, 21.94223797175966 ], [ -159.658102218640892, 21.942367443116002 ], [ -159.658444950242426, 21.942402189957402 ], [ -159.658799160246645, 21.942432372969122 ], [ -159.659029171870486, 21.942435955226319 ], [ -159.65924783017573, 21.942471205104088 ], [ -159.659465861573551, 21.9425019401057 ], [ -159.659773136163608, 21.942460032154649 ], [ -159.659962137256827, 21.94249540194232 ], [ -159.660239295979551, 21.942485238259096 ], [ -159.660457953648574, 21.942520487424506 ], [ -159.660888862441851, 21.942776223373858 ], [ -159.661095623494447, 21.9429876989518 ], [ -159.661113384506308, 21.94303280118422 ], [ -159.661213750155753, 21.943140810438152 ], [ -159.66126097928759, 21.943276140539872 ], [ -159.661272936791789, 21.943637485454794 ], [ -159.661196465766977, 21.943985639391443 ], [ -159.661208132393909, 21.944152735858019 ], [ -159.661349946468334, 21.944585830821683 ], [ -159.661445032188112, 21.945254021661345 ], [ -159.661503971487292, 21.94543447816876 ], [ -159.661616110130609, 21.94560116556373 ], [ -159.661917464266509, 21.946110405374228 ], [ -159.662082928802675, 21.946290427981751 ], [ -159.66224789311579, 21.946493038801389 ], [ -159.662436943535738, 21.946668447066671 ], [ -159.662785343652644, 21.946879342862129 ], [ -159.662998124919909, 21.947081748254583 ], [ -159.663447018878344, 21.947165740407328 ], [ -159.66349986470351, 21.94720617905968 ], [ -159.663458750362764, 21.947346380379969 ], [ -159.663635967524527, 21.947449551547525 ], [ -159.663877782112564, 21.947647319581005 ], [ -159.663900281627718, 21.947669813234437 ], [ -159.663930712127154, 21.947705827019856 ], [ -159.664182066687147, 21.948002933871209 ], [ -159.664300388740401, 21.948196689605368 ], [ -159.664559925356087, 21.948430521654824 ], [ -159.664659920473611, 21.948457215220465 ], [ -159.664713057395005, 21.948429894099544 ], [ -159.664825594537206, 21.948420399188091 ], [ -159.664860994315092, 21.948483495232427 ], [ -159.664813701622194, 21.948596618397552 ], [ -159.66478986813263, 21.948678026090697 ], [ -159.664895999869856, 21.948722763044032 ], [ -159.665079038963256, 21.948645220852125 ], [ -159.66514401159148, 21.948690126951615 ], [ -159.665191456496927, 21.948870621237862 ], [ -159.665262107588575, 21.948965192298875 ], [ -159.665374376165175, 21.949027973353477 ], [ -159.665415555485453, 21.949032321872011 ], [ -159.665521854897889, 21.949113196263635 ], [ -159.665622083590279, 21.949320576424931 ], [ -159.665645713613628, 21.949455995217658 ], [ -159.665603872975595, 21.949700096642719 ], [ -159.665621761474881, 21.949772298523044 ], [ -159.665745509449778, 21.949830514801427 ], [ -159.665804556587517, 21.949902548072011 ], [ -159.66579870374639, 21.95033622327643 ], [ -159.66581623959587, 21.950462632537327 ], [ -159.665911005328212, 21.95079651762601 ], [ -159.665881098615642, 21.950873432976547 ], [ -159.665857604841563, 21.951158112965821 ], [ -159.665810249986578, 21.951257685367214 ], [ -159.665862839940019, 21.951763397071467 ], [ -159.665975484801947, 21.951776486331152 ], [ -159.666170241536093, 21.951875066366558 ], [ -159.666547507808133, 21.952171654070693 ], [ -159.666601087025498, 21.952239192101977 ], [ -159.666636320072257, 21.952266150764927 ], [ -159.666895974308602, 21.952522565543308 ], [ -159.667249989119114, 21.952765040877559 ], [ -159.667692857158727, 21.952980046369309 ], [ -159.667816756453306, 21.953069881790302 ], [ -159.668359919141096, 21.953374817624088 ], [ -159.668619219315531, 21.953554438703105 ], [ -159.668861382647322, 21.953693475354587 ], [ -159.669085802650187, 21.953791930131938 ], [ -159.669221162138285, 21.953872682699703 ], [ -159.669356915536042, 21.953908260883825 ], [ -159.669953512245002, 21.954118110244096 ], [ -159.670348984384049, 21.954292650598497 ], [ -159.670472865262013, 21.954377966029497 ], [ -159.670502546257183, 21.954382361066877 ], [ -159.670596866238128, 21.953713424032749 ], [ -159.670679875476452, 21.953731150789377 ], [ -159.670596535359692, 21.954418110474904 ], [ -159.670626278968058, 21.954436056487559 ], [ -159.670891903538092, 21.954543373784567 ], [ -159.671039348794807, 21.954619557463374 ], [ -159.671080614680307, 21.954641972503882 ], [ -159.671269676810454, 21.954686363654982 ], [ -159.671481994671751, 21.954784865434902 ], [ -159.672798334182886, 21.955131769431723 ], [ -159.673158573575904, 21.955279350093132 ], [ -159.673979298513217, 21.955524405299403 ], [ -159.674722856682308, 21.955706535991478 ], [ -159.674994493655191, 21.955804790373779 ], [ -159.675224715711153, 21.955849009575264 ], [ -159.675513990489662, 21.955965258902182 ], [ -159.675673287778466, 21.955987184620778 ], [ -159.676594171151066, 21.956290538381133 ], [ -159.67684226809746, 21.956402439653605 ], [ -159.677586240022492, 21.956670384493275 ], [ -159.67867244495153, 21.956860109263914 ], [ -159.678914170848259, 21.956904275695909 ], [ -159.679333567627339, 21.957015460508131 ], [ -159.67954619597765, 21.95705071308684 ], [ -159.680177575040318, 21.957188116537235 ], [ -159.680697104778858, 21.957353088061371 ], [ -159.680862542116699, 21.95739305335821 ], [ -159.681234059465822, 21.957490882287708 ], [ -159.681665479910066, 21.957583942891929 ], [ -159.683070428252734, 21.957718102142731 ], [ -159.68340113420328, 21.957761890038267 ], [ -159.683601487135689, 21.957761049992907 ], [ -159.684191929129213, 21.957817299990978 ], [ -159.684705865840442, 21.957824178086817 ], [ -159.686323190488565, 21.957939349326217 ], [ -159.687527684657113, 21.958051728710547 ], [ -159.688513519608875, 21.958259886169433 ], [ -159.689033254618636, 21.958339004916308 ], [ -159.689741672257384, 21.958507670250523 ], [ -159.690420296200386, 21.958522870163804 ], [ -159.690461565171177, 21.958545282931624 ], [ -159.690757169434789, 21.958087779034816 ], [ -159.690839811287162, 21.958028703245972 ], [ -159.690957647362751, 21.957987548547482 ], [ -159.691164766577316, 21.958009257954849 ], [ -159.691022985908859, 21.958231208933171 ], [ -159.690957559042516, 21.958470905074964 ], [ -159.690987185435006, 21.958714716589672 ], [ -159.691093445073449, 21.958908513393204 ], [ -159.691388666497375, 21.959124096518327 ], [ -159.691724766594547, 21.959280779631001 ], [ -159.692273844752748, 21.959418489894315 ], [ -159.692669389660779, 21.95947553776811 ], [ -159.692840776760249, 21.959492880436038 ], [ -159.692929150768094, 21.959492504905654 ], [ -159.692958832436403, 21.959496896744593 ], [ -159.69322466832952, 21.959518354849063 ], [ -159.69358473382897, 21.959498755607747 ], [ -159.693744380452671, 21.959466455568379 ], [ -159.694056955628554, 21.959514818193909 ], [ -159.694357920913973, 21.959540643071204 ], [ -159.694517522512996, 21.959499307439131 ], [ -159.694948255721584, 21.959447783302032 ], [ -159.695208081893441, 21.95947829865295 ], [ -159.695515210942602, 21.959526681543522 ], [ -159.695580196872527, 21.95957157878976 ], [ -159.696235602871354, 21.959790137022718 ], [ -159.696359777671347, 21.959807677034334 ], [ -159.696666279486891, 21.959851543341529 ], [ -159.69712700216698, 21.959867646744463 ], [ -159.697622923620088, 21.959779700570667 ], [ -159.697882570509904, 21.959774075920343 ], [ -159.698106770511288, 21.959822809898359 ], [ -159.698550019574526, 21.959857057248506 ], [ -159.6987683968878, 21.959829019599869 ], [ -159.699258407526571, 21.959894686415261 ], [ -159.699559073721503, 21.959983749085094 ], [ -159.699990482398562, 21.960072252213454 ], [ -159.700474397213299, 21.960128907225901 ], [ -159.700923272395698, 21.960199263335078 ], [ -159.701200518274618, 21.960202592437092 ], [ -159.701489574969003, 21.960269114888728 ], [ -159.70172027969906, 21.960286195779123 ], [ -159.702352041433898, 21.960373833789337 ], [ -159.70258808387959, 21.960368302620562 ], [ -159.703597488651212, 21.9603187900385 ], [ -159.704601312314907, 21.960242189248486 ], [ -159.704872483062758, 21.960241021151973 ], [ -159.705091170524099, 21.960276218910884 ], [ -159.705545851484601, 21.960418818444044 ], [ -159.706154028385754, 21.960633035120509 ], [ -159.706343036403439, 21.960663842645278 ], [ -159.706638170381524, 21.96073484868171 ], [ -159.707393545873231, 21.961092986616737 ], [ -159.70766489381316, 21.961249928116455 ], [ -159.708432446494385, 21.961621563437294 ], [ -159.708786653636139, 21.961886566621203 ], [ -159.709206122347382, 21.962128698304198 ], [ -159.709294315521731, 21.962214149572759 ], [ -159.709637137873017, 21.962379814895414 ], [ -159.710002716172056, 21.962495687193517 ], [ -159.71022716916795, 21.962594100843962 ], [ -159.710764407281516, 21.962903483872569 ], [ -159.710924005627305, 21.963106082067846 ], [ -159.711030246877925, 21.963168867158398 ], [ -159.711195203629387, 21.963353372757638 ], [ -159.711337182982447, 21.963664469604719 ], [ -159.711408094754688, 21.964048156047884 ], [ -159.711478781760093, 21.964142718718612 ], [ -159.711738482023492, 21.964390059133244 ], [ -159.712092700502694, 21.964533084458488 ], [ -159.712264004231912, 21.964654316337217 ], [ -159.712488240795437, 21.964951504096152 ], [ -159.712606075941466, 21.965032308711088 ], [ -159.712683129628999, 21.965068115224298 ], [ -159.712795136358011, 21.965194121813205 ], [ -159.712907479062721, 21.965265915040305 ], [ -159.713556943823306, 21.965863934780597 ], [ -159.714200203832149, 21.966430357632245 ], [ -159.714636958972392, 21.966735656344689 ], [ -159.715457626150027, 21.967188365690966 ], [ -159.715664423947032, 21.967264265105694 ], [ -159.715929846652898, 21.967321838655469 ], [ -159.71610149052168, 21.967388855788492 ], [ -159.716485110036103, 21.967477536734695 ], [ -159.716968945712097, 21.967633544817257 ], [ -159.717382651513731, 21.967685951381942 ], [ -159.717736679301737, 21.967788312496072 ], [ -159.718392293103108, 21.967916461263705 ], [ -159.71871706248686, 21.967978290332546 ], [ -159.719147854083246, 21.968057724396473 ], [ -159.719372208137969, 21.968133543969877 ], [ -159.71984434405698, 21.968248937704242 ], [ -159.720234042923124, 21.968342102874796 ], [ -159.72060576510853, 21.968471488667628 ], [ -159.721249436660685, 21.968631304815919 ], [ -159.721361672144326, 21.968680507333904 ], [ -159.721727878865039, 21.968796361839072 ], [ -159.721887420713216, 21.968863426909287 ], [ -159.722052857014603, 21.968898842998044 ], [ -159.722825963599917, 21.969157440413699 ], [ -159.723357538981418, 21.969295123000432 ], [ -159.723717156883311, 21.969424535065325 ], [ -159.725240952101444, 21.969815300549818 ], [ -159.725435443664736, 21.969850573990822 ], [ -159.7255712430823, 21.969890628145944 ], [ -159.726120752628418, 21.969983046595992 ], [ -159.726226867644186, 21.970018714446738 ], [ -159.726698851824636, 21.970102441578298 ], [ -159.727077124612094, 21.97020917659114 ], [ -159.727514024148462, 21.97029757737268 ], [ -159.727897676853104, 21.970390733711717 ], [ -159.728245662984989, 21.970493084134549 ], [ -159.729190424924042, 21.970696667972291 ], [ -159.729456623657484, 21.970785830634565 ], [ -159.729940556885794, 21.970837872390227 ], [ -159.730377297223242, 21.970894643316321 ], [ -159.730955892967046, 21.970991435749994 ], [ -159.731481242958523, 21.971092984019165 ], [ -159.731747443755836, 21.971182143806168 ], [ -159.731924292480386, 21.971199419979445 ], [ -159.732172264468147, 21.971275107429815 ], [ -159.732219549389669, 21.971288447638951 ], [ -159.732390506214983, 21.971337375132276 ], [ -159.732437953347244, 21.971382340102085 ], [ -159.73262127082063, 21.971480907684811 ], [ -159.732691789064859, 21.97153932252187 ], [ -159.732957362889294, 21.971623966071768 ], [ -159.733300049807411, 21.971635975093534 ], [ -159.733919723373162, 21.971597038150282 ], [ -159.734138406540637, 21.971745141367254 ], [ -159.73447487367477, 21.971843017385225 ], [ -159.73468173213567, 21.971927918975116 ], [ -159.734840884106461, 21.972035620803396 ], [ -159.7353545934441, 21.972345011844578 ], [ -159.736163450718493, 21.972720831562501 ], [ -159.736706874640731, 21.972921663646421 ], [ -159.737432832748567, 21.973067457046351 ], [ -159.737628146645932, 21.97314337172967 ], [ -159.737710518656996, 21.973152033831994 ], [ -159.738200560094953, 21.973330515622315 ], [ -159.738637310671578, 21.973387264253322 ], [ -159.738844149364979, 21.97346764263121 ], [ -159.739151521608704, 21.973556599444567 ], [ -159.739753809495312, 21.973666805744042 ], [ -159.74055623382813, 21.973848381265292 ], [ -159.740840092522575, 21.973955513558064 ], [ -159.741524617774502, 21.974164726585304 ], [ -159.741855206112007, 21.974294232914939 ], [ -159.742516845519901, 21.974408676825519 ], [ -159.742717564847055, 21.974475526837693 ], [ -159.743567932177228, 21.974562001283882 ], [ -159.743951417438211, 21.974618980510694 ], [ -159.744087295783856, 21.974672571611574 ], [ -159.744412410884451, 21.974680122573883 ], [ -159.745386551375589, 21.974820234957956 ], [ -159.746620251453379, 21.97504950694692 ], [ -159.747281669476934, 21.975236208390442 ], [ -159.747854151831575, 21.975432277717044 ], [ -159.748096620619975, 21.975494377678508 ], [ -159.74846879944846, 21.975587486936853 ], [ -159.748592643437263, 21.975654664808864 ], [ -159.748976348176996, 21.97575223644591 ], [ -159.750476295723018, 21.976187857942186 ], [ -159.751054958230895, 21.976406478128297 ], [ -159.751308931490115, 21.976468519719649 ], [ -159.751692199280029, 21.976597712330175 ], [ -159.752094139263363, 21.976708744992269 ], [ -159.752554335957683, 21.976846605325669 ], [ -159.753445995490921, 21.977068248887651 ], [ -159.753800697058466, 21.977174985252073 ], [ -159.754373398027241, 21.977294234852913 ], [ -159.754532332513492, 21.977356726220339 ], [ -159.7548044692806, 21.977418677012714 ], [ -159.755985236711865, 21.977819640997367 ], [ -159.756108991314989, 21.977868745416977 ], [ -159.756386697483833, 21.977953256552482 ], [ -159.756587594257951, 21.978051687681276 ], [ -159.757112930266402, 21.978256995288564 ], [ -159.757366780196804, 21.978409386181553 ], [ -159.757502618846473, 21.978453914041378 ], [ -159.757762452106306, 21.978592722947056 ], [ -159.75876081510944, 21.979184295148347 ], [ -159.759386560260822, 21.979601454789975 ], [ -159.759681962942636, 21.979825929938297 ], [ -159.760508699184555, 21.98058547964979 ], [ -159.760797853053646, 21.980886787892022 ], [ -159.762050076256003, 21.982195471555563 ], [ -159.762097170021775, 21.982285602881504 ], [ -159.762404415339006, 21.982686217101776 ], [ -159.762817722186384, 21.98310891096839 ], [ -159.763060075625077, 21.983487246779813 ], [ -159.763278920753777, 21.983770820933721 ], [ -159.763828215723464, 21.984491041319291 ], [ -159.764188058045676, 21.985103743105192 ], [ -159.764466252817613, 21.985617444965108 ], [ -159.764543105583158, 21.985838451530253 ], [ -159.764667083674055, 21.986041160501905 ], [ -159.765044920036502, 21.986848046074698 ], [ -159.765180959076105, 21.987041661649663 ], [ -159.765292923698638, 21.987375447070875 ], [ -159.765600499038698, 21.987947741440266 ], [ -159.765801599265217, 21.988534101209659 ], [ -159.766236930220884, 21.989787985433896 ], [ -159.766360960891149, 21.989999730250059 ], [ -159.766886847343017, 21.991203483331311 ], [ -159.767022408247016, 21.991419691556786 ], [ -159.767063743797593, 21.991564066528547 ], [ -159.767518931891118, 21.992451907449702 ], [ -159.767672608727878, 21.992658993594503 ], [ -159.767772816185214, 21.992830192082614 ], [ -159.767885009700393, 21.993204640670619 ], [ -159.768215734182718, 21.99379941662249 ], [ -159.768995929766731, 21.995566694702394 ], [ -159.769261472756341, 21.996084980346101 ], [ -159.769486453955835, 21.996829358608366 ], [ -159.769722654191384, 21.997858235180011 ], [ -159.770000264064151, 21.99836738895786 ], [ -159.77007747229689, 21.998651625688225 ], [ -159.770171463340773, 21.998904159211808 ], [ -159.770526433156846, 21.999724656969523 ], [ -159.770620668875409, 22.000022365220669 ], [ -159.771223740994117, 22.00126632810926 ], [ -159.771406835626692, 22.001536506024834 ], [ -159.771596035097929, 22.001928629875131 ], [ -159.77204481551351, 22.002626705559003 ], [ -159.772488182578769, 22.003442172874561 ], [ -159.773025527989205, 22.004279687644672 ], [ -159.77331532535058, 22.004797723708819 ], [ -159.773687469843139, 22.005315335411321 ], [ -159.774242720819387, 22.005990121816446 ], [ -159.774662119654238, 22.006399066047177 ], [ -159.774732916581996, 22.006502606755749 ], [ -159.774797879866753, 22.006646835957923 ], [ -159.775193857771626, 22.00697910071445 ], [ -159.775518721077049, 22.007149095877271 ], [ -159.775743215287292, 22.007233773381959 ], [ -159.776451548174578, 22.007437930514342 ], [ -159.776723417877804, 22.007549467898773 ], [ -159.777018902411527, 22.007660882969049 ], [ -159.777745288773787, 22.007955294730618 ], [ -159.777987810705184, 22.008125711571175 ], [ -159.778188095936457, 22.008323452062474 ], [ -159.77833029517106, 22.00841758751239 ], [ -159.778696690754145, 22.008763551043675 ], [ -159.778785288855914, 22.008799233504181 ], [ -159.779115732216042, 22.008991782381297 ], [ -159.779246020686287, 22.009122119348788 ], [ -159.779635763231624, 22.009418266684644 ], [ -159.780072721761144, 22.00982259127986 ], [ -159.780575061249493, 22.010335000797415 ], [ -159.780699026259157, 22.010415675397571 ], [ -159.780852586885004, 22.010482644461899 ], [ -159.781254545207645, 22.010796795630096 ], [ -159.781419522385988, 22.010958575218645 ], [ -159.781697243462418, 22.011363723688053 ], [ -159.781839435270086, 22.011566279578123 ], [ -159.782123018513886, 22.011713890280991 ], [ -159.78232364922377, 22.011861931603335 ], [ -159.782507040615485, 22.01206879185942 ], [ -159.782743222335597, 22.01240638930615 ], [ -159.782891173891727, 22.012776069034739 ], [ -159.783150761773271, 22.013185827370862 ], [ -159.783345907852407, 22.013437801939801 ], [ -159.783511298291586, 22.013563436980917 ], [ -159.78373023385609, 22.013846911615293 ], [ -159.783865831435378, 22.0139501128996 ], [ -159.784060621921924, 22.014025900212292 ], [ -159.784468688825939, 22.014236107164823 ], [ -159.784686934776346, 22.014393089615801 ], [ -159.784917687370836, 22.014622289700522 ], [ -159.785212787134896, 22.014991201803362 ], [ -159.785307200687981, 22.015203040684 ], [ -159.78543756876266, 22.015898083316713 ], [ -159.785432124604398, 22.016340843614898 ], [ -159.785562419800186, 22.017022332750468 ], [ -159.785668255650904, 22.017328982821802 ], [ -159.786106031243094, 22.018316073124421 ], [ -159.78614701239286, 22.018501083903029 ], [ -159.786147660974734, 22.018839905626358 ], [ -159.78623042975812, 22.019246065290925 ], [ -159.786330868044274, 22.01956177911828 ], [ -159.78669727095442, 22.020341426667862 ], [ -159.78679785110873, 22.020792670049772 ], [ -159.786992929980102, 22.021139514261531 ], [ -159.787377052928605, 22.021946163079789 ], [ -159.787394629996442, 22.022058996376018 ], [ -159.787448117686438, 22.022424594381675 ], [ -159.787442577389385, 22.022627888844962 ], [ -159.78753720295083, 22.023535312824688 ], [ -159.787519882857538, 22.02368898090781 ], [ -159.787554964796584, 22.023901096863511 ], [ -159.787531407280426, 22.024131586885197 ], [ -159.787555222207885, 22.024167599084656 ], [ -159.787555538692061, 22.024334726050395 ], [ -159.787596941944344, 22.024704904340972 ], [ -159.787579231953231, 22.025007635815527 ], [ -159.787632606429412, 22.025571983131016 ], [ -159.787662114269637, 22.025761542798222 ], [ -159.787762972238056, 22.026370813264091 ], [ -159.787804217720122, 22.026492557522605 ], [ -159.787898912073871, 22.026862457678643 ], [ -159.787951937244856, 22.027033827280405 ], [ -159.78807666416148, 22.027688143171918 ], [ -159.788135633401225, 22.02838797102509 ], [ -159.788059088011579, 22.029002682689526 ], [ -159.788023831800075, 22.029088688947684 ], [ -159.787964745186201, 22.029355499908899 ], [ -159.787964874912177, 22.030037566334798 ], [ -159.787941299121229, 22.030155130581196 ], [ -159.787817913030977, 22.030512616085236 ], [ -159.787693905034104, 22.031086920276035 ], [ -159.787599719112251, 22.031688170981006 ], [ -159.787534856822674, 22.031896289974362 ], [ -159.787334546036362, 22.033460212239966 ], [ -159.787293026576407, 22.033618522458148 ], [ -159.787252104479393, 22.033885237660051 ], [ -159.787133965180658, 22.034206558127632 ], [ -159.787122350970947, 22.034296958492703 ], [ -159.786986449327657, 22.034582234880979 ], [ -159.786910020507833, 22.034889787646108 ], [ -159.786786179758991, 22.035165967497957 ], [ -159.786750607793579, 22.035414586324215 ], [ -159.786703412236847, 22.035532272850762 ], [ -159.786567383871756, 22.035794964726357 ], [ -159.786508822877437, 22.036048219884794 ], [ -159.786479272579157, 22.036400697908423 ], [ -159.786414414274134, 22.036830148155872 ], [ -159.786361302756063, 22.037413114841648 ], [ -159.786272800384268, 22.037838170602928 ], [ -159.786272899778709, 22.038185978392541 ], [ -159.786219903774622, 22.03857019658469 ], [ -159.786208595434118, 22.038936131448477 ], [ -159.786166989653395, 22.039189297811859 ], [ -159.78616764461168, 22.039528068072165 ], [ -159.786138200685855, 22.039790206327392 ], [ -159.786108492075982, 22.039894250633331 ], [ -159.786102526914789, 22.040020756699647 ], [ -159.785966684962148, 22.040427988806037 ], [ -159.785813336484551, 22.040735938139157 ], [ -159.785783702275609, 22.040853533793854 ], [ -159.785701559885325, 22.0412243506835 ], [ -159.785713629985651, 22.041436586895284 ], [ -159.785831608984921, 22.04196446279887 ], [ -159.7858196771449, 22.042217474870441 ], [ -159.785725671147617, 22.042633523613389 ], [ -159.785424676241945, 22.043515891838251 ], [ -159.785354056188709, 22.04366983497091 ], [ -159.785118077596394, 22.044371186468496 ], [ -159.784946679943261, 22.044701810819575 ], [ -159.78487025164182, 22.044900952926852 ], [ -159.784799140516498, 22.045185889805296 ], [ -159.784681036898121, 22.045516238556164 ], [ -159.784521784426886, 22.045742909846229 ], [ -159.78439774788265, 22.046095874298036 ], [ -159.784232650928431, 22.04647163455224 ], [ -159.784067160189238, 22.046996436077755 ], [ -159.784026078506315, 22.047236010496 ], [ -159.783861029839272, 22.047842041647645 ], [ -159.783855334221727, 22.048018205646244 ], [ -159.78386707048918, 22.048501385585631 ], [ -159.783973622775278, 22.048934397003364 ], [ -159.784334268457627, 22.049424803998267 ], [ -159.784428641187617, 22.049514640248894 ], [ -159.78448791122085, 22.049609175158423 ], [ -159.784659022985153, 22.049996686340492 ], [ -159.784794974172939, 22.050488252096638 ], [ -159.784807265300628, 22.050741098084135 ], [ -159.784742046729775, 22.05110725202892 ], [ -159.784683560361657, 22.051265623813304 ], [ -159.784582790592225, 22.05155518615879 ], [ -159.784576986433848, 22.051821675135038 ], [ -159.784577302835771, 22.052210070708043 ], [ -159.784500475910249, 22.0525582214011 ], [ -159.784294208815993, 22.05293865791953 ], [ -159.78423500500287, 22.053187359303507 ], [ -159.784241413164438, 22.053471850289174 ], [ -159.784187809467653, 22.053747620183202 ], [ -159.784117033854216, 22.053874443738493 ], [ -159.783987213036852, 22.054168675366746 ], [ -159.783904550100971, 22.054557504439884 ], [ -159.783829863388661, 22.05518565376001 ], [ -159.783828120059951, 22.055199211145609 ], [ -159.78381668691452, 22.055212819451643 ], [ -159.783769201980562, 22.05561049850305 ], [ -159.783686438199652, 22.055981262836834 ], [ -159.783604339902126, 22.056252667353373 ], [ -159.783320562900968, 22.056859326543993 ], [ -159.783178833964001, 22.057081363243633 ], [ -159.783090627552838, 22.057343766454213 ], [ -159.783061472936339, 22.05788135671791 ], [ -159.78302006474604, 22.058062223685805 ], [ -159.783055285541337, 22.058409794128643 ], [ -159.782966794760426, 22.05873091169671 ], [ -159.783037724216115, 22.058852481109323 ], [ -159.783215123174074, 22.059059304234875 ], [ -159.78331009690541, 22.059257523940122 ], [ -159.783369150381219, 22.059532708125918 ], [ -159.783427917939349, 22.059645307988877 ], [ -159.783475498952555, 22.059816677160512 ], [ -159.783487640777622, 22.060042427464325 ], [ -159.783540673274217, 22.060213768696816 ], [ -159.783670571206301, 22.060484064933064 ], [ -159.783735583367587, 22.060741151697492 ], [ -159.783747492459241, 22.061034646391139 ], [ -159.783736284473122, 22.061310197563813 ], [ -159.783813202865588, 22.061639481181416 ], [ -159.78409113933003, 22.062283848598934 ], [ -159.7841796865508, 22.06296533821919 ], [ -159.784144705999978, 22.063764898207907 ], [ -159.784050256323127, 22.064104114313032 ], [ -159.783666613012201, 22.065059062406558 ], [ -159.783382839798747, 22.065448954297882 ], [ -159.783069792470911, 22.065802871065198 ], [ -159.782254949539947, 22.066556861591135 ], [ -159.781935751816064, 22.06678435566236 ], [ -159.78144004806876, 22.067080522317028 ], [ -159.781121082279924, 22.067240271329091 ], [ -159.780943624131027, 22.067467020783635 ], [ -159.780424029760013, 22.068047843348726 ], [ -159.780181681050493, 22.068261385946922 ], [ -159.779532151187368, 22.069010001083115 ], [ -159.77910119970764, 22.069296797652648 ], [ -159.778663981247064, 22.069434587280004 ], [ -159.77816737408429, 22.069568172038505 ], [ -159.777635770424865, 22.069616127724228 ], [ -159.77726388804831, 22.0696271123436 ], [ -159.776648944337893, 22.069833577369398 ], [ -159.776276904680856, 22.070038769300083 ], [ -159.775768970836396, 22.070429847569535 ], [ -159.775125013647965, 22.070984233166296 ], [ -159.77471769572449, 22.071275423436095 ], [ -159.773755008032282, 22.071926315230037 ], [ -159.773246966585191, 22.07229925178051 ], [ -159.772844973506324, 22.072567775221046 ], [ -159.772018169442674, 22.073253866932642 ], [ -159.771521788741268, 22.073766493086431 ], [ -159.770512074452313, 22.074683459329194 ], [ -159.769672822682367, 22.075310621331592 ], [ -159.769395608490157, 22.075578368643811 ], [ -159.769058938144383, 22.076054124107245 ], [ -159.768728034154947, 22.07658855857413 ], [ -159.768408876815329, 22.077055203765628 ], [ -159.767954026856017, 22.077635393929064 ], [ -159.767274745616078, 22.078388260140247 ], [ -159.766997109329793, 22.078692146525825 ], [ -159.766365017678993, 22.079209974214248 ], [ -159.766004869910915, 22.079604575558758 ], [ -159.765721387889329, 22.079949137967265 ], [ -159.765166487430321, 22.080516279830523 ], [ -159.76457552508694, 22.081024891648816 ], [ -159.764232547015865, 22.081347165775437 ], [ -159.763919325536733, 22.081569947194236 ], [ -159.763264090951907, 22.081956943117614 ], [ -159.76217082702621, 22.082793126089928 ], [ -159.761727588859657, 22.083174597233771 ], [ -159.761184433565973, 22.083791385777953 ], [ -159.760977460956894, 22.083945925473014 ], [ -159.760688097906495, 22.084100859988844 ], [ -159.760280336838633, 22.084206685234722 ], [ -159.759890287423246, 22.084339522541441 ], [ -159.759583449699079, 22.08451260686785 ], [ -159.758679477151532, 22.085180815618578 ], [ -159.75843716522337, 22.085412303428534 ], [ -159.758259886118452, 22.085797030397778 ], [ -159.75798254382687, 22.086277079798013 ], [ -159.757757744005005, 22.086612359963283 ], [ -159.756475531959609, 22.087476606231267 ], [ -159.755914699672559, 22.08796706001209 ], [ -159.7554003854668, 22.088547619760657 ], [ -159.755063448923465, 22.088874416714294 ], [ -159.754726804581679, 22.089142499405948 ], [ -159.754372232070352, 22.089342925237201 ], [ -159.753515457799324, 22.089667707662855 ], [ -159.753279259084849, 22.089912729730795 ], [ -159.752723660663605, 22.090710295232395 ], [ -159.751394906617634, 22.091954206205422 ], [ -159.751211384464028, 22.092194465381723 ], [ -159.750904198804506, 22.092882457269795 ], [ -159.750738956107654, 22.093027783181949 ], [ -159.75043742068047, 22.09317828330164 ], [ -159.749994078547502, 22.093437864877469 ], [ -159.749816906315544, 22.093619382053692 ], [ -159.749787647440826, 22.093700821428051 ], [ -159.749639912932849, 22.093949946832112 ], [ -159.749202706958869, 22.094340483500194 ], [ -159.747991177633878, 22.095190940346694 ], [ -159.747105139255041, 22.095954001982228 ], [ -159.746076903926507, 22.096523366211787 ], [ -159.745710674743691, 22.096818652328281 ], [ -159.745403012531767, 22.097190418107239 ], [ -159.745119427790826, 22.097647878519997 ], [ -159.744865514312153, 22.098218109010208 ], [ -159.744641153430678, 22.098878531793392 ], [ -159.744510977467854, 22.099475288742759 ], [ -159.744458244761432, 22.100166528929222 ], [ -159.744203900668282, 22.101350989184134 ], [ -159.743855314778301, 22.102937848854317 ], [ -159.743761093353498, 22.103227335616193 ], [ -159.743572074795026, 22.103580495604277 ], [ -159.743293987755209, 22.103934075952619 ], [ -159.742490410829788, 22.104606269314012 ], [ -159.741852132622967, 22.105024774384063 ], [ -159.741278947694582, 22.105610084567662 ], [ -159.740989583928695, 22.106243745298094 ], [ -159.74083570860455, 22.10683160721484 ], [ -159.740824294121666, 22.107432349491837 ], [ -159.740918533247964, 22.107842902418536 ], [ -159.741025279738636, 22.10856051328269 ], [ -159.740771092868442, 22.109550816998503 ], [ -159.740623750092396, 22.109881215282673 ], [ -159.740428350702558, 22.110175710115524 ], [ -159.739293706836435, 22.111165678274244 ], [ -159.73901608208439, 22.111496699086906 ], [ -159.738773882859448, 22.111881751799611 ], [ -159.738472614327293, 22.112678092102946 ], [ -159.738358231493407, 22.113523230231099 ], [ -159.73820461212668, 22.114747947703577 ], [ -159.73798631796484, 22.11775702107423 ], [ -159.737891943482424, 22.118371726321197 ], [ -159.737401232497291, 22.119683890391759 ], [ -159.737070169796397, 22.120114557433403 ], [ -159.736378504457804, 22.120772792648047 ], [ -159.736337138011805, 22.120976240047636 ], [ -159.736372781769973, 22.121423214698975 ], [ -159.736307781566268, 22.121626776789416 ], [ -159.735906274596687, 22.121913237640687 ], [ -159.735533344542148, 22.122217529997606 ], [ -159.735338226180801, 22.122688016932404 ], [ -159.735084442475397, 22.123181362437805 ], [ -159.734564113504746, 22.123694053335022 ], [ -159.734097532593097, 22.124639919286306 ], [ -159.733701567725262, 22.125648657799761 ], [ -159.733429593336922, 22.126259487052618 ], [ -159.733133889459737, 22.126734984471433 ], [ -159.732962716712052, 22.127151186642109 ], [ -159.732856226042031, 22.128357195394006 ], [ -159.732862288746333, 22.129178887448102 ], [ -159.732838329765599, 22.129937516709457 ], [ -159.732844160341784, 22.130831450060178 ], [ -159.732767454635535, 22.131937987025005 ], [ -159.732655107936921, 22.132949884905813 ], [ -159.732294868022905, 22.1347802016716 ], [ -159.732099488264055, 22.135675120412358 ], [ -159.731809841724413, 22.136624681186717 ], [ -159.731567908292334, 22.137307628207591 ], [ -159.730852584275766, 22.139157765967692 ], [ -159.730586587378724, 22.139759566741933 ], [ -159.730101889353904, 22.140380502969371 ], [ -159.729085058435487, 22.141004050298953 ], [ -159.728529005662693, 22.141304770443 ], [ -159.728133273375505, 22.141785310179987 ], [ -159.727536079037776, 22.142573865185799 ], [ -159.727151624131295, 22.143009201882141 ], [ -159.726897622306097, 22.143236204304714 ], [ -159.726087946533937, 22.144314779603018 ], [ -159.725792451617934, 22.144961897957678 ], [ -159.725478775637185, 22.145491713041874 ], [ -159.724739873448982, 22.146547380630391 ], [ -159.724148955586884, 22.14750258089575 ], [ -159.723510357043494, 22.148498432560068 ], [ -159.723120215002581, 22.149366717968991 ], [ -159.723084240771328, 22.149443604022579 ], [ -159.722966459164923, 22.14964272517912 ], [ -159.722499474950183, 22.150064662954684 ], [ -159.721571205572047, 22.150601358216552 ], [ -159.721174845618378, 22.150729451774986 ], [ -159.720607399134451, 22.150826710595499 ], [ -159.720057321938384, 22.150883280751529 ], [ -159.719442665525349, 22.150994282128877 ], [ -159.718650245848096, 22.151191799710624 ], [ -159.718189369741651, 22.151387859458811 ], [ -159.717692515499948, 22.151660788413167 ], [ -159.717278629045154, 22.151919815580623 ], [ -159.716853006628156, 22.152255607291554 ], [ -159.716368245885633, 22.15252397124533 ], [ -159.715924745794183, 22.152801179352689 ], [ -159.715186116235287, 22.153210545601414 ], [ -159.714636252276648, 22.15355139516566 ], [ -159.713873343039864, 22.154195520049406 ], [ -159.713134344170669, 22.154654527313689 ], [ -159.712803449404021, 22.154786840603684 ], [ -159.71198147969335, 22.155020580249435 ], [ -159.710940979437169, 22.155192095433389 ], [ -159.710219775027213, 22.155335136591908 ], [ -159.7096104383279, 22.155545378878131 ], [ -159.708706168590197, 22.156050229681348 ], [ -159.707677121422421, 22.156695519644657 ], [ -159.707458217277349, 22.156800265283444 ], [ -159.707405464280015, 22.156917826393411 ], [ -159.707476307132254, 22.157386840927906 ], [ -159.707517306907022, 22.157585222706651 ], [ -159.707629704304651, 22.157999902229065 ], [ -159.707653193577784, 22.158211898130414 ], [ -159.707629535290351, 22.158329331235862 ], [ -159.707535182852496, 22.158492201714836 ], [ -159.707286822774421, 22.158646718937458 ], [ -159.706943526110649, 22.158968621807556 ], [ -159.706736582759106, 22.159041728566933 ], [ -159.706589264897332, 22.159037859055157 ], [ -159.706435525252715, 22.158961812900515 ], [ -159.706358540820077, 22.158840304400663 ], [ -159.706246313004584, 22.158822742567633 ], [ -159.706169018392785, 22.158881745246859 ], [ -159.706003546753408, 22.159248000348157 ], [ -159.705897179073531, 22.159311643010984 ], [ -159.705559932630678, 22.15926798545657 ], [ -159.70545356240109, 22.159209783137801 ], [ -159.705347213491365, 22.159034248375264 ], [ -159.705247282713941, 22.158687199780378 ], [ -159.705075535210341, 22.158281796381615 ], [ -159.70498714361463, 22.157817363567933 ], [ -159.704874713468513, 22.15775918612599 ], [ -159.704608905696944, 22.157697161651729 ], [ -159.703976289750187, 22.157618678083498 ], [ -159.703668861052563, 22.157597447249572 ], [ -159.703473233284939, 22.157629885520461 ], [ -159.703024168180036, 22.158015424178057 ], [ -159.702663238616339, 22.158328374805418 ], [ -159.702326644514955, 22.158537425715824 ], [ -159.70177030777441, 22.158806095150094 ], [ -159.70076548284456, 22.159090245119334 ], [ -159.700404615486747, 22.159294887630232 ], [ -159.699990919950949, 22.159603555721013 ], [ -159.699151102782736, 22.16040597639017 ], [ -159.698524429492835, 22.160918649663234 ], [ -159.69809882891343, 22.16115065085814 ], [ -159.697400653087954, 22.161424447012852 ], [ -159.697087216197673, 22.16153860816307 ], [ -159.697016378758917, 22.161678806471798 ], [ -159.697069783153722, 22.161813972959294 ], [ -159.697170351932499, 22.162048228539717 ], [ -159.697211272232948, 22.162233089665566 ], [ -159.697187649166779, 22.162359552448365 ], [ -159.696537623507169, 22.16256534779534 ], [ -159.696336219619013, 22.162534596607468 ], [ -159.696147205222445, 22.162557948743473 ], [ -159.695910703805424, 22.162662732637216 ], [ -159.695603279867953, 22.162767811555231 ], [ -159.695313575061647, 22.162778043216079 ], [ -159.694982250183443, 22.16270721434126 ], [ -159.694728205068998, 22.162572880490348 ], [ -159.694479889581544, 22.162370828025743 ], [ -159.69442106836749, 22.162366559789938 ], [ -159.694243520047593, 22.162502687205127 ], [ -159.694124991024665, 22.162683699316041 ], [ -159.693989222920408, 22.162810627329083 ], [ -159.69378821752656, 22.162861105124069 ], [ -159.69345134930262, 22.162772243345014 ], [ -159.693232203539964, 22.162831821582948 ], [ -159.692989682117144, 22.162945652668515 ], [ -159.692700262928355, 22.163014548322497 ], [ -159.692380965424775, 22.163047462704704 ], [ -159.691718528578804, 22.163072771566881 ], [ -159.691233931268101, 22.163020620537651 ], [ -159.690937931500088, 22.163107591646632 ], [ -159.690600999568062, 22.163253400943272 ], [ -159.690459176631606, 22.163258500481568 ], [ -159.690347111580195, 22.163150651141585 ], [ -159.690287871713537, 22.163060635073215 ], [ -159.690210777735217, 22.163038388401784 ], [ -159.690163914478092, 22.163124329476986 ], [ -159.689974590177371, 22.163332710273195 ], [ -159.689436053138309, 22.163655358136708 ], [ -159.689158324341037, 22.163760303080359 ], [ -159.68880934268455, 22.16379784662038 ], [ -159.688655826426952, 22.163766888147411 ], [ -159.68850213354321, 22.163699826224093 ], [ -159.688265464610112, 22.163398428620432 ], [ -159.687905202136932, 22.163111077721169 ], [ -159.68776917738515, 22.163061994821611 ], [ -159.687503023110651, 22.163054063512273 ], [ -159.686693051755412, 22.163156680114167 ], [ -159.68597779570527, 22.163290495808599 ], [ -159.685658437303147, 22.163436224680154 ], [ -159.685498654197232, 22.163612888176626 ], [ -159.685374658510568, 22.163793918951121 ], [ -159.685273711258958, 22.163853002326647 ], [ -159.68502580665492, 22.163858532145653 ], [ -159.684818500956538, 22.163985747834111 ], [ -159.684676580574774, 22.164221007227798 ], [ -159.684534397661395, 22.164402111952416 ], [ -159.684368763646091, 22.164497565010084 ], [ -159.683813240325918, 22.164445682451358 ], [ -159.683387850498178, 22.164352649610937 ], [ -159.683322426361741, 22.164361943295983 ], [ -159.683251355795448, 22.164457007910062 ], [ -159.683145197541876, 22.164692120664661 ], [ -159.682979479989598, 22.164895885813362 ], [ -159.682713479482175, 22.165045904265025 ], [ -159.682458904825324, 22.165051457253384 ], [ -159.68200409407919, 22.165017210286738 ], [ -159.681891540458992, 22.165058287666717 ], [ -159.681666545533062, 22.165289372302315 ], [ -159.681205678315308, 22.165507879730828 ], [ -159.681022243742518, 22.165558271238865 ], [ -159.680608393780687, 22.165596062889833 ], [ -159.680466421335268, 22.16582229408019 ], [ -159.680365666871324, 22.16592199291199 ], [ -159.680206047364948, 22.166008390923793 ], [ -159.679792477779955, 22.166104849295532 ], [ -159.679260117206354, 22.166206303221713 ], [ -159.679076985291658, 22.166319874595668 ], [ -159.678834273974644, 22.1665239500247 ], [ -159.678668698468329, 22.16663293720633 ], [ -159.678426007714449, 22.166715158729996 ], [ -159.678166060750584, 22.166738779934327 ], [ -159.677900310161306, 22.166690214863415 ], [ -159.677776171564346, 22.16659143097537 ], [ -159.677728347081995, 22.166478797834156 ], [ -159.677728411663253, 22.166365970118317 ], [ -159.677415465551206, 22.166209281807369 ], [ -159.677362143717204, 22.166214011292137 ], [ -159.677267340339057, 22.166291118580514 ], [ -159.67711966793857, 22.166341360785495 ], [ -159.676948030179261, 22.166576737130256 ], [ -159.67677091434274, 22.166681256080118 ], [ -159.676610943910731, 22.166948177104768 ], [ -159.676504448776654, 22.166989226578956 ], [ -159.67593690191535, 22.167086299708078 ], [ -159.675658746152209, 22.167105477274376 ], [ -159.675386933119228, 22.167183299859815 ], [ -159.674984984502004, 22.167175899044935 ], [ -159.674683295434164, 22.1672177355378 ], [ -159.674440861100294, 22.167227741005952 ], [ -159.674227850310331, 22.167178957165095 ], [ -159.673962211609648, 22.167026584406724 ], [ -159.673684215026924, 22.16669824871531 ], [ -159.673448208143213, 22.166022234303814 ], [ -159.67335934170481, 22.165819503150153 ], [ -159.67323505562436, 22.165689123743519 ], [ -159.673028542562292, 22.165604206408219 ], [ -159.672886609814299, 22.165586725303463 ], [ -159.672703429471738, 22.165691264913075 ], [ -159.672407349379114, 22.165764666584828 ], [ -159.672271386798684, 22.165855476321948 ], [ -159.671715274991868, 22.166570714217666 ], [ -159.671680132653165, 22.166701730940801 ], [ -159.671786296623281, 22.16684573891752 ], [ -159.672093331267263, 22.167417714569364 ], [ -159.672135085297555, 22.16765674747413 ], [ -159.672105029370073, 22.167837388383166 ], [ -159.67199848159234, 22.168122128267932 ], [ -159.671892307629633, 22.168230854780703 ], [ -159.671732204414752, 22.168344303261389 ], [ -159.671626292375265, 22.16838081938204 ], [ -159.671359739985604, 22.168417957341248 ], [ -159.671099554590882, 22.168391887117725 ], [ -159.670893084327417, 22.168315963880691 ], [ -159.670668627620046, 22.168154359735272 ], [ -159.670520357682221, 22.167951843404573 ], [ -159.67036123236096, 22.167505659422783 ], [ -159.670296495024616, 22.167149373257672 ], [ -159.670195787827936, 22.167005342759602 ], [ -159.670071569516608, 22.166888481737647 ], [ -159.669911777923659, 22.16681237616039 ], [ -159.669640078489124, 22.166786347235071 ], [ -159.669456554149804, 22.166818648393058 ], [ -159.668292026553416, 22.16719773139614 ], [ -159.667327662872196, 22.167603115866715 ], [ -159.667032354899135, 22.167712568233576 ], [ -159.666795475066209, 22.167871438867763 ], [ -159.666594401512725, 22.168039198503557 ], [ -159.666476207176885, 22.168170534802972 ], [ -159.666411292244049, 22.168288125797304 ], [ -159.666422736018831, 22.168400910237647 ], [ -159.666747780749944, 22.16906760490124 ], [ -159.666777667526077, 22.169234476852321 ], [ -159.666712359940618, 22.169397201321349 ], [ -159.666422683240313, 22.169416367901206 ], [ -159.666251299532121, 22.169453131958594 ], [ -159.665860546585947, 22.169377911158428 ], [ -159.665736403288349, 22.169405466732851 ], [ -159.665541782882002, 22.169528069699425 ], [ -159.665417481085598, 22.169650401667788 ], [ -159.665281001272348, 22.169890122404489 ], [ -159.665216075403151, 22.170391332072441 ], [ -159.665174652021477, 22.170477240443347 ], [ -159.665050050976816, 22.170536389977777 ], [ -159.664695591778781, 22.170573855907318 ], [ -159.664305208404926, 22.170706234434903 ], [ -159.663920672313168, 22.170793458261336 ], [ -159.663889777034967, 22.17079809022777 ], [ -159.663871633822993, 22.170807186320395 ], [ -159.663747446483427, 22.170825714776178 ], [ -159.663493096471882, 22.170880846449535 ], [ -159.663215251190508, 22.17096766051047 ], [ -159.662771827883518, 22.171037055160305 ], [ -159.662553072982661, 22.171055944618313 ], [ -159.662298847897233, 22.171138153184245 ], [ -159.661335680853313, 22.171678899722739 ], [ -159.661116973591049, 22.171837691272373 ], [ -159.661004354015887, 22.171996029761544 ], [ -159.660715010152984, 22.172087367091915 ], [ -159.660342473878814, 22.17227827796421 ], [ -159.659230999286621, 22.172738193744383 ], [ -159.65871694274685, 22.173001828331916 ], [ -159.658090312897656, 22.173175655925139 ], [ -159.657451409665498, 22.173317945252069 ], [ -159.657197200155025, 22.173404633080128 ], [ -159.657008275777144, 22.173581307410796 ], [ -159.656795628827069, 22.17387086506978 ], [ -159.656481994796337, 22.174214946222921 ], [ -159.65597378309937, 22.174564277340831 ], [ -159.654821099022968, 22.175295033535914 ], [ -159.654661205397161, 22.175458062038551 ], [ -159.654513710504858, 22.175810537619462 ], [ -159.654277162667029, 22.176176884494566 ], [ -159.654034800938376, 22.176466554333086 ], [ -159.653686535795202, 22.176797230052163 ], [ -159.653272651282833, 22.177227412362281 ], [ -159.65270519969053, 22.177879251470301 ], [ -159.652279435023075, 22.178232778871916 ], [ -159.651581738724303, 22.178515142811179 ], [ -159.650955074353675, 22.178819795918372 ], [ -159.649855370566826, 22.179220976196394 ], [ -159.649163938144113, 22.1794175854054 ], [ -159.648808864253965, 22.179590369111473 ], [ -159.6484541256564, 22.179704496881637 ], [ -159.647301440564149, 22.179925390658678 ], [ -159.64639104116074, 22.180231035904313 ], [ -159.646071655778314, 22.180254767284779 ], [ -159.645764228009455, 22.180242359097271 ], [ -159.645515751646826, 22.180261317581898 ], [ -159.644953640038437, 22.18023630603351 ], [ -159.64446332721343, 22.180400527463302 ], [ -159.644049062226571, 22.180623124233595 ], [ -159.643741957057756, 22.180813744650571 ], [ -159.643357816495723, 22.180995622979797 ], [ -159.642725075266924, 22.181435584956819 ], [ -159.642411709047764, 22.181716464211618 ], [ -159.641749265163298, 22.18202568721393 ], [ -159.641028443901661, 22.182429870057561 ], [ -159.640939581857225, 22.182619693384517 ], [ -159.640774289424684, 22.182800769752653 ], [ -159.640253618553146, 22.183091425401479 ], [ -159.639792390698204, 22.183255530471083 ], [ -159.639703598816567, 22.183328043289443 ], [ -159.639579879556152, 22.183585670729066 ], [ -159.639508841941364, 22.183829571078046 ], [ -159.639278337032266, 22.184069538644273 ], [ -159.639006196552941, 22.184219419938447 ], [ -159.638462335655447, 22.184478572794788 ], [ -159.638285334767801, 22.184619084030338 ], [ -159.63798973950739, 22.184945012704752 ], [ -159.637516601755436, 22.185158787974395 ], [ -159.63729172552857, 22.18530398440058 ], [ -159.637143905860682, 22.185462436450923 ], [ -159.636960608454245, 22.185819541145062 ], [ -159.63698484525159, 22.186351858322631 ], [ -159.63690759596517, 22.18656419732833 ], [ -159.636766061790468, 22.18677225795188 ], [ -159.63660053559019, 22.186903703050323 ], [ -159.635742854059913, 22.18721812957029 ], [ -159.635671884687866, 22.187344720253808 ], [ -159.635536206620486, 22.187507640486253 ], [ -159.634950564163091, 22.188051187626836 ], [ -159.634335648073204, 22.188423386645098 ], [ -159.63421738615483, 22.188550147313528 ], [ -159.634028800199758, 22.188812520302026 ], [ -159.633862747662761, 22.189097371328561 ], [ -159.633821707462317, 22.189273484573672 ], [ -159.63382765552052, 22.189517107351392 ], [ -159.633768447279408, 22.189697798312242 ], [ -159.633561426089813, 22.189906093839291 ], [ -159.63278139073671, 22.190504482899193 ], [ -159.632432558718989, 22.19086218315007 ], [ -159.632130954037279, 22.191206177364517 ], [ -159.631988761609392, 22.191405214287055 ], [ -159.631811423793692, 22.19160889084888 ], [ -159.631610338696447, 22.191790092475824 ], [ -159.631415478201319, 22.192007366728319 ], [ -159.631196729692448, 22.192305943215825 ], [ -159.630995783607631, 22.192383368648258 ], [ -159.630575660903872, 22.192664621178736 ], [ -159.62965337975379, 22.193186809075112 ], [ -159.629440710059356, 22.193219156013388 ], [ -159.629245278557107, 22.193310097208624 ], [ -159.629044167631946, 22.193486785183456 ], [ -159.628186730649134, 22.193868863311554 ], [ -159.627725716526385, 22.193956242112687 ], [ -159.62756601486771, 22.194038029523224 ], [ -159.627105054057324, 22.194409660952925 ], [ -159.626874531859812, 22.194654132070223 ], [ -159.626720400132029, 22.19503368919327 ], [ -159.626454364976553, 22.19533694307091 ], [ -159.626076321732825, 22.195676692544005 ], [ -159.625922579188767, 22.195735897665987 ], [ -159.62552600683955, 22.195863649318547 ], [ -159.625277784286624, 22.195810391523562 ], [ -159.625188862386977, 22.195720469146465 ], [ -159.625059136044683, 22.19559008391553 ], [ -159.624976055830956, 22.195450508196195 ], [ -159.624863506814876, 22.195365181535088 ], [ -159.624591579955279, 22.195298470797766 ], [ -159.624284045556294, 22.195132622744136 ], [ -159.624012333314084, 22.195250901446613 ], [ -159.623817221703035, 22.195278668602771 ], [ -159.623746057353145, 22.195364649126049 ], [ -159.62353341842757, 22.195951966568288 ], [ -159.623421185817421, 22.196484782320795 ], [ -159.623361534428909, 22.19670608264742 ], [ -159.623296632173322, 22.196837148309761 ], [ -159.623219930302895, 22.196905085484421 ], [ -159.623006867830071, 22.196987038379625 ], [ -159.622794110118406, 22.197001328138445 ], [ -159.622557386408516, 22.196943526945141 ], [ -159.622214723090934, 22.196786862265952 ], [ -159.622019390317547, 22.196764986504885 ], [ -159.62149913304907, 22.19675777984482 ], [ -159.621250703758136, 22.19679473985164 ], [ -159.62029273013556, 22.19707324642448 ], [ -159.619967716048478, 22.19720519566858 ], [ -159.619701087731499, 22.19737753973515 ], [ -159.619476900210998, 22.197549735484841 ], [ -159.619056931307853, 22.197736144955513 ], [ -159.618719430654039, 22.197786938277417 ], [ -159.618577910333613, 22.197868627161224 ], [ -159.618483373864223, 22.198017816380155 ], [ -159.618122533049842, 22.198276193877778 ], [ -159.617856287685697, 22.19839891354199 ], [ -159.617483737292417, 22.198476892255069 ], [ -159.617347950372562, 22.198621713937719 ], [ -159.617105349823817, 22.198744350882972 ], [ -159.61660249472078, 22.199111481140026 ], [ -159.616430959510808, 22.199400776810897 ], [ -159.616188793744158, 22.19962265256347 ], [ -159.616094312636591, 22.19978537401709 ], [ -159.61596386085813, 22.199903110416344 ], [ -159.615845864158615, 22.199957650341386 ], [ -159.615703746017829, 22.199904011048684 ], [ -159.615638513182517, 22.199823039575143 ], [ -159.615467356576119, 22.19950786343454 ], [ -159.615295699598676, 22.199355084577451 ], [ -159.615129843501279, 22.199418811688489 ], [ -159.614887832752032, 22.199676772971102 ], [ -159.614858399216843, 22.199740027970144 ], [ -159.615006237700896, 22.199992130913177 ], [ -159.615029890724031, 22.200131889274704 ], [ -159.61496443362995, 22.200276466850745 ], [ -159.614805185917874, 22.200326637605748 ], [ -159.614533082256514, 22.200359154479326 ], [ -159.614296342191949, 22.200436658572624 ], [ -159.613752553118388, 22.200736259330643 ], [ -159.61346261346381, 22.200850033593792 ], [ -159.613137194169838, 22.20103159547666 ], [ -159.612658510354549, 22.201245260234042 ], [ -159.611919198603204, 22.201482376203039 ], [ -159.611588067175546, 22.20174515206541 ], [ -159.611398813767153, 22.201867600144038 ], [ -159.61112653234477, 22.201999353885302 ], [ -159.610771669929193, 22.20210432589014 ], [ -159.610375418749811, 22.202173351621358 ], [ -159.609719106160895, 22.202256800243845 ], [ -159.60961258858049, 22.202442116453504 ], [ -159.609529950971734, 22.202541641480295 ], [ -159.609482578694497, 22.20266360133304 ], [ -159.609453006044845, 22.202835120886562 ], [ -159.609387893278466, 22.20292105276771 ], [ -159.609163509033891, 22.203052641170899 ], [ -159.608961949005419, 22.203134529307512 ], [ -159.608447496155691, 22.203212977656701 ], [ -159.608081088827646, 22.203313473644698 ], [ -159.607761662281746, 22.203341630942312 ], [ -159.607471693577594, 22.203311044482426 ], [ -159.607223482348132, 22.203402112321108 ], [ -159.606993070710246, 22.203542740683989 ], [ -159.606129492342717, 22.203933634891914 ], [ -159.605957951400228, 22.204087594507783 ], [ -159.605922662243529, 22.204340332152814 ], [ -159.605940182485341, 22.204606423310352 ], [ -159.60591072005181, 22.204944850926903 ], [ -159.605792496480149, 22.205229449231503 ], [ -159.605295353119459, 22.20580855508712 ], [ -159.605094665828489, 22.205953591818361 ], [ -159.604905070497068, 22.205999347942321 ], [ -159.604609246867824, 22.206018399171885 ], [ -159.604443925348818, 22.206068582504741 ], [ -159.604053695636765, 22.20641274933088 ], [ -159.603752074257045, 22.206634815843213 ], [ -159.603326031939929, 22.206830237416966 ], [ -159.60206641108897, 22.207208928333689 ], [ -159.601806197970632, 22.207331608017153 ], [ -159.601362443595804, 22.207639862986923 ], [ -159.600563983052325, 22.207953828011764 ], [ -159.6000085942689, 22.208248923932711 ], [ -159.599765904181794, 22.208358009238406 ], [ -159.599186190060124, 22.208495297891233 ], [ -159.598919995045094, 22.208496196189977 ], [ -159.598671701739704, 22.208429366397002 ], [ -159.598476653159224, 22.208335290924346 ], [ -159.598322597805975, 22.208326788014517 ], [ -159.598222191406364, 22.208385769513203 ], [ -159.59792042068031, 22.208860449563385 ], [ -159.597671865073636, 22.209159018546828 ], [ -159.597281917485532, 22.209575350867365 ], [ -159.596778922072417, 22.210073243627146 ], [ -159.596725569023732, 22.210217775174243 ], [ -159.596619438593848, 22.210642169684636 ], [ -159.59654215664051, 22.210863470223568 ], [ -159.596258452713897, 22.211311008900971 ], [ -159.596104893453912, 22.211419784007632 ], [ -159.595773875319225, 22.211578769046817 ], [ -159.595708596880456, 22.211628607246965 ], [ -159.595590493828695, 22.211804931093422 ], [ -159.59556040472981, 22.211859164686121 ], [ -159.595395246175542, 22.211949932584247 ], [ -159.595205602295209, 22.211986649198867 ], [ -159.594791578951288, 22.212019596435873 ], [ -159.594566769979451, 22.212200783993374 ], [ -159.594141343963855, 22.212405188376231 ], [ -159.593916361693346, 22.21254577605912 ], [ -159.593461172601593, 22.213025455221768 ], [ -159.593052759899535, 22.21323882424425 ], [ -159.592964059457643, 22.213342872920897 ], [ -159.592733453316214, 22.213731587926574 ], [ -159.59253230768519, 22.213917206255356 ], [ -159.592336959251526, 22.214039650273278 ], [ -159.592082675037489, 22.214135220074485 ], [ -159.590929230731632, 22.214405169407438 ], [ -159.590734447833256, 22.214518587237492 ], [ -159.590628028348561, 22.214735470224351 ], [ -159.590580295670975, 22.214920582672438 ], [ -159.590485983856496, 22.214988559621396 ], [ -159.58998893133932, 22.215179657709736 ], [ -159.589681547326819, 22.215338554828424 ], [ -159.589497905185368, 22.215506067903537 ], [ -159.589161014639785, 22.2160033955094 ], [ -159.588799942541471, 22.216230134547693 ], [ -159.588711540185813, 22.216406357814364 ], [ -159.588598787850884, 22.216560105822388 ], [ -159.588474626301149, 22.216885313080621 ], [ -159.588297460435967, 22.217152049680521 ], [ -159.588143452437265, 22.217301420488742 ], [ -159.588054538026086, 22.217355844545256 ], [ -159.587711653736278, 22.217438165961394 ], [ -159.587611368830466, 22.217528716196494 ], [ -159.587445458132834, 22.21773225917304 ], [ -159.58726184455918, 22.218197506355228 ], [ -159.587149751961306, 22.218364784813005 ], [ -159.58696674683415, 22.218541315942218 ], [ -159.586801024718596, 22.21864561294095 ], [ -159.58635737222167, 22.218994418058951 ], [ -159.586055282482874, 22.219117204048377 ], [ -159.585789388118798, 22.219194759723219 ], [ -159.585688949927373, 22.219249220383208 ], [ -159.585664900770439, 22.219298921593332 ], [ -159.585742157315678, 22.219501671508855 ], [ -159.585712335272916, 22.220056639018498 ], [ -159.585564480061436, 22.220228544056965 ], [ -159.585381301100483, 22.220364475338524 ], [ -159.585221489059961, 22.220432662345392 ], [ -159.584073939933432, 22.220386772493121 ], [ -159.583801771597109, 22.220414722897051 ], [ -159.583594939717557, 22.22055072893048 ], [ -159.583287206384767, 22.220921642236636 ], [ -159.582547699696249, 22.222169036723713 ], [ -159.582210320809111, 22.222558016449035 ], [ -159.581837655120893, 22.222920048631789 ], [ -159.581554044921887, 22.223114909372512 ], [ -159.580921011777946, 22.223428168559607 ], [ -159.580435934053924, 22.223592107774486 ], [ -159.580092917520375, 22.223647339035526 ], [ -159.579838477522657, 22.223711305075962 ], [ -159.579436506672295, 22.223735153201499 ], [ -159.579211444634097, 22.223717836926269 ], [ -159.579093079021447, 22.223691156304611 ], [ -159.578726197424857, 22.223548007347812 ], [ -159.578495603948767, 22.223512667066132 ], [ -159.578099313974178, 22.223590617931205 ], [ -159.577389468645549, 22.22380939518083 ], [ -159.577200391633028, 22.2238415739298 ], [ -159.576774731398956, 22.223856470962676 ], [ -159.576034826884296, 22.223845311858771 ], [ -159.575887370795641, 22.22382323262455 ], [ -159.575082939118289, 22.223604799395435 ], [ -159.57459201575395, 22.223380850273465 ], [ -159.574390551050016, 22.223349920982209 ], [ -159.574243206853737, 22.223354902082249 ], [ -159.574036066435184, 22.22341870749543 ], [ -159.573373716397896, 22.22353808930697 ], [ -159.573006566036867, 22.223476113193875 ], [ -159.57247439381814, 22.223396620074073 ], [ -159.57223218744258, 22.223338755658016 ], [ -159.57202508151704, 22.223262730195025 ], [ -159.57188885499292, 22.223168439741691 ], [ -159.571740976715859, 22.223042612678984 ], [ -159.571551861116205, 22.222916914984093 ], [ -159.571344719614302, 22.222831866504201 ], [ -159.569942918032808, 22.222601710195942 ], [ -159.569777657291183, 22.222525549692232 ], [ -159.569528932525429, 22.222206088385313 ], [ -159.569322050843482, 22.222035338929569 ], [ -159.568777630119314, 22.22192427639061 ], [ -159.568381655983785, 22.221781177496929 ], [ -159.567802162089038, 22.221395024986371 ], [ -159.567465166855243, 22.220990063391948 ], [ -159.567270053745204, 22.220729019565198 ], [ -159.567116209540728, 22.220625738849652 ], [ -159.566909073912939, 22.220540669213868 ], [ -159.56606338116103, 22.220457578077006 ], [ -159.565820923448314, 22.220485396008808 ], [ -159.56566676551509, 22.220454294901597 ], [ -159.565258677275466, 22.220613450458284 ], [ -159.564968748155536, 22.220749683840602 ], [ -159.564430834135095, 22.221197956253022 ], [ -159.563685215667391, 22.221872403848323 ], [ -159.563300546920573, 22.222126172433661 ], [ -159.562744837867967, 22.222524800389468 ], [ -159.561963860144573, 22.223307505952111 ], [ -159.561721225151075, 22.22344356396928 ], [ -159.561360389747762, 22.22359351637337 ], [ -159.560999289951241, 22.223829167316886 ], [ -159.560715242955609, 22.22407360130315 ], [ -159.560307116881461, 22.224530405446227 ], [ -159.560005090264355, 22.224829019272423 ], [ -159.559212125326667, 22.225805699774153 ], [ -159.558839494947421, 22.226041382041181 ], [ -159.558650536218408, 22.226105105575414 ], [ -159.558396010770423, 22.226150987745267 ], [ -159.557981810048261, 22.226152252632961 ], [ -159.55724877792133, 22.226041728019879 ], [ -159.556834699140865, 22.225921208380544 ], [ -159.556568485296964, 22.225773174697554 ], [ -159.55616023678661, 22.225440643939248 ], [ -159.555817502614588, 22.225112423372977 ], [ -159.555409472872014, 22.224834014478947 ], [ -159.554788725300511, 22.224438979084169 ], [ -159.554551929327459, 22.224367528720531 ], [ -159.554244395126517, 22.224350419208545 ], [ -159.553989763959834, 22.224369231621736 ], [ -159.553439993574273, 22.224438551588847 ], [ -159.553149903252688, 22.2243853024172 ], [ -159.552777123767157, 22.224278177467784 ], [ -159.55245792543937, 22.224225016009385 ], [ -159.552256589256956, 22.224225622766209 ], [ -159.552192056544982, 22.224316026603127 ], [ -159.552126737587912, 22.224514684109252 ], [ -159.552043583823547, 22.224650248898772 ], [ -159.551807053884943, 22.224799806360952 ], [ -159.551511414450289, 22.224877374839362 ], [ -159.551150477192209, 22.224851399269582 ], [ -159.550777892608778, 22.224793883913687 ], [ -159.550553138509713, 22.224699839834575 ], [ -159.550334323862842, 22.224574204158078 ], [ -159.550097564955877, 22.224511769427668 ], [ -159.549754751383404, 22.224467693036512 ], [ -159.548211098515765, 22.22409343765635 ], [ -159.547371293279525, 22.223658431279009 ], [ -159.546974728247903, 22.223515271166995 ], [ -159.54631841976169, 22.223323251948241 ], [ -159.546064456683581, 22.223202215625854 ], [ -159.54572110243393, 22.223018294768544 ], [ -159.545573300379459, 22.222905967193974 ], [ -159.545496433583338, 22.222788920792581 ], [ -159.545395925016123, 22.222518586529912 ], [ -159.545266034490993, 22.222334037510169 ], [ -159.544627409394053, 22.221853288622395 ], [ -159.544461900435806, 22.221709435384685 ], [ -159.544373390363376, 22.221560823623182 ], [ -159.544272972688333, 22.221312998364265 ], [ -159.544119282159244, 22.220776609107819 ], [ -159.544137205092056, 22.22055099381005 ], [ -159.544125045423982, 22.220230730181722 ], [ -159.544012970904674, 22.219635571593628 ], [ -159.543900789069482, 22.219324622999487 ], [ -159.54374747542721, 22.219040862361016 ], [ -159.543380560952642, 22.218563742225911 ], [ -159.543268578973709, 22.218460310546138 ], [ -159.542517274849928, 22.218002356770153 ], [ -159.542292847467849, 22.217831583706118 ], [ -159.542091393571155, 22.21764269824244 ], [ -159.542009040245915, 22.217516622517099 ], [ -159.541967834667048, 22.217367871597965 ], [ -159.541902679149359, 22.216984603633492 ], [ -159.541837702091584, 22.216804343406221 ], [ -159.541465447252989, 22.216354301473611 ], [ -159.541459099963703, 22.216124245499838 ], [ -159.5415661146817, 22.215884837002395 ], [ -159.541708331749845, 22.215496454689326 ], [ -159.541778878303887, 22.215392490113228 ], [ -159.541856021920267, 22.215112566527331 ], [ -159.541714034353959, 22.214932530052135 ], [ -159.541264893899609, 22.214514290233296 ], [ -159.540744585789383, 22.214195504651531 ], [ -159.539827840166765, 22.213913957521861 ], [ -159.539384256175026, 22.213834041408987 ], [ -159.538949352544847, 22.213803722048606 ], [ -159.538866865980708, 22.213799450146531 ], [ -159.538718819973923, 22.213777322610969 ], [ -159.538595117438945, 22.213777680523577 ], [ -159.538482657862687, 22.213705825451676 ], [ -159.538417565236159, 22.213651878990444 ], [ -159.538405610707542, 22.213539132099783 ], [ -159.53806256789116, 22.213427341871171 ], [ -159.537985747343384, 22.213477188207996 ], [ -159.53784969122151, 22.213576828987694 ], [ -159.537737196981709, 22.213653845542751 ], [ -159.537465048514633, 22.213844104400248 ], [ -159.537335124238837, 22.213961771821001 ], [ -159.537199500858264, 22.214016298227222 ], [ -159.536998230220945, 22.214030413223469 ], [ -159.536773311438139, 22.214044595125358 ], [ -159.536631571448709, 22.214085605524026 ], [ -159.53645965021272, 22.214162791845823 ], [ -159.536347726824857, 22.214230783271443 ], [ -159.536241364648134, 22.214325825914958 ], [ -159.536093663167605, 22.214393919689513 ], [ -159.535951420007706, 22.214461998067513 ], [ -159.535768010808852, 22.214548240187913 ], [ -159.53560845797864, 22.2146885482511 ], [ -159.535401811837261, 22.214883126838359 ], [ -159.535189015658631, 22.215055165570764 ], [ -159.534940476067533, 22.215236330271697 ], [ -159.534781128750296, 22.215430771581428 ], [ -159.534473121870917, 22.215760977740651 ], [ -159.534207442635704, 22.216059483045548 ], [ -159.533870583999459, 22.216457439667753 ], [ -159.533657314657319, 22.216665568099234 ], [ -159.533468181240096, 22.216842049469555 ], [ -159.533190179409218, 22.217090964099015 ], [ -159.532960015068454, 22.217321696870901 ], [ -159.532877246805356, 22.217403136115845 ], [ -159.532770707599809, 22.21745306469667 ], [ -159.532605193120389, 22.217462560128386 ], [ -159.532403883904976, 22.217467646444995 ], [ -159.53230330636876, 22.217490490116862 ], [ -159.532185245250162, 22.217540450585634 ], [ -159.532001846702343, 22.217631199197751 ], [ -159.531847990610373, 22.217676751286117 ], [ -159.531759540876095, 22.217699559505423 ], [ -159.531705988496839, 22.217650088783856 ], [ -159.531676555258201, 22.217564458161512 ], [ -159.531729875057266, 22.217392878251182 ], [ -159.531776712337546, 22.217270940820196 ], [ -159.531918789344928, 22.217157754156535 ], [ -159.53203123759701, 22.217067207801225 ], [ -159.532090151458334, 22.216931702312518 ], [ -159.532161124144324, 22.216778116375774 ], [ -159.532237732302804, 22.216511733629705 ], [ -159.532078357973461, 22.216381361357161 ], [ -159.531835369275541, 22.216269273376355 ], [ -159.531456793946688, 22.216062834480358 ], [ -159.530895172431514, 22.215879473142408 ], [ -159.530339044760893, 22.215705115145525 ], [ -159.529634990375087, 22.215540199380769 ], [ -159.529209394168959, 22.215406068567901 ], [ -159.528759780708668, 22.215335163594961 ], [ -159.528156092375866, 22.21525115849548 ], [ -159.527730214498206, 22.215202739794876 ], [ -159.527286768376825, 22.215158880371316 ], [ -159.526654144103873, 22.215120064134286 ], [ -159.526239957709748, 22.21511672066331 ], [ -159.526020929581932, 22.215085758947492 ], [ -159.525807881403608, 22.215032223189588 ], [ -159.525524440606347, 22.214965352540009 ], [ -159.525003560590392, 22.214808923191043 ], [ -159.524418217973363, 22.214603048692769 ], [ -159.523850243614987, 22.214338476978003 ], [ -159.523512735094783, 22.214244686363806 ], [ -159.523466008745459, 22.214235795370151 ], [ -159.523430316468506, 22.214258451046874 ], [ -159.523406869091076, 22.214312652217508 ], [ -159.523424420820874, 22.214465985975416 ], [ -159.52338276498611, 22.214515726864235 ], [ -159.523300346187966, 22.214529491484342 ], [ -159.523193587174887, 22.214520767229164 ], [ -159.523098837931116, 22.214480431167342 ], [ -159.523016570585867, 22.214534796933311 ], [ -159.52294528507116, 22.214607176520953 ], [ -159.522844523055113, 22.214580390846475 ], [ -159.522744333070307, 22.214544580955547 ], [ -159.522702912797911, 22.214495072730347 ], [ -159.522714737839209, 22.214413836616593 ], [ -159.522755686251173, 22.214337031218328 ], [ -159.522750094077992, 22.214300956301319 ], [ -159.522749992831308, 22.214273888774159 ], [ -159.522685109248698, 22.214274070963434 ], [ -159.522607995697854, 22.214247218221598 ], [ -159.522519227158483, 22.214184309077766 ], [ -159.522501472910051, 22.214139245459059 ], [ -159.522483702941599, 22.214089671181739 ], [ -159.522430374213457, 22.214098843007449 ], [ -159.522419037535229, 22.214148498977796 ], [ -159.52243071020095, 22.214189067807236 ], [ -159.522413226118516, 22.214216183652368 ], [ -159.522371418720951, 22.214225323897775 ], [ -159.522259084637739, 22.214185035647013 ], [ -159.521838906528473, 22.214037325910557 ], [ -159.521519777870026, 22.213993092684344 ], [ -159.521259669933158, 22.214002832630502 ], [ -159.520940303463192, 22.214057847238852 ], [ -159.52076839090401, 22.214139523286292 ], [ -159.520697794991406, 22.214234453239477 ], [ -159.52065613920999, 22.214284191639177 ], [ -159.520538294710207, 22.214392786722968 ], [ -159.520472988658327, 22.214442589875738 ], [ -159.520419810361034, 22.214492360547005 ], [ -159.520443795257677, 22.214582519682359 ], [ -159.520496769480673, 22.214641020186036 ], [ -159.52068008446733, 22.214690140134088 ], [ -159.520851743960918, 22.214703201579852 ], [ -159.520886965553274, 22.214716638142427 ], [ -159.520916812908325, 22.214752646337868 ], [ -159.520904735048447, 22.214766212599589 ], [ -159.520804224968487, 22.214807090879862 ], [ -159.520739525218119, 22.214856893101889 ], [ -159.52069776841671, 22.214879563977703 ], [ -159.520644928156372, 22.214857153290335 ], [ -159.520520466197354, 22.214816894509205 ], [ -159.520425902435818, 22.214826176781525 ], [ -159.520355138624666, 22.214875995533671 ], [ -159.520307334473642, 22.214903194545844 ], [ -159.520266133105736, 22.214912329607397 ], [ -159.520142244331282, 22.214863046385634 ], [ -159.520041109962932, 22.214899414583044 ], [ -159.520053489139258, 22.214967049190271 ], [ -159.520070887683573, 22.215079782961052 ], [ -159.52005346954536, 22.215124943887851 ], [ -159.520017758881295, 22.215143086370649 ], [ -159.519964346450678, 22.215129699609324 ], [ -159.519887739574528, 22.215075775199672 ], [ -159.519787148177841, 22.214931690618986 ], [ -159.519769328226459, 22.214868582266138 ], [ -159.519715815254671, 22.214828127881937 ], [ -159.519668583184284, 22.214846302562599 ], [ -159.519585842700707, 22.214936754692598 ], [ -159.519515128356602, 22.21500010595312 ], [ -159.519473487570963, 22.21505435561906 ], [ -159.519414650902235, 22.215050005597892 ], [ -159.519367201881579, 22.215009534456367 ], [ -159.519337826481234, 22.21493743518992 ], [ -159.519355111021696, 22.214856184581624 ], [ -159.519426452065858, 22.214634937640156 ], [ -159.519461911623182, 22.214549126434427 ], [ -159.519396776844189, 22.214481635751316 ], [ -159.519308092550773, 22.214441278108868 ], [ -159.519189863144561, 22.214446113621943 ], [ -159.519142513978949, 22.214432709952156 ], [ -159.519094948103032, 22.214360659621285 ], [ -159.518970909912241, 22.214270775074052 ], [ -159.518840351856795, 22.214221508493544 ], [ -159.518704603666635, 22.214244436912406 ], [ -159.518550731039312, 22.214285459476908 ], [ -159.518450186461422, 22.214317313196897 ], [ -159.518361502531633, 22.21427695503062 ], [ -159.518307973609581, 22.21423198860909 ], [ -159.518278855404589, 22.214065151684135 ], [ -159.518278860443246, 22.213902746271916 ], [ -159.518237276223772, 22.213808123985917 ], [ -159.51819582459359, 22.213749591455041 ], [ -159.518095163397419, 22.213749866746625 ], [ -159.518018252593407, 22.213777144191397 ], [ -159.517935494118575, 22.213863084849066 ], [ -159.517840907721165, 22.214030259477173 ], [ -159.517769837846174, 22.214161280793423 ], [ -159.517699156151508, 22.214233653495366 ], [ -159.51763976312597, 22.214242838529557 ], [ -159.517551130075162, 22.214216013689345 ], [ -159.517498091035662, 22.214139466860544 ], [ -159.51742684289448, 22.214058459064042 ], [ -159.51721957079647, 22.21376128187466 ], [ -159.517160923890344, 22.213644149132815 ], [ -159.517130894895701, 22.213558517574157 ], [ -159.517166338099258, 22.213468195278129 ], [ -159.517302555736592, 22.213079855797282 ], [ -159.517514949225415, 22.212465743923126 ], [ -159.51766888914824, 22.211951039750446 ], [ -159.51776937739595, 22.211576330255863 ], [ -159.517792765016253, 22.211341680840665 ], [ -159.517751103909859, 22.211062096902388 ], [ -159.51763317317068, 22.210818811378758 ], [ -159.51743149522801, 22.210557709400273 ], [ -159.517183534408019, 22.210242598570868 ], [ -159.517017751630846, 22.21001297684089 ], [ -159.516952353825445, 22.209873306405232 ], [ -159.516887395367036, 22.2096885220035 ], [ -159.516834232130179, 22.209413480455762 ], [ -159.516786493380039, 22.209129401135829 ], [ -159.516745348248463, 22.208660342670886 ], [ -159.516709354499113, 22.208272472389584 ], [ -159.516644080078407, 22.207672652643645 ], [ -159.516555465732978, 22.207321015998428 ], [ -159.516508094410852, 22.207136183685616 ], [ -159.516371678540025, 22.206811744775511 ], [ -159.516123559936659, 22.206451520886542 ], [ -159.515762461968706, 22.206037469059115 ], [ -159.515448827292062, 22.205668399458396 ], [ -159.515046534395509, 22.205263480625568 ], [ -159.514674302231896, 22.204953215138136 ], [ -159.514431297316094, 22.204827560248475 ], [ -159.514295782777367, 22.20474672593301 ], [ -159.514171458459344, 22.204575635514548 ], [ -159.513952636670638, 22.204264952395011 ], [ -159.513780902335299, 22.204062411899656 ], [ -159.513627198540433, 22.203981626269837 ], [ -159.513485262560579, 22.203968476779046 ], [ -159.513331118657675, 22.203932804842704 ], [ -159.513260043125655, 22.203896907047927 ], [ -159.513218630301054, 22.203847395314728 ], [ -159.513088949359798, 22.20370338610914 ], [ -159.51288172322819, 22.203577632336234 ], [ -159.512402573497383, 22.203375922005755 ], [ -159.511953251350178, 22.203205708644333 ], [ -159.511586574456658, 22.203084894727592 ], [ -159.511189893397813, 22.203049875120335 ], [ -159.510864728157344, 22.203005638543434 ], [ -159.51063403813302, 22.202929568861091 ], [ -159.510527698123411, 22.202866698061015 ], [ -159.510367670206136, 22.202713745871112 ], [ -159.509877352749498, 22.202773711817891 ], [ -159.509871044323575, 22.202872975528724 ], [ -159.509847577195643, 22.202922662409943 ], [ -159.50974728483186, 22.203022179734365 ], [ -159.509617200148057, 22.203099220392421 ], [ -159.509410010249979, 22.203149400850823 ], [ -159.509226321111811, 22.20315891649382 ], [ -159.50890113989044, 22.20311016532014 ], [ -159.508185392270519, 22.202872987610892 ], [ -159.507576755004521, 22.20274379066149 ], [ -159.507043896084696, 22.202609877253547 ], [ -159.506606462005237, 22.202538864988071 ], [ -159.506163095298206, 22.202503957560396 ], [ -159.505755124657725, 22.202532112569187 ], [ -159.505453279482083, 22.20256449484134 ], [ -159.505258184257968, 22.202605615557033 ], [ -159.504915221546554, 22.20266968502332 ], [ -159.504305938741652, 22.202865286820835 ], [ -159.503638098418776, 22.20313322099215 ], [ -159.503004849259725, 22.203410084201934 ], [ -159.502342573265395, 22.203709577310967 ], [ -159.501574094173066, 22.204153707384023 ], [ -159.501035701703501, 22.204507003657778 ], [ -159.500373535264174, 22.205009493640684 ], [ -159.499841060752971, 22.205493595060464 ], [ -159.499220740845885, 22.20600048164086 ], [ -159.49875331518453, 22.206534032358842 ], [ -159.498374941289114, 22.20704479258519 ], [ -159.497996455582296, 22.207695400043075 ], [ -159.497819021171722, 22.208101875242743 ], [ -159.497629747627144, 22.208589582147731 ], [ -159.497458729176088, 22.209266714078655 ], [ -159.497340302036804, 22.209727168675663 ], [ -159.497287392764179, 22.210025047891087 ], [ -159.497228196546757, 22.210431212635893 ], [ -159.497181079861747, 22.210823811898493 ], [ -159.497169181508269, 22.211229853796702 ], [ -159.497157328412698, 22.211478001335323 ], [ -159.49713931613482, 22.21169909793306 ], [ -159.497115973507874, 22.211956298375664 ], [ -159.497086743716778, 22.212263137423573 ], [ -159.497080475975253, 22.212547360861038 ], [ -159.497104174950039, 22.212732260536864 ], [ -159.497145716360706, 22.212989293489159 ], [ -159.497175591598818, 22.213205755640299 ], [ -159.497210797259925, 22.213386113929712 ], [ -159.497305540328057, 22.213597894247307 ], [ -159.497394140290993, 22.213787135159215 ], [ -159.497447553985182, 22.213971956581808 ], [ -159.497465283390568, 22.214012510611003 ], [ -159.497459444086644, 22.214075683950078 ], [ -159.4976904115629, 22.214738231502199 ], [ -159.49797991867905, 22.214809654751495 ], [ -159.498151753870189, 22.21487236386351 ], [ -159.498311509123795, 22.214948636513213 ], [ -159.498393822341683, 22.215074736071241 ], [ -159.49847664551055, 22.215173767002046 ], [ -159.498500632517164, 22.215268440294746 ], [ -159.498530124933694, 22.215376632486009 ], [ -159.498577589343995, 22.215593047622733 ], [ -159.498612972808957, 22.215823027387774 ], [ -159.498660694550097, 22.216111621308546 ], [ -159.498684063857979, 22.216373211970797 ], [ -159.498701717611254, 22.216562636913476 ], [ -159.498684329627849, 22.216788244128907 ], [ -159.498660748071671, 22.216977777351349 ], [ -159.49861311952111, 22.21722601905137 ], [ -159.49855428664344, 22.217393088602506 ], [ -159.49847732523267, 22.217578250205989 ], [ -159.498382985992777, 22.217822103409105 ], [ -159.498317562770666, 22.218011745734287 ], [ -159.498258777028184, 22.218192348082081 ], [ -159.498211066779675, 22.218418034505422 ], [ -159.498152187957828, 22.218742996283279 ], [ -159.49813438460771, 22.219022738685062 ], [ -159.49822904129752, 22.219378878583203 ], [ -159.498395174729126, 22.219712275729218 ], [ -159.498460017410736, 22.219869999138282 ], [ -159.498477988941431, 22.219978222038353 ], [ -159.498448037698694, 22.220082058439306 ], [ -159.4984067408013, 22.220235548359774 ], [ -159.498312019355438, 22.220542558981649 ], [ -159.498270822725232, 22.220894541708041 ], [ -159.498265272332702, 22.221038916043348 ], [ -159.498229369026745, 22.221174346531662 ], [ -159.49812294740866, 22.2214317641447 ], [ -159.498004621849049, 22.221752362708038 ], [ -159.497827263546668, 22.22201443747284 ], [ -159.497673761803895, 22.222163686567075 ], [ -159.497508002007066, 22.222276882765335 ], [ -159.497236196900815, 22.222412907699727 ], [ -159.49711752911233, 22.222467340166297 ], [ -159.497017102681156, 22.222535257101868 ], [ -159.496798422882677, 22.222603476368278 ], [ -159.496627092813242, 22.222685105554124 ], [ -159.496414222590431, 22.222852541403846 ], [ -159.496189159814776, 22.223001966785858 ], [ -159.495987920623605, 22.223029545288686 ], [ -159.495810860199157, 22.223034508032821 ], [ -159.495562111447555, 22.223003570704044 ], [ -159.495325605162947, 22.223004175248516 ], [ -159.495284447191437, 22.223026832438304 ], [ -159.495242971740367, 22.223130681655451 ], [ -159.495148065121867, 22.223216625319715 ], [ -159.495047685650889, 22.22329807125266 ], [ -159.494935033060813, 22.223338953503706 ], [ -159.494816842441338, 22.223357298039339 ], [ -159.494651127770766, 22.223312615281188 ], [ -159.494450160222272, 22.223245468746278 ], [ -159.494266794160552, 22.223182788239612 ], [ -159.494083669150058, 22.223187765724195 ], [ -159.493941780377867, 22.223192637695263 ], [ -159.493788001805569, 22.223265198238366 ], [ -159.493504127513376, 22.223419279333768 ], [ -159.493113727597631, 22.223632267941465 ], [ -159.492605147948211, 22.224039510140685 ], [ -159.492250283133899, 22.224356150039196 ], [ -159.492096324775957, 22.224550494370192 ], [ -159.491977730077224, 22.224798875574105 ], [ -159.49192509414047, 22.225006495151597 ], [ -159.491912914442366, 22.225164395293351 ], [ -159.491930608545687, 22.225367325813231 ], [ -159.491995653219192, 22.225583667868658 ], [ -159.491978304420599, 22.225651370227226 ], [ -159.491954684708418, 22.225660451340005 ], [ -159.491877492729486, 22.225611030735127 ], [ -159.491741827993565, 22.225489589190886 ], [ -159.491664699084254, 22.225458211154379 ], [ -159.491641143249552, 22.225485333988789 ], [ -159.491582076670142, 22.225589226418446 ], [ -159.491452037399512, 22.225860189070797 ], [ -159.491315726013141, 22.226072530352372 ], [ -159.491203118191834, 22.226126942067548 ], [ -159.491067465450129, 22.226181411524632 ], [ -159.490913349468372, 22.226159248091886 ], [ -159.490730029137922, 22.226110095664602 ], [ -159.490540966593045, 22.225979766549241 ], [ -159.490328094411922, 22.225804392771906 ], [ -159.490227203691575, 22.225741498908377 ], [ -159.490156329439202, 22.225764230808377 ], [ -159.490126676524028, 22.225782347654157 ], [ -159.490091513637338, 22.225958348037508 ], [ -159.490061935018872, 22.226170419126312 ], [ -159.489949636849872, 22.226486441556055 ], [ -159.489872343925384, 22.226581357802239 ], [ -159.489789387294593, 22.226617651754186 ], [ -159.48939931701014, 22.226582550229153 ], [ -159.48898517776405, 22.226601634257335 ], [ -159.488861046134389, 22.226656073584756 ], [ -159.488814042414674, 22.226741892240927 ], [ -159.488819784767429, 22.226823067884347 ], [ -159.488908704087947, 22.226931097622298 ], [ -159.488990937961717, 22.227034633977219 ], [ -159.488985220498762, 22.227133880597563 ], [ -159.488961594031508, 22.227314362193834 ], [ -159.48892585320138, 22.227499384586004 ], [ -159.488855419562356, 22.227648410139828 ], [ -159.488748519634242, 22.227774974482649 ], [ -159.488523920262537, 22.227888303195446 ], [ -159.488453092489863, 22.227924565473117 ], [ -159.488441199776588, 22.227992253792657 ], [ -159.488488692396942, 22.228046261459799 ], [ -159.488535641107546, 22.228118311802618 ], [ -159.488506224794179, 22.228204086579968 ], [ -159.488399630845777, 22.228244949788394 ], [ -159.48803313615673, 22.228363144040859 ], [ -159.487968324747612, 22.228385859526426 ], [ -159.487967907546192, 22.228439987563746 ], [ -159.487973680721865, 22.228530184566051 ], [ -159.487908947262781, 22.228575452471571 ], [ -159.487802258257261, 22.228589251282443 ], [ -159.487684063182343, 22.228607589814633 ], [ -159.487566088367117, 22.228689075819958 ], [ -159.48740611667219, 22.228901473052488 ], [ -159.48731720356659, 22.228969354106283 ], [ -159.487246279475727, 22.22897855276198 ], [ -159.487104494564591, 22.229014992656079 ], [ -159.486933072101976, 22.229074058467273 ], [ -159.486784773653881, 22.229155620227772 ], [ -159.48664935169225, 22.229277743392569 ], [ -159.486471737709365, 22.229300740612743 ], [ -159.486323746706518, 22.229296600138618 ], [ -159.485975018525608, 22.229292959990559 ], [ -159.485720212488644, 22.22926653296927 ], [ -159.485513269041945, 22.229226454036962 ], [ -159.485566438498637, 22.22934359655347 ], [ -159.485732268321385, 22.229419862238768 ], [ -159.485773694864832, 22.229473885197642 ], [ -159.485779341403088, 22.229527997836637 ], [ -159.485785484650734, 22.229550534879749 ], [ -159.485542995660467, 22.229578203016697 ], [ -159.485330112398941, 22.229574223708653 ], [ -159.48529468750263, 22.229502143476918 ], [ -159.485223293448541, 22.229376025670827 ], [ -159.485093182825295, 22.229281628146385 ], [ -159.48492191090341, 22.229209886030802 ], [ -159.484673557196174, 22.229120292605284 ], [ -159.484466411798053, 22.229021576318608 ], [ -159.484265394171814, 22.228940886197361 ], [ -159.484099659565146, 22.228891682110923 ], [ -159.484016621651847, 22.2289054198048 ], [ -159.483892392170191, 22.228932792272673 ], [ -159.483762159980159, 22.228978220851932 ], [ -159.483638427567399, 22.228974017527765 ], [ -159.483490421470691, 22.228965363796139 ], [ -159.483052838617084, 22.228871727329658 ], [ -159.482454935213326, 22.228715339296837 ], [ -159.482118165907195, 22.228662045612683 ], [ -159.481916559044976, 22.228585865022598 ], [ -159.481573678509079, 22.228519054343167 ], [ -159.48115385757518, 22.228474984376028 ], [ -159.480852418369238, 22.228466707005794 ], [ -159.480651121880726, 22.228480734690827 ], [ -159.480426407080614, 22.228562478534343 ], [ -159.48024317865233, 22.228716288276328 ], [ -159.48006514395189, 22.22879340657812 ], [ -159.47990581705966, 22.228843414212744 ], [ -159.479805361318881, 22.228906809126574 ], [ -159.479757684437175, 22.22897458434268 ], [ -159.479686725934783, 22.229150671017589 ], [ -159.479592536801107, 22.229272687580902 ], [ -159.479491568126974, 22.229363146327213 ], [ -159.479361288049745, 22.229395040293085 ], [ -159.479207714324559, 22.229354822229819 ], [ -159.479089253913628, 22.22929647579646 ], [ -159.478900228158693, 22.22917515533943 ], [ -159.478811592582161, 22.229148308578317 ], [ -159.478681235974733, 22.229157649527984 ], [ -159.478551407321106, 22.229144436122919 ], [ -159.478444501604969, 22.229095082079759 ], [ -159.478243516794294, 22.229023405811525 ], [ -159.47802437005825, 22.228960795070435 ], [ -159.477722760805364, 22.228902895389179 ], [ -159.477439000581143, 22.228921632239398 ], [ -159.477273608000615, 22.228971652403455 ], [ -159.47716681962271, 22.229134292916569 ], [ -159.477149102972618, 22.229274163678152 ], [ -159.477178921896751, 22.229481575682481 ], [ -159.477167239283403, 22.229612410912143 ], [ -159.47713170436171, 22.22968466589775 ], [ -159.477048789259669, 22.229734484550704 ], [ -159.476912458910675, 22.229770902320872 ], [ -159.476741360076687, 22.229748767155581 ], [ -159.47632110523071, 22.229578391259366 ], [ -159.476007558525993, 22.229398732991115 ], [ -159.475871811166172, 22.229250214934272 ], [ -159.475794406682297, 22.229137639895711 ], [ -159.475771146304027, 22.229074548794554 ], [ -159.475693988380243, 22.229034141816989 ], [ -159.475486955632334, 22.228966986914106 ], [ -159.475404370155047, 22.228935613491245 ], [ -159.475350910782396, 22.228908680996057 ], [ -159.475339234120668, 22.228863603382031 ], [ -159.47530978683028, 22.228764442706055 ], [ -159.475203050677834, 22.228764702148325 ], [ -159.475025873551544, 22.228738069477807 ], [ -159.474735589184377, 22.22862149990166 ], [ -159.474558712254975, 22.22850465500839 ], [ -159.474209312566245, 22.22830252789614 ], [ -159.473872419096864, 22.228032711773324 ], [ -159.473611924618893, 22.227758198832738 ], [ -159.473262884555652, 22.227303477089073 ], [ -159.472795814995777, 22.226736277105587 ], [ -159.472494311461674, 22.226349097069047 ], [ -159.472251455964368, 22.22608807178672 ], [ -159.472127299546884, 22.225957562403309 ], [ -159.472085984907466, 22.225935106989528 ], [ -159.471979235736399, 22.225930849080964 ], [ -159.471760250212554, 22.225913325708252 ], [ -159.471322685895956, 22.225819638371458 ], [ -159.471026999625224, 22.22571659447161 ], [ -159.470855316087125, 22.225698958209755 ], [ -159.470796445002748, 22.225685565692302 ], [ -159.470743260663113, 22.225739817584135 ], [ -159.470648838151789, 22.225794167082817 ], [ -159.470559645862238, 22.225780845934061 ], [ -159.470459476454892, 22.225749508156461 ], [ -159.470364704900504, 22.225700115420313 ], [ -159.470311262726852, 22.225677688288812 ], [ -159.470287747809351, 22.225718339247969 ], [ -159.470234518140302, 22.225759059833013 ], [ -159.470116383010605, 22.225795422011782 ], [ -159.46967872922599, 22.225855089757715 ], [ -159.46929977904361, 22.225878534616349 ], [ -159.4689862636653, 22.225883781398444 ], [ -159.468696779200229, 22.225821313708817 ], [ -159.468335658824174, 22.225736461063228 ], [ -159.467909954687087, 22.225561547211253 ], [ -159.467566561216472, 22.225336824664485 ], [ -159.467182492494061, 22.225098664313652 ], [ -159.466915908101669, 22.224810612036418 ], [ -159.466626158832355, 22.224486529973905 ], [ -159.466247812498835, 22.22414461139228 ], [ -159.465762719578947, 22.223798429867596 ], [ -159.465195035059793, 22.223416355621715 ], [ -159.464982228339267, 22.223249960339295 ], [ -159.46471017206278, 22.223137829339208 ], [ -159.464515088477214, 22.223011987505821 ], [ -159.46436670043397, 22.222886036558751 ], [ -159.464296010012362, 22.222782458075617 ], [ -159.463887912775675, 22.222792425852877 ], [ -159.463521127846121, 22.222824850254952 ], [ -159.463059680240377, 22.222839449757366 ], [ -159.46256865149337, 22.222894712371971 ], [ -159.462225726614435, 22.22299022529527 ], [ -159.461888436402432, 22.223139852086682 ], [ -159.461539832780659, 22.223352650579617 ], [ -159.461255862897502, 22.223488621526265 ], [ -159.460794151746768, 22.223791889545435 ], [ -159.460333059758511, 22.224099666154196 ], [ -159.459919104175214, 22.224357717288363 ], [ -159.459611451140347, 22.22448471823591 ], [ -159.459327342916964, 22.224580089663153 ], [ -159.459049240943699, 22.224657406145642 ], [ -159.458688647234794, 22.224730399750555 ], [ -159.458327491642819, 22.224816925435963 ], [ -159.457925659180745, 22.22489001094393 ], [ -159.457416694009936, 22.225026487333846 ], [ -159.457020422669331, 22.225131132819925 ], [ -159.456641928364462, 22.225294372393538 ], [ -159.456186444107345, 22.225466807807592 ], [ -159.455896504233039, 22.225634355944759 ], [ -159.455612508618941, 22.22576580558087 ], [ -159.455370152290612, 22.225834013219618 ], [ -159.455151388839539, 22.225884124212492 ], [ -159.454932492333, 22.22589364049664 ], [ -159.454695964291716, 22.225889665436739 ], [ -159.454524194049867, 22.225844948660896 ], [ -159.454323094673555, 22.225732639964178 ], [ -159.454175157358037, 22.225557063059171 ], [ -159.454044909874341, 22.225413019906995 ], [ -159.453956653332796, 22.22531398759649 ], [ -159.453855823244226, 22.225264599348051 ], [ -159.453613100294461, 22.225220041569056 ], [ -159.45328223948772, 22.225112535375416 ], [ -159.45295702643736, 22.225063651417315 ], [ -159.452477792960991, 22.225019624666089 ], [ -159.451513379876786, 22.224967663875709 ], [ -159.450863173987102, 22.224937546816154 ], [ -159.45056718847286, 22.224924677399692 ], [ -159.450365865415392, 22.224929638056189 ], [ -159.450140977514906, 22.224961714526845 ], [ -159.44995191368929, 22.225007241889397 ], [ -159.449797907297551, 22.225016606103729 ], [ -159.449655999985396, 22.225016923392385 ], [ -159.449508475583173, 22.224967636177048 ], [ -159.44940205895395, 22.224877663049948 ], [ -159.449236022568073, 22.224729186008812 ], [ -159.449117938355897, 22.224594133026503 ], [ -159.449011594058049, 22.224526712210565 ], [ -159.448857890184257, 22.224441354652246 ], [ -159.448538541674196, 22.224329302550572 ], [ -159.448171906782449, 22.224221864615352 ], [ -159.447763543758214, 22.224150603098309 ], [ -159.447018566262983, 22.22406654563893 ], [ -159.446716461229727, 22.224035626786897 ], [ -159.446427048672774, 22.223991147559854 ], [ -159.446095576180454, 22.223879101296781 ], [ -159.445616568135449, 22.2237132456256 ], [ -159.445397444232697, 22.223650571530779 ], [ -159.4451905213906, 22.223610422865406 ], [ -159.444871380558823, 22.223561494287988 ], [ -159.444226729012144, 22.223558370926334 ], [ -159.443836157911647, 22.223550188611597 ], [ -159.443534618454862, 22.22350573096714 ], [ -159.443173576668528, 22.223438846820603 ], [ -159.442469837854446, 22.223160701518154 ], [ -159.441695091628731, 22.222864662288941 ], [ -159.441293150257309, 22.222712162815217 ], [ -159.441050744567946, 22.222572853423415 ], [ -159.440973585741062, 22.222527911788546 ], [ -159.440914198712449, 22.222541569720168 ], [ -159.440867138653317, 22.22261834911891 ], [ -159.440778121948568, 22.222659133659999 ], [ -159.440683575866075, 22.222677376714444 ], [ -159.440536086032097, 22.222637095433086 ], [ -159.439914999659834, 22.222412890092301 ], [ -159.439571492518667, 22.222327919250073 ], [ -159.439370722722458, 22.22231481366407 ], [ -159.439240426312807, 22.222342153119957 ], [ -159.439145993540563, 22.222396479102493 ], [ -159.439080881958773, 22.222518400584107 ], [ -159.439045443326421, 22.22262672781606 ], [ -159.439015646012678, 22.22279367945859 ], [ -159.438914882835633, 22.222956272056333 ], [ -159.438791088954048, 22.223123422991097 ], [ -159.438719728059368, 22.223186720637361 ], [ -159.438607215629304, 22.223277169249357 ], [ -159.438388576854265, 22.223367841433518 ], [ -159.438258208222976, 22.223372627505217 ], [ -159.438074924620054, 22.223327909790829 ], [ -159.437791424363184, 22.223233787385286 ], [ -159.437377259375751, 22.223049729572175 ], [ -159.437063946063546, 22.222924095467572 ], [ -159.436933380218903, 22.222865733319367 ], [ -159.436779967510148, 22.2228705665318 ], [ -159.436596374677492, 22.222920569040618 ], [ -159.436442552795455, 22.222988549816225 ], [ -159.436300803638659, 22.223038463234804 ], [ -159.436146742431504, 22.223029765363833 ], [ -159.43595791737647, 22.222957993838431 ], [ -159.435821724855231, 22.222845516954109 ], [ -159.435697506977363, 22.222683399649863 ], [ -159.435437394778745, 22.222309573290548 ], [ -159.435248207413338, 22.221926575938198 ], [ -159.435129956935072, 22.221732872413742 ], [ -159.434981736997742, 22.221651991314925 ], [ -159.43475148064806, 22.221517142544549 ], [ -159.434502963413337, 22.221359776738513 ], [ -159.434296289183379, 22.221202323258023 ], [ -159.434124591804078, 22.220981642027635 ], [ -159.433935279928647, 22.220751975247701 ], [ -159.433728536900247, 22.220571965665261 ], [ -159.43359834429836, 22.220436907175767 ], [ -159.433491647030422, 22.220252177724678 ], [ -159.433291114824073, 22.219923291891511 ], [ -159.433054316251116, 22.219436595481039 ], [ -159.432817727902886, 22.219017562924538 ], [ -159.432658574649139, 22.218733700722794 ], [ -159.432510617012696, 22.218540035270095 ], [ -159.432368597559133, 22.218305757173599 ], [ -159.432138092103941, 22.217891223524362 ], [ -159.431865870934018, 22.217517375265317 ], [ -159.431570405302807, 22.217274394425715 ], [ -159.431334138572083, 22.217153086984187 ], [ -159.431180027906777, 22.217126341452893 ], [ -159.431002503548058, 22.217176329663253 ], [ -159.430854902683848, 22.217293922267245 ], [ -159.430695283529957, 22.217447627111007 ], [ -159.430541039134141, 22.217574254898711 ], [ -159.430452586658618, 22.217601503689817 ], [ -159.430387150260287, 22.217619683618988 ], [ -159.430281056763022, 22.217628925138388 ], [ -159.430180268682705, 22.217588534334066 ], [ -159.430050164733814, 22.217480538936819 ], [ -159.429884434941812, 22.217422238612517 ], [ -159.429701244976684, 22.217404572827263 ], [ -159.42956543747286, 22.217413875170262 ], [ -159.429429575028024, 22.21740513364718 ], [ -159.429328689312655, 22.217333165518784 ], [ -159.429222236221221, 22.217225120598975 ], [ -159.429139321547552, 22.21708093928995 ], [ -159.429086218068107, 22.216968274453247 ], [ -159.429080262630379, 22.216805890541227 ], [ -159.428660434979093, 22.21654511688509 ], [ -159.428530761763369, 22.216576961365558 ], [ -159.428181391131005, 22.216550614091897 ], [ -159.427838704767936, 22.216528762857344 ], [ -159.42759610198766, 22.216515728187257 ], [ -159.427412416356674, 22.21653414891302 ], [ -159.427240956373538, 22.216584121621107 ], [ -159.427057602177484, 22.21671080540305 ], [ -159.426531200234535, 22.217095317812898 ], [ -159.426141017952887, 22.217407373971408 ], [ -159.42585670708371, 22.217638014698846 ], [ -159.425703201552693, 22.217809746234764 ], [ -159.425625675191981, 22.218039964745728 ], [ -159.425572928962282, 22.218243066562902 ], [ -159.425560949452461, 22.218491195450724 ], [ -159.425613939100685, 22.218766257761956 ], [ -159.425690798021691, 22.219113447661169 ], [ -159.425773128724984, 22.219465136646708 ], [ -159.425891611661967, 22.219740065388166 ], [ -159.425956524650672, 22.219947438707145 ], [ -159.425962297672328, 22.220051178945219 ], [ -159.425974095037219, 22.220141374779008 ], [ -159.425915243488703, 22.220330956782202 ], [ -159.425814548516399, 22.220520622970792 ], [ -159.42558388407943, 22.22084588467996 ], [ -159.425346645044755, 22.221202735777446 ], [ -159.425234453766819, 22.221401446829464 ], [ -159.425216495010062, 22.221478170157177 ], [ -159.42524035067413, 22.221545787104048 ], [ -159.425346653482109, 22.221604213119985 ], [ -159.425476647929742, 22.221676122910253 ], [ -159.425541632071571, 22.2217075643416 ], [ -159.425559355569675, 22.221752632694358 ], [ -159.425553429293132, 22.221797749348745 ], [ -159.425387760990873, 22.222158925837579 ], [ -159.425251586572443, 22.222447874790561 ], [ -159.425210278849846, 22.222623867573414 ], [ -159.42516865540307, 22.222696119396556 ], [ -159.425103807795523, 22.222709783136906 ], [ -159.424961848938267, 22.222692029675184 ], [ -159.424878863619824, 22.222723771944043 ], [ -159.424843290727011, 22.222791500751573 ], [ -159.424867188154764, 22.222872641744619 ], [ -159.424991503600467, 22.223070850491577 ], [ -159.425032892645447, 22.223120381375214 ], [ -159.425050698696225, 22.223192513140159 ], [ -159.425008701566981, 22.223341444986509 ], [ -159.424937705058113, 22.223526518664876 ], [ -159.424902586055566, 22.223544631690554 ], [ -159.424807913922251, 22.223522271866983 ], [ -159.424748511218468, 22.223531413216193 ], [ -159.4247425021494, 22.22354946737526 ], [ -159.424736670629386, 22.223626158074012 ], [ -159.424719248868143, 22.223680318968299 ], [ -159.424666032699037, 22.223730042669846 ], [ -159.424582882795789, 22.223707658966099 ], [ -159.424541536398436, 22.223671658295363 ], [ -159.424530058067177, 22.223486752123613 ], [ -159.42451819345473, 22.223374013492879 ], [ -159.424500455527806, 22.223324434324137 ], [ -159.424464594341686, 22.223297444427711 ], [ -159.424423329534335, 22.223288507091961 ], [ -159.42429924369884, 22.223365436651058 ], [ -159.42421620356663, 22.223379136642663 ], [ -159.424074713010953, 22.223316276428658 ], [ -159.424021346616229, 22.223316384800402 ], [ -159.423944370844623, 22.223330071559001 ], [ -159.423873044702532, 22.22340689493408 ], [ -159.42383161106622, 22.223542292778951 ], [ -159.42381996155126, 22.223700183932312 ], [ -159.423784428565483, 22.223781443745281 ], [ -159.423754836024386, 22.223822098578228 ], [ -159.423695984389667, 22.223813196926827 ], [ -159.423630945476049, 22.223763712829413 ], [ -159.423648673131879, 22.223610320222811 ], [ -159.423636659218118, 22.223447967297744 ], [ -159.423595188308752, 22.223371372685467 ], [ -159.423547860135329, 22.223362447299532 ], [ -159.423489035791988, 22.223362566994748 ], [ -159.42344735610726, 22.223416776443841 ], [ -159.423435405349409, 22.223475437330698 ], [ -159.423411790095685, 22.223687477734536 ], [ -159.423382239054291, 22.223741663733001 ], [ -159.423364693932228, 22.223755229887171 ], [ -159.423293767730684, 22.223764394368686 ], [ -159.422902950969672, 22.223674974387396 ], [ -159.422607481504201, 22.223630464803268 ], [ -159.422424256242948, 22.223603772238018 ], [ -159.422282146289064, 22.223536401319137 ], [ -159.422205531677179, 22.223468898271918 ], [ -159.422003970946605, 22.223194153509649 ], [ -159.421833046894392, 22.223023089824313 ], [ -159.421625968331341, 22.222928774368842 ], [ -159.421413029780808, 22.222902127830459 ], [ -159.421288630778264, 22.222875308697738 ], [ -159.421188379510227, 22.222812357229245 ], [ -159.421146426821508, 22.222776355439635 ], [ -159.421010704382439, 22.222614242923036 ], [ -159.420827707404044, 22.222461244250329 ], [ -159.420703145512704, 22.222380297895569 ], [ -159.420526068150963, 22.222380643633418 ], [ -159.42036614855823, 22.222439590921038 ], [ -159.420277057649002, 22.222457807152956 ], [ -159.420218179894306, 22.222439879186066 ], [ -159.420111757607316, 22.222340856076144 ], [ -159.420011547530891, 22.222291436009982 ], [ -159.419928453846097, 22.222287087336941 ], [ -159.419904911377017, 22.22232321692978 ], [ -159.419880966776304, 22.222427004288285 ], [ -159.419863528883468, 22.222476653984685 ], [ -159.419816200249556, 22.222467724796179 ], [ -159.419768764234135, 22.222422711678345 ], [ -159.419679940291957, 22.222328164469779 ], [ -159.419537901901379, 22.22228333654477 ], [ -159.419396011118039, 22.222288121848642 ], [ -159.419212440267245, 22.222347114514779 ], [ -159.419141731820275, 22.22242844049352 ], [ -159.419041362630054, 22.222527865959346 ], [ -159.418928756479687, 22.222591231449652 ], [ -159.418798347420108, 22.22258246255344 ], [ -159.418685942003833, 22.222510512982655 ], [ -159.418426215551392, 22.222452380552756 ], [ -159.418355330734812, 22.222475069602993 ], [ -159.418307476986115, 22.22249320402069 ], [ -159.418225084242351, 22.222520427026772 ], [ -159.41810637327157, 22.222570271779212 ], [ -159.417964576661802, 22.222606629947531 ], [ -159.417786893490813, 22.222606973360627 ], [ -159.417609790040558, 22.222598294493718 ], [ -159.417402526061977, 22.222643799233584 ], [ -159.417213576988132, 22.222729862540078 ], [ -159.417030206590027, 22.222856509894861 ], [ -159.41686393603166, 22.223023718122736 ], [ -159.416479782225736, 22.22313270878173 ], [ -159.416178197334318, 22.223273113205362 ], [ -159.416124871787389, 22.223286747521467 ], [ -159.416036158072217, 22.223228281325106 ], [ -159.415947350351502, 22.223138242771888 ], [ -159.415835094124873, 22.223115906394629 ], [ -159.4157581308815, 22.223134095491286 ], [ -159.415710990321685, 22.223188311531221 ], [ -159.415651611217186, 22.22340943854681 ], [ -159.415610089899189, 22.223517770117919 ], [ -159.415562909287814, 22.223558454867412 ], [ -159.415503505898471, 22.22356758923701 ], [ -159.41539713816843, 22.223486604986853 ], [ -159.415160793794996, 22.223338212506878 ], [ -159.415047944358662, 22.223320386949105 ], [ -159.415000749404726, 22.223356560822999 ], [ -159.414965252164592, 22.223451349133889 ], [ -159.414923984354743, 22.22364537783994 ], [ -159.414900021631695, 22.223744654697178 ], [ -159.414847288946589, 22.223753776334526 ], [ -159.414811455983852, 22.223735803009458 ], [ -159.414740234453859, 22.223645729800285 ], [ -159.414604437905808, 22.223456549359263 ], [ -159.414498138985152, 22.223398117191621 ], [ -159.414385908292246, 22.223384799446183 ], [ -159.414326558864985, 22.223411976255345 ], [ -159.41427947065074, 22.223484233856588 ], [ -159.414249444083083, 22.223583521548363 ], [ -159.414131523589191, 22.223696508319158 ], [ -159.414042512406326, 22.223741782751016 ], [ -159.413989185493818, 22.223755416374683 ], [ -159.413949741449642, 22.2237464708397 ], [ -159.413870877905111, 22.223737600278213 ], [ -159.413447414504219, 22.223679771541367 ], [ -159.413187227778707, 22.223671245680091 ], [ -159.413009569579884, 22.22368060533357 ], [ -159.412855482277365, 22.223662855828973 ], [ -159.412695877563152, 22.223830046554919 ], [ -159.412643077740455, 22.22381661569667 ], [ -159.412571938643424, 22.223753604922457 ], [ -159.412429913172957, 22.223713279701695 ], [ -159.411868121742003, 22.223840638908971 ], [ -159.411708183570482, 22.22389506794142 ], [ -159.411607541854124, 22.223904279041911 ], [ -159.411436040700409, 22.223945198479651 ], [ -159.411075518009085, 22.224049620392428 ], [ -159.410696721767522, 22.224127014090207 ], [ -159.410224152638449, 22.224281262031592 ], [ -159.409691784387377, 22.224516808489327 ], [ -159.409454852517598, 22.224580401004225 ], [ -159.4092422305078, 22.224661988592388 ], [ -159.408213264374922, 22.224925526054907 ], [ -159.407740163476035, 22.225106829074612 ], [ -159.407154616858008, 22.225410123924153 ], [ -159.406255627900265, 22.225953053718314 ], [ -159.405794212233275, 22.226192965360482 ], [ -159.40569972473466, 22.226233735463502 ], [ -159.405664220514637, 22.226328520913953 ], [ -159.40542775536494, 22.226554481829798 ], [ -159.405238238934317, 22.226658573966883 ], [ -159.405060994757292, 22.226812258134988 ], [ -159.404883436478087, 22.22685769113329 ], [ -159.404753416405669, 22.22698422453006 ], [ -159.404517393459685, 22.227363539619461 ], [ -159.404446433605898, 22.2275711510825 ], [ -159.404482038889341, 22.227719930063213 ], [ -159.404552786544372, 22.228067103811096 ], [ -159.404842600988587, 22.228251496239476 ], [ -159.404901754219566, 22.22836414855017 ], [ -159.404872456007126, 22.2285085375519 ], [ -159.404819114378881, 22.228517656576123 ], [ -159.404759904292632, 22.228594444247335 ], [ -159.404719031344058, 22.228720812685498 ], [ -159.404641771595124, 22.228847248139449 ], [ -159.404653659709993, 22.228973518734072 ], [ -159.40450019540225, 22.229172262404422 ], [ -159.404423462115403, 22.229271633736612 ], [ -159.404423522229678, 22.22950166659799 ], [ -159.40424590998262, 22.229948529811498 ], [ -159.404139564592498, 22.230084038930652 ], [ -159.403731885977436, 22.2302471673562 ], [ -159.403678171533727, 22.230337475056579 ], [ -159.403601646534526, 22.230509013001029 ], [ -159.403489352554601, 22.230685127806108 ], [ -159.403400228297926, 22.230694312545936 ], [ -159.40327628916387, 22.230617863004813 ], [ -159.403193281224134, 22.230645079089133 ], [ -159.403140042817739, 22.230690281526147 ], [ -159.402968491183202, 22.23071765910246 ], [ -159.402791429708486, 22.230727005326784 ], [ -159.402418762081851, 22.230623950053054 ], [ -159.402306025053463, 22.230646708605583 ], [ -159.402199768300221, 22.230813789715643 ], [ -159.402211486185394, 22.230881425640742 ], [ -159.402359736281653, 22.230975872420533 ], [ -159.402459959463158, 22.231029814028208 ], [ -159.402537240798864, 22.23111988120197 ], [ -159.40257285791543, 22.231273171272715 ], [ -159.402655545214401, 22.231345186514496 ], [ -159.402868701586755, 22.231444024435216 ], [ -159.402868191419543, 22.231687590031804 ], [ -159.40301611000379, 22.231876756467639 ], [ -159.403105176033876, 22.232057010986825 ], [ -159.403081705969441, 22.232120200699164 ], [ -159.403052054097287, 22.232142807157658 ], [ -159.402862770130355, 22.232120603086642 ], [ -159.402792034437283, 22.232197410455836 ], [ -159.402756591245748, 22.232314747044601 ], [ -159.402738488110344, 22.232346353579132 ], [ -159.402525642434341, 22.232355764650332 ], [ -159.402360375172464, 22.232459808828821 ], [ -159.402253636127625, 22.232460004183476 ], [ -159.402229853851367, 22.232414942835284 ], [ -159.402218188264413, 22.232365349802826 ], [ -159.4021410617936, 22.232329407520183 ], [ -159.402093974240103, 22.232194180604974 ], [ -159.402034448562517, 22.232162716349993 ], [ -159.401862752511931, 22.232140478480609 ], [ -159.40169766349166, 22.232095676676472 ], [ -159.401490276384294, 22.23210507652183 ], [ -159.401389511495125, 22.23207368761889 ], [ -159.401247892612304, 22.231965695875843 ], [ -159.401200510526792, 22.23193872023672 ], [ -159.401158984951394, 22.231839566234026 ], [ -159.40114709870582, 22.231713295387699 ], [ -159.401046396917707, 22.231492467155121 ], [ -159.401123132823585, 22.231393097392008 ], [ -159.401141094070681, 22.231311876716042 ], [ -159.401093529671328, 22.231221754567148 ], [ -159.401064212749759, 22.231149641262654 ], [ -159.401128896998102, 22.231077355789054 ], [ -159.40114062472415, 22.230937510696865 ], [ -159.401152416594584, 22.230820217400929 ], [ -159.401324328361142, 22.230707141963045 ], [ -159.401312610918978, 22.230639506869455 ], [ -159.401241382481373, 22.23054491792891 ], [ -159.401223600405444, 22.230477294172939 ], [ -159.401235457322343, 22.230382552663713 ], [ -159.401459722328866, 22.229705576063115 ], [ -159.401477679243214, 22.229412364392392 ], [ -159.401453690331465, 22.229295135874846 ], [ -159.401335272118189, 22.229029236697212 ], [ -159.401252652006377, 22.228979772535205 ], [ -159.401122523080517, 22.229070219106664 ], [ -159.400986458595071, 22.22920578142082 ], [ -159.400915528990424, 22.229214931683888 ], [ -159.400820921657555, 22.229215105201646 ], [ -159.400779373452053, 22.229318920581196 ], [ -159.400672921652784, 22.229418345325218 ], [ -159.400400777689185, 22.229472966500644 ], [ -159.400093522537475, 22.229550203866911 ], [ -159.400010592323866, 22.229604479952755 ], [ -159.399957534328792, 22.229712827859519 ], [ -159.399697040215017, 22.229812531278121 ], [ -159.399584974711161, 22.229857839160829 ], [ -159.399496031543123, 22.229930168256534 ], [ -159.399472341005435, 22.229916679720958 ], [ -159.399389900845421, 22.229930361117557 ], [ -159.399117405789639, 22.229863199695064 ], [ -159.399034773177277, 22.229809223684388 ], [ -159.398880706216232, 22.229800482476378 ], [ -159.39866810925858, 22.229895586760442 ], [ -159.39854384929663, 22.229918364624421 ], [ -159.398401859623164, 22.22989155938949 ], [ -159.398312864847952, 22.22994584585771 ], [ -159.398106035157383, 22.229937198777932 ], [ -159.397981595851377, 22.229896829702231 ], [ -159.397780959133058, 22.229933276409369 ], [ -159.397650493413011, 22.229906448659776 ], [ -159.397526505216263, 22.229811953590364 ], [ -159.397390106259621, 22.229618251230541 ], [ -159.397242312893695, 22.229469673283713 ], [ -159.39714748742432, 22.229393163264977 ], [ -159.397100004374948, 22.229330099703599 ], [ -159.396928592673163, 22.228766594122185 ], [ -159.396804209559065, 22.228532267812128 ], [ -159.39672155644945, 22.228257274447035 ], [ -159.396739070861571, 22.22801819057095 ], [ -159.396656213258808, 22.227671030968043 ], [ -159.39666166204114, 22.227454521249811 ], [ -159.396779854432225, 22.226791280081304 ], [ -159.396691334491464, 22.226371963940995 ], [ -159.396596204080964, 22.226187201534888 ], [ -159.396537212500817, 22.226128668449793 ], [ -159.396436427579999, 22.226088249503075 ], [ -159.396128927253812, 22.225863261905907 ], [ -159.395856576601574, 22.225629191966775 ], [ -159.395655830546474, 22.225196538219162 ], [ -159.395424948739532, 22.224615091562235 ], [ -159.395205916188758, 22.224362886670932 ], [ -159.395010829123009, 22.224214379822008 ], [ -159.394738298521474, 22.224129153451432 ], [ -159.394625916448803, 22.224061691510741 ], [ -159.394531134875933, 22.223998709315385 ], [ -159.394241661465145, 22.22392704191272 ], [ -159.393993049599857, 22.223936492205038 ], [ -159.39389850966748, 22.223959207157055 ], [ -159.393644260585489, 22.223905519930856 ], [ -159.393389634611736, 22.223933021470138 ], [ -159.39318885511517, 22.223915324644818 ], [ -159.393076600611693, 22.223892965297512 ], [ -159.392880875705515, 22.223947427133961 ], [ -159.392667979001658, 22.223934261554341 ], [ -159.392490926106632, 22.223943586520019 ], [ -159.392348905862804, 22.223903235557295 ], [ -159.392230449104147, 22.223831272219016 ], [ -159.391875306089389, 22.223696567586998 ], [ -159.391620868401731, 22.223575220744952 ], [ -159.391579770171148, 22.223624906409615 ], [ -159.391497284057778, 22.223837037479885 ], [ -159.391496917437166, 22.223922736486688 ], [ -159.3916447740975, 22.224098390631948 ], [ -159.391704053841039, 22.22426066510393 ], [ -159.391698179252217, 22.224328331615222 ], [ -159.391586026763008, 22.224342054367156 ], [ -159.391561896195896, 22.224387200170295 ], [ -159.391627139245458, 22.224513380555777 ], [ -159.39155041274438, 22.224617252179179 ], [ -159.391373067305494, 22.224739336610011 ], [ -159.391148016563903, 22.224717168641284 ], [ -159.391071087544788, 22.224748872883794 ], [ -159.390964871679301, 22.22493398259876 ], [ -159.390917885335853, 22.225046823851518 ], [ -159.390864720973383, 22.225119081285921 ], [ -159.390805265168723, 22.22511016103903 ], [ -159.390739997571842, 22.224974959769703 ], [ -159.390278425621005, 22.224299180764408 ], [ -159.390302544107129, 22.224249525318086 ], [ -159.3905505763733, 22.224249102665262 ], [ -159.39071042256424, 22.224158622016535 ], [ -159.390733972887972, 22.224122498346933 ], [ -159.390734187941803, 22.223766173030217 ], [ -159.390816637935984, 22.223757012201325 ], [ -159.39106537677975, 22.22379267045196 ], [ -159.391142191734531, 22.223720372353238 ], [ -159.39117154067381, 22.223589520449785 ], [ -159.391130251979234, 22.223355048405359 ], [ -159.391058705990304, 22.223143179384586 ], [ -159.390958481162215, 22.22308471530414 ], [ -159.390769022600921, 22.222994829641181 ], [ -159.390668797023523, 22.222936364476862 ], [ -159.390426074214815, 22.222882653535681 ], [ -159.38997620645182, 22.22270300110884 ], [ -159.389787153109694, 22.222540947448024 ], [ -159.389047607220391, 22.222212941251147 ], [ -159.388811179170574, 22.222023903499469 ], [ -159.388728061457243, 22.222010512892737 ], [ -159.388414802965912, 22.222105762055314 ], [ -159.388213962586775, 22.222065507186276 ], [ -159.387787813054757, 22.221908362110344 ], [ -159.387580709528521, 22.221795950073943 ], [ -159.387391579782388, 22.221823331346233 ], [ -159.387054175794788, 22.221959213279597 ], [ -159.386888796565074, 22.222022637128791 ], [ -159.386509955349709, 22.222086419859799 ], [ -159.386285515936123, 22.222064244548818 ], [ -159.386084506700513, 22.222181852422167 ] ] ] ] } }
]
}
