{"type":"FeatureCollection","features":[{"type":"Feature","geometry":{"type":"Polygon","coordinates":[[[-155.08384,19.85166],[-155.08316,19.85241],[-155.08726,19.85294],[-155.08792,19.85358],[-155.08766,19.85577],[-155.08884,19.85672],[-155.08906,19.85793],[-155.08786,19.85956],[-155.09005,19.86196],[-155.09052,19.86316],[-155.09329,19.86468],[-155.09614,19.86561],[-155.09938,19.8676],[-155.10105,19.86789],[-155.10347,19.86972],[-155.10521,19.87],[-155.10684,19.87326],[-155.11039,19.87637],[-155.10953,19.87838],[-155.11174,19.8801],[-155.1166,19.88151],[-155.11898,19.8832],[-155.11972,19.88617],[-155.11893,19.88705],[-155.11899,19.88857],[-155.12069,19.89048],[-155.12218,19.89394],[-155.12292,19.89673],[-155.125,19.89934],[-155.125,19.901],[-155.12823,19.90002],[-155.12876,19.901],[-155.12802,19.90202],[-155.12838,19.90382],[-155.13039,19.90564],[-155.13229,19.90618],[-155.13441,19.90829],[-155.13452,19.91029],[-155.13573,19.91042],[-155.13651,19.91218],[-155.13925,19.91535],[-155.1417,19.91783],[-155.14462,19.91882],[-155.14628,19.9199],[-155.14795,19.92162],[-155.15059,19.92362],[-155.15331,19.92668],[-155.15373,19.928],[-155.15544,19.92839],[-155.1578,19.93111],[-155.15749,19.93227],[-155.1593,19.93267],[-155.16231,19.93518],[-155.16331,19.93651],[-155.16555,19.93746],[-155.16789,19.9393],[-155.16819,19.94006],[-155.1706,19.94132],[-155.17255,19.9432],[-155.17276,19.94403],[-155.17494,19.94464],[-155.17567,19.94585],[-155.17703,19.9464],[-155.1784,19.94877],[-155.18009,19.95021],[-155.18301,19.95168],[-155.18372,19.95246],[-155.18852,19.95452],[-155.19006,19.95463],[-155.19173,19.95544],[-155.19444,19.95504],[-155.19598,19.95571],[-155.19703,19.95919],[-155.19778,19.96054],[-155.20172,19.96461],[-155.20192,19.96674],[-155.20412,19.968],[-155.20649,19.97046],[-155.21174,19.97405],[-155.21221,19.97488],[-155.21586,19.97671],[-155.21909,19.97768],[-155.21988,19.97873],[-155.22131,19.97915],[-155.22268,19.98063],[-155.22517,19.98105],[-155.22885,19.98329],[-155.23037,19.98472],[-155.23858,19.98763],[-155.24079,19.99099],[-155.23969,19.99364],[-155.24101,19.99411],[-155.24239,19.99309],[-155.24396,19.99438],[-155.24768,19.9947],[-155.25029,19.99718],[-155.25047,19.99874],[-155.25473,20.00278],[-155.25835,20.00403],[-155.26039,20.00575],[-155.26158,20.00557],[-155.26348,20.00823],[-155.26606,20.0098],[-155.26867,20.01239],[-155.27115,20.01351],[-155.27538,20.01633],[-155.27731,20.01699],[-155.27995,20.01897],[-155.2843,20.01926],[-155.28643,20.02055],[-155.29028,20.02087],[-155.29189,20.02168],[-155.29319,20.02153],[-155.29588,20.02261],[-155.29828,20.02393],[-155.29918,20.025],[-155.30077,20.0251],[-155.30489,20.02718],[-155.30822,20.02813],[-155.31269,20.03041],[-155.31363,20.03145],[-155.31616,20.03257],[-155.31882,20.0326],[-155.3224,20.03342],[-155.3233,20.03439],[-155.32833,20.03605],[-155.33086,20.03777],[-155.33316,20.04058],[-155.33598,20.04189],[-155.33718,20.04172],[-155.34005,20.04287],[-155.34313,20.04491],[-155.34585,20.04918],[-155.34705,20.04843],[-155.34842,20.04894],[-155.35092,20.04871],[-155.35514,20.04981],[-155.35722,20.05129],[-155.36434,20.05452],[-155.36761,20.05722],[-155.36944,20.05711],[-155.3721,20.05784],[-155.37364,20.05907],[-155.37426,20.06025],[-155.37756,20.06253],[-155.37933,20.06249],[-155.38112,20.06369],[-155.38403,20.06445],[-155.38594,20.06402],[-155.38737,20.06438],[-155.38875,20.06542],[-155.39399,20.0675],[-155.39473,20.06843],[-155.39625,20.06873],[-155.39702,20.06996],[-155.39883,20.07073],[-155.40012,20.07398],[-155.40201,20.07558],[-155.40372,20.07592],[-155.40707,20.07717],[-155.40941,20.07711],[-155.41252,20.07828],[-155.41281,20.07958],[-155.41408,20.08086],[-155.41588,20.08095],[-155.41653,20.08193],[-155.41816,20.0827],[-155.41983,20.08267],[-155.42183,20.0838],[-155.42566,20.0849],[-155.42983,20.0874],[-155.4329,20.08825],[-155.43332,20.08908],[-155.43632,20.08918],[-155.43802,20.09223],[-155.43896,20.09135],[-155.44392,20.09335],[-155.4472,20.09389],[-155.44945,20.09348],[-155.45271,20.09544],[-155.45572,20.09861],[-155.46068,20.09988],[-155.46168,20.09954],[-155.46376,20.10103],[-155.46471,20.10052],[-155.47049,20.10086],[-155.47233,20.1032],[-155.47453,20.10319],[-155.47536,20.10414],[-155.47766,20.10414],[-155.47945,20.10463],[-155.48036,20.10581],[-155.48517,20.10644],[-155.486,20.10622],[-155.48811,20.10729],[-155.49008,20.10773],[-155.49251,20.10901],[-155.49557,20.1115],[-155.49708,20.11202],[-155.49979,20.11106],[-155.50255,20.11154],[-155.5045,20.11236],[-155.50488,20.11313],[-155.50706,20.11351],[-155.50807,20.1115],[-155.50903,20.11177],[-155.51373,20.11188],[-155.51579,20.11316],[-155.51622,20.11422],[-155.51859,20.11475],[-155.5202,20.1157],[-155.52139,20.11719],[-155.52776,20.11792],[-155.52829,20.11908],[-155.53088,20.11978],[-155.53586,20.11922],[-155.53717,20.11945],[-155.53904,20.12174],[-155.54095,20.12228],[-155.54202,20.1232],[-155.54521,20.12371],[-155.54697,20.1243],[-155.54883,20.12566],[-155.54913,20.127],[-155.55073,20.12788],[-155.55236,20.12761],[-155.55493,20.12783],[-155.55603,20.12863],[-155.55978,20.12754],[-155.56215,20.12763],[-155.5648,20.12726],[-155.56878,20.12571],[-155.57057,20.12536],[-155.57268,20.12365],[-155.57384,20.1236],[-155.5753,20.12199],[-155.57893,20.12026],[-155.58392,20.11993],[-155.58706,20.11899],[-155.5909,20.11964],[-155.59273,20.12073],[-155.59638,20.12178],[-155.5982,20.12345],[-155.59982,20.12727],[-155.60245,20.13009],[-155.60453,20.13179],[-155.60512,20.13437],[-155.60762,20.13623],[-155.61018,20.13682],[-155.61142,20.13623],[-155.61299,20.13641],[-155.61568,20.13786],[-155.61909,20.14085],[-155.62062,20.14139],[-155.62303,20.1431],[-155.625,20.14306],[-155.62766,20.14388],[-155.63137,20.14364],[-155.63326,20.14307],[-155.63701,20.14498],[-155.63813,20.14601],[-155.64039,20.15336],[-155.64209,20.15519],[-155.64384,20.15552],[-155.64659,20.15661],[-155.647,20.15876],[-155.64817,20.16081],[-155.65073,20.16397],[-155.65339,20.16511],[-155.65566,20.1653],[-155.65791,20.16642],[-155.65973,20.16839],[-155.66098,20.16876],[-155.6635,20.17052],[-155.66625,20.17199],[-155.66783,20.17245],[-155.67112,20.17427],[-155.67305,20.17418],[-155.67642,20.17548],[-155.68096,20.17857],[-155.6844,20.17929],[-155.68588,20.17895],[-155.68682,20.17793],[-155.68867,20.17831],[-155.68946,20.17953],[-155.69242,20.18178],[-155.69595,20.18539],[-155.69863,20.18588],[-155.69969,20.18651],[-155.6999,20.18378],[-155.70096,20.1828],[-155.70283,20.17903],[-155.7037,20.17853],[-155.70439,20.17636],[-155.70665,20.17143],[-155.70654,20.17076],[-155.70753,20.16626],[-155.7065,20.16411],[-155.70675,20.16267],[-155.70817,20.16199],[-155.70911,20.15933],[-155.70927,20.15681],[-155.71076,20.15543],[-155.71168,20.1493],[-155.7117,20.1472],[-155.71047,20.14457],[-155.71153,20.14242],[-155.71149,20.14099],[-155.70984,20.1391],[-155.71036,20.13534],[-155.71132,20.13346],[-155.7113,20.13179],[-155.71303,20.12842],[-155.71325,20.12475],[-155.71413,20.12189],[-155.71387,20.12092],[-155.7105,20.11745],[-155.70942,20.11511],[-155.7077,20.11361],[-155.70606,20.1106],[-155.68786,20.10627],[-155.68438,20.10575],[-155.6649,20.10067],[-155.66506,20.10014],[-155.6687,20.09848],[-155.67126,20.09777],[-155.67152,20.09625],[-155.67325,20.09273],[-155.67532,20.09008],[-155.67519,20.08808],[-155.67869,20.0855],[-155.67583,20.08513],[-155.6742,20.08164],[-155.67071,20.08042],[-155.66994,20.07911],[-155.67086,20.07729],[-155.66973,20.07669],[-155.66943,20.07552],[-155.67169,20.07276],[-155.6708,20.07121],[-155.67025,20.06898],[-155.66786,20.06547],[-155.66634,20.06461],[-155.66192,20.06331],[-155.65806,20.06368],[-155.65667,20.06323],[-155.65559,20.06373],[-155.65185,20.06374],[-155.64911,20.06464],[-155.64736,20.06457],[-155.64506,20.06626],[-155.64099,20.06746],[-155.64067,20.06652],[-155.64191,20.0632],[-155.644,20.06072],[-155.64353,20.05871],[-155.64408,20.05609],[-155.6424,20.05401],[-155.64086,20.05361],[-155.63825,20.05583],[-155.63768,20.05702],[-155.63611,20.05776],[-155.63478,20.05967],[-155.63415,20.06133],[-155.63179,20.06355],[-155.63004,20.06689],[-155.62848,20.06891],[-155.62806,20.06438],[-155.62655,20.06292],[-155.62439,20.0633],[-155.62033,20.0691],[-155.61276,20.05643],[-155.61101,20.05731],[-155.61046,20.05858],[-155.61152,20.05936],[-155.61137,20.06146],[-155.61068,20.06239],[-155.60878,20.06252],[-155.60745,20.06431],[-155.60746,20.06588],[-155.60668,20.0675],[-155.60702,20.06837],[-155.60635,20.07124],[-155.60396,20.07484],[-155.60363,20.07661],[-155.60408,20.07954],[-155.60236,20.08123],[-155.60308,20.0826],[-155.60271,20.08441],[-155.60176,20.08543],[-155.60153,20.08696],[-155.60055,20.08769],[-155.59941,20.08967],[-155.59831,20.08951],[-155.59734,20.08208],[-155.59754,20.08017],[-155.59389,20.07998],[-155.5934,20.07807],[-155.59325,20.07256],[-155.58726,20.07272],[-155.57843,20.07208],[-155.57757,20.07003],[-155.5782,20.06871],[-155.57745,20.06741],[-155.5776,20.06487],[-155.57835,20.06415],[-155.5785,20.0603],[-155.57774,20.0578],[-155.576,20.05602],[-155.57683,20.05428],[-155.57569,20.05135],[-155.57547,20.04839],[-155.57001,20.04972],[-155.55398,20.05287],[-155.55091,20.0543],[-155.54079,20.06187],[-155.53794,20.0626],[-155.53232,20.06197],[-155.53833,20.04674],[-155.53639,20.04629],[-155.5284,20.04823],[-155.52475,20.05149],[-155.52414,20.05276],[-155.52143,20.05372],[-155.51757,20.0517],[-155.51463,20.04974],[-155.5104,20.04988],[-155.50783,20.05048],[-155.50298,20.05009],[-155.501,20.05033],[-155.49833,20.04975],[-155.49616,20.05012],[-155.49539,20.0494],[-155.49309,20.04925],[-155.49231,20.05017],[-155.48955,20.05082],[-155.48912,20.05033],[-155.48547,20.04914],[-155.48411,20.04605],[-155.48412,20.04422],[-155.48504,20.04344],[-155.48452,20.04205],[-155.48576,20.03981],[-155.47197,20.03878],[-155.47271,20.0381],[-155.47774,20.03635],[-155.47869,20.0354],[-155.47952,20.03063],[-155.48079,20.02874],[-155.48207,20.0288],[-155.48306,20.02454],[-155.48274,20.02367],[-155.48481,20.02176],[-155.48765,20.02015],[-155.48896,20.01994],[-155.49043,20.01815],[-155.49226,20.01763],[-155.49316,20.01636],[-155.49505,20.011],[-155.49701,20.00888],[-155.49696,20.00722],[-155.49763,20.00434],[-155.49772,20.00151],[-155.4987,20.00019],[-155.49828,19.99921],[-155.49968,19.99629],[-155.50132,19.99535],[-155.5016,19.99253],[-155.50278,19.99143],[-155.50281,19.98947],[-155.50214,19.98622],[-155.50225,19.98463],[-155.50008,19.98198],[-155.51359,19.96355],[-155.51839,19.95708],[-155.51978,19.95819],[-155.53199,19.96469],[-155.5361,19.9644],[-155.53892,19.96548],[-155.53724,19.96193],[-155.53663,19.95904],[-155.53813,19.95513],[-155.53844,19.95331],[-155.53628,19.94924],[-155.53408,19.94807],[-155.53265,19.94798],[-155.52526,19.94388],[-155.52132,19.94242],[-155.51631,19.93713],[-155.51537,19.93642],[-155.51208,19.93555],[-155.51001,19.9333],[-155.50802,19.93182],[-155.50742,19.92926],[-155.50502,19.92819],[-155.50384,19.9267],[-155.50218,19.92551],[-155.50221,19.92221],[-155.50321,19.92095],[-155.50323,19.9179],[-155.5019,19.91164],[-155.50097,19.91076],[-155.50121,19.90932],[-155.49942,19.90713],[-155.49952,19.90366],[-155.49711,19.90283],[-155.49595,19.90189],[-155.49463,19.90287],[-155.49297,19.90208],[-155.49043,19.9015],[-155.48862,19.90254],[-155.48748,19.90208],[-155.48732,19.89965],[-155.486,19.89971],[-155.48168,19.89865],[-155.48024,19.89778],[-155.47468,19.89554],[-155.47182,19.89533],[-155.4693,19.8957],[-155.46658,19.89676],[-155.46509,19.89812],[-155.46163,19.89816],[-155.45961,19.89955],[-155.45824,19.89951],[-155.45581,19.9006],[-155.45434,19.90215],[-155.45195,19.90301],[-155.44753,19.90325],[-155.44335,19.90437],[-155.44069,19.90606],[-155.43807,19.9031],[-155.43728,19.90288],[-155.43523,19.90396],[-155.43391,19.90195],[-155.43246,19.90151],[-155.43232,19.90043],[-155.43055,19.89964],[-155.43107,19.89732],[-155.42836,19.89483],[-155.42567,19.89429],[-155.42464,19.89336],[-155.42019,19.89417],[-155.41828,19.89332],[-155.41629,19.89415],[-155.41534,19.89236],[-155.41559,19.89112],[-155.41253,19.88958],[-155.41065,19.88993],[-155.40895,19.8895],[-155.40494,19.88699],[-155.40429,19.88597],[-155.40172,19.88443],[-155.3978,19.88374],[-155.39706,19.88312],[-155.3957,19.88029],[-155.39597,19.87744],[-155.39524,19.87626],[-155.39258,19.87426],[-155.39131,19.87271],[-155.39073,19.87042],[-155.39114,19.86803],[-155.39221,19.86586],[-155.39193,19.86322],[-155.39141,19.86196],[-155.39172,19.86059],[-155.39309,19.85818],[-155.39312,19.85532],[-155.39256,19.85073],[-155.39062,19.84718],[-155.38905,19.84575],[-155.38889,19.84202],[-155.38833,19.83981],[-155.3875,19.83864],[-155.38699,19.83661],[-155.38455,19.83267],[-155.38435,19.83013],[-155.3855,19.82548],[-155.38473,19.82381],[-155.38511,19.82108],[-155.38676,19.8199],[-155.38758,19.81723],[-155.38707,19.81502],[-155.38578,19.81294],[-155.38543,19.81161],[-155.38294,19.80694],[-155.38054,19.80759],[-155.37981,19.80679],[-155.37938,19.80494],[-155.37979,19.80357],[-155.37808,19.80106],[-155.37698,19.80107],[-155.37565,19.79933],[-155.37051,19.79601],[-155.36798,19.79491],[-155.36816,19.79409],[-155.36993,19.79336],[-155.3737,19.79333],[-155.3729,19.79196],[-155.37107,19.79031],[-155.36938,19.78946],[-155.36519,19.79003],[-155.36344,19.78931],[-155.36082,19.78938],[-155.35949,19.78868],[-155.35585,19.78859],[-155.35467,19.788],[-155.35,19.78777],[-155.34899,19.78708],[-155.34601,19.78676],[-155.34376,19.78527],[-155.3424,19.78545],[-155.34204,19.78666],[-155.33915,19.79057],[-155.33856,19.79184],[-155.33681,19.79138],[-155.33544,19.79588],[-155.33545,19.80346],[-155.33265,19.80312],[-155.331,19.80248],[-155.32781,19.80317],[-155.32452,19.80353],[-155.32384,19.80447],[-155.31939,19.80632],[-155.31621,19.80867],[-155.31341,19.80915],[-155.3072,19.80725],[-155.30392,19.80708],[-155.30271,19.80639],[-155.29858,19.80503],[-155.29546,19.8059],[-155.29306,19.80573],[-155.29013,19.80746],[-155.28881,19.80776],[-155.26743,19.82039],[-155.26227,19.82038],[-155.25821,19.81781],[-155.25785,19.81632],[-155.25618,19.8165],[-155.25336,19.8177],[-155.25294,19.81837],[-155.25102,19.81874],[-155.25088,19.81991],[-155.24723,19.82035],[-155.24658,19.82084],[-155.24419,19.82106],[-155.24235,19.82223],[-155.2388,19.82101],[-155.23606,19.82094],[-155.23241,19.82157],[-155.23144,19.82311],[-155.22977,19.82414],[-155.2283,19.82413],[-155.22637,19.82568],[-155.22383,19.82628],[-155.22113,19.82496],[-155.21881,19.82523],[-155.21706,19.82652],[-155.21239,19.82878],[-155.2105,19.8294],[-155.20758,19.829],[-155.20497,19.82948],[-155.20393,19.8303],[-155.20198,19.82987],[-155.19989,19.83002],[-155.19785,19.83138],[-155.19469,19.83151],[-155.19354,19.83101],[-155.1917,19.83237],[-155.19033,19.83256],[-155.1896,19.83384],[-155.18699,19.83426],[-155.18425,19.83559],[-155.18394,19.83653],[-155.18159,19.83828],[-155.18018,19.83822],[-155.1785,19.83998],[-155.17641,19.84076],[-155.1765,19.84223],[-155.17513,19.84408],[-155.17267,19.84544],[-155.17214,19.84747],[-155.168,19.84914],[-155.16477,19.84564],[-155.16364,19.84496],[-155.16263,19.84263],[-155.16116,19.84296],[-155.15718,19.84592],[-155.15591,19.84116],[-155.15402,19.84254],[-155.15197,19.84257],[-155.14948,19.84363],[-155.14885,19.84446],[-155.14525,19.8445],[-155.14353,19.84197],[-155.14709,19.84084],[-155.14731,19.83917],[-155.14905,19.83799],[-155.14808,19.8366],[-155.14947,19.8357],[-155.14821,19.83343],[-155.14243,19.83459],[-155.14222,19.83393],[-155.13958,19.83429],[-155.13814,19.83489],[-155.13627,19.83412],[-155.13379,19.83403],[-155.13282,19.83447],[-155.13029,19.83422],[-155.12613,19.83528],[-155.1215,19.83544],[-155.11947,19.83487],[-155.11754,19.83614],[-155.11277,19.8386],[-155.11053,19.83894],[-155.10234,19.84129],[-155.10111,19.8425],[-155.09842,19.8428],[-155.09541,19.84445],[-155.09364,19.84736],[-155.09167,19.84913],[-155.08969,19.85033],[-155.08625,19.85108],[-155.08469,19.85091],[-155.08384,19.85166]]]},"properties":{"dp":"01-01","county":"HAWAII","ballottype":"CD2-H01-S04-CC1","us_house":"CD2","state_hous":"H01","state_sena":"S04","county_cou":"CC1"}},{"type":"Feature","geometry":{"type":"Polygon","coordinates":[[[-155.33681,19.79138],[-155.33384,19.7899],[-155.33142,19.79055],[-155.32763,19.78942],[-155.32554,19.79057],[-155.32185,19.79123],[-155.31916,19.79005],[-155.31638,19.7896],[-155.31455,19.7882],[-155.31121,19.78782],[-155.30854,19.78802],[-155.30689,19.78675],[-155.30543,19.78503],[-155.30177,19.78633],[-155.29718,19.78606],[-155.29475,19.78525],[-155.29273,19.78513],[-155.28967,19.78424],[-155.28874,19.78361],[-155.28506,19.78454],[-155.28069,19.78403],[-155.27887,19.78404],[-155.27639,19.78094],[-155.27476,19.7802],[-155.27314,19.77869],[-155.27036,19.77456],[-155.26825,19.77223],[-155.26333,19.77133],[-155.26097,19.77172],[-155.25721,19.76979],[-155.25428,19.76905],[-155.25148,19.76748],[-155.24975,19.76783],[-155.24834,19.76746],[-155.24636,19.76569],[-155.24534,19.76343],[-155.24306,19.7635],[-155.24089,19.76165],[-155.23919,19.76101],[-155.23612,19.76084],[-155.23286,19.75984],[-155.23162,19.76027],[-155.2292,19.75956],[-155.22811,19.76],[-155.22516,19.75975],[-155.22398,19.76045],[-155.22233,19.76039],[-155.21953,19.76159],[-155.21835,19.76108],[-155.216,19.76205],[-155.21145,19.76137],[-155.20708,19.75809],[-155.20411,19.75794],[-155.20276,19.75828],[-155.20024,19.75737],[-155.19793,19.75701],[-155.19547,19.75563],[-155.19291,19.75474],[-155.19161,19.75334],[-155.18839,19.7537],[-155.18726,19.75289],[-155.18607,19.75322],[-155.18147,19.7515],[-155.17832,19.74846],[-155.1777,19.74693],[-155.17579,19.74649],[-155.17465,19.74543],[-155.17239,19.74568],[-155.1703,19.7447],[-155.16656,19.74419],[-155.16523,19.74267],[-155.16277,19.74177],[-155.15995,19.7418],[-155.15921,19.7407],[-155.1563,19.73855],[-155.15483,19.7387],[-155.15441,19.73732],[-155.15336,19.73643],[-155.15171,19.73411],[-155.15115,19.73206],[-155.14924,19.73132],[-155.1465,19.72929],[-155.14567,19.72727],[-155.14346,19.72626],[-155.14352,19.72519],[-155.1415,19.7244],[-155.13986,19.72312],[-155.13754,19.72378],[-155.13386,19.72282],[-155.13078,19.72337],[-155.12876,19.72334],[-155.12753,19.72253],[-155.1264,19.72304],[-155.12322,19.72226],[-155.12186,19.72269],[-155.1208,19.72164],[-155.1186,19.72153],[-155.11774,19.72351],[-155.1217,19.72502],[-155.12873,19.72828],[-155.12683,19.73217],[-155.1265,19.73347],[-155.12438,19.73317],[-155.11903,19.73129],[-155.11617,19.73066],[-155.11384,19.72871],[-155.11181,19.72791],[-155.10438,19.72831],[-155.0978,19.7273],[-155.09109,19.7276],[-155.0905,19.72627],[-155.08719,19.7279],[-155.08862,19.73284],[-155.09034,19.73403],[-155.0908,19.73612],[-155.08997,19.73833],[-155.09048,19.74043],[-155.08972,19.74242],[-155.09016,19.74697],[-155.09118,19.74874],[-155.09081,19.7508],[-155.08987,19.75226],[-155.09123,19.75584],[-155.09007,19.75696],[-155.09042,19.75857],[-155.08925,19.7627],[-155.08896,19.76514],[-155.09077,19.76872],[-155.08967,19.76945],[-155.08931,19.77084],[-155.0896,19.77297],[-155.08804,19.77386],[-155.08728,19.77608],[-155.08824,19.77778],[-155.08718,19.7794],[-155.08609,19.78355],[-155.08714,19.78419],[-155.08923,19.78669],[-155.08944,19.78861],[-155.09025,19.79002],[-155.08957,19.79129],[-155.09013,19.79477],[-155.08889,19.79663],[-155.08764,19.79669],[-155.08686,19.79782],[-155.08671,19.79934],[-155.08584,19.8007],[-155.08697,19.80401],[-155.09022,19.80417],[-155.09162,19.8062],[-155.09301,19.80687],[-155.09234,19.80818],[-155.09358,19.80976],[-155.0908,19.81121],[-155.09152,19.81215],[-155.09002,19.81363],[-155.0901,19.81482],[-155.08918,19.81562],[-155.08778,19.81804],[-155.08851,19.82058],[-155.08616,19.82377],[-155.08673,19.82533],[-155.08566,19.82675],[-155.08483,19.82995],[-155.08412,19.83085],[-155.08368,19.83429],[-155.08265,19.83618],[-155.08299,19.83768],[-155.08424,19.83994],[-155.08383,19.84087],[-155.08471,19.84271],[-155.08357,19.84445],[-155.08155,19.84634],[-155.08198,19.84808],[-155.08378,19.84874],[-155.08384,19.85166],[-155.08469,19.85091],[-155.08625,19.85108],[-155.08969,19.85033],[-155.09167,19.84913],[-155.09364,19.84736],[-155.09541,19.84445],[-155.09842,19.8428],[-155.10111,19.8425],[-155.10234,19.84129],[-155.11053,19.83894],[-155.11277,19.8386],[-155.11754,19.83614],[-155.11947,19.83487],[-155.1215,19.83544],[-155.12613,19.83528],[-155.13029,19.83422],[-155.13282,19.83447],[-155.13379,19.83403],[-155.13627,19.83412],[-155.13814,19.83489],[-155.13958,19.83429],[-155.14222,19.83393],[-155.14243,19.83459],[-155.14821,19.83343],[-155.14947,19.8357],[-155.14808,19.8366],[-155.14905,19.83799],[-155.14731,19.83917],[-155.14709,19.84084],[-155.14353,19.84197],[-155.14525,19.8445],[-155.14885,19.84446],[-155.14948,19.84363],[-155.15197,19.84257],[-155.15402,19.84254],[-155.15591,19.84116],[-155.15718,19.84592],[-155.16116,19.84296],[-155.16263,19.84263],[-155.16364,19.84496],[-155.16477,19.84564],[-155.168,19.84914],[-155.17214,19.84747],[-155.17267,19.84544],[-155.17513,19.84408],[-155.1765,19.84223],[-155.17641,19.84076],[-155.1785,19.83998],[-155.18018,19.83822],[-155.18159,19.83828],[-155.18394,19.83653],[-155.18425,19.83559],[-155.18699,19.83426],[-155.1896,19.83384],[-155.19033,19.83256],[-155.1917,19.83237],[-155.19354,19.83101],[-155.19469,19.83151],[-155.19785,19.83138],[-155.19989,19.83002],[-155.20198,19.82987],[-155.20393,19.8303],[-155.20497,19.82948],[-155.20758,19.829],[-155.2105,19.8294],[-155.21239,19.82878],[-155.21706,19.82652],[-155.21881,19.82523],[-155.22113,19.82496],[-155.22383,19.82628],[-155.22637,19.82568],[-155.2283,19.82413],[-155.22977,19.82414],[-155.23144,19.82311],[-155.23241,19.82157],[-155.23606,19.82094],[-155.2388,19.82101],[-155.24235,19.82223],[-155.24419,19.82106],[-155.24658,19.82084],[-155.24723,19.82035],[-155.25088,19.81991],[-155.25102,19.81874],[-155.25294,19.81837],[-155.25336,19.8177],[-155.25618,19.8165],[-155.25785,19.81632],[-155.25821,19.81781],[-155.26227,19.82038],[-155.26743,19.82039],[-155.28881,19.80776],[-155.29013,19.80746],[-155.29306,19.80573],[-155.29546,19.8059],[-155.29858,19.80503],[-155.30271,19.80639],[-155.30392,19.80708],[-155.3072,19.80725],[-155.31341,19.80915],[-155.31621,19.80867],[-155.31939,19.80632],[-155.32384,19.80447],[-155.32452,19.80353],[-155.32781,19.80317],[-155.331,19.80248],[-155.33265,19.80312],[-155.33545,19.80346],[-155.33544,19.79588],[-155.33681,19.79138]]]},"properties":{"dp":"01-02","county":"HAWAII","ballottype":"CD2-H01-S01-CC1","us_house":"CD2","state_hous":"H01","state_sena":"S01","county_cou":"CC1"}},{"type":"Feature","geometry":{"type":"Polygon","coordinates":[[[-155.33681,19.79138],[-155.33837,19.78628],[-155.34367,19.78083],[-155.34307,19.77734],[-155.34752,19.77267],[-155.35026,19.76947],[-155.37049,19.7479],[-155.3735,19.74434],[-155.3735,19.74297],[-155.37822,19.73787],[-155.38939,19.72647],[-155.39056,19.72125],[-155.3917,19.71436],[-155.39241,19.71141],[-155.39686,19.69058],[-155.39017,19.68458],[-155.38769,19.6783],[-155.37848,19.65503],[-155.38008,19.65398],[-155.36553,19.61807],[-155.35698,19.59479],[-155.3558,19.59596],[-155.3545,19.59633],[-155.34597,19.5966],[-155.34436,19.59479],[-155.34282,19.59162],[-155.34188,19.59126],[-155.33954,19.59227],[-155.26358,19.62012],[-155.24482,19.62699],[-155.17429,19.6535],[-155.14354,19.65894],[-155.14255,19.65955],[-155.12456,19.67425],[-155.1103,19.69268],[-155.11225,19.69451],[-155.11346,19.69331],[-155.11761,19.69496],[-155.12061,19.69455],[-155.11733,19.69658],[-155.11593,19.69834],[-155.11461,19.69927],[-155.11376,19.70233],[-155.11129,19.70378],[-155.11094,19.707],[-155.10926,19.70986],[-155.10701,19.71283],[-155.10413,19.71556],[-155.1023,19.71768],[-155.10046,19.71817],[-155.08833,19.72566],[-155.08651,19.72686],[-155.08719,19.7279],[-155.0905,19.72627],[-155.09109,19.7276],[-155.0978,19.7273],[-155.10438,19.72831],[-155.11181,19.72791],[-155.11384,19.72871],[-155.11617,19.73066],[-155.11903,19.73129],[-155.12438,19.73317],[-155.1265,19.73347],[-155.12683,19.73217],[-155.12873,19.72828],[-155.1217,19.72502],[-155.11774,19.72351],[-155.1186,19.72153],[-155.1208,19.72164],[-155.12186,19.72269],[-155.12322,19.72226],[-155.1264,19.72304],[-155.12753,19.72253],[-155.12876,19.72334],[-155.13078,19.72337],[-155.13386,19.72282],[-155.13754,19.72378],[-155.13986,19.72312],[-155.1415,19.7244],[-155.14352,19.72519],[-155.14346,19.72626],[-155.14567,19.72727],[-155.1465,19.72929],[-155.14924,19.73132],[-155.15115,19.73206],[-155.15171,19.73411],[-155.15336,19.73643],[-155.15441,19.73732],[-155.15483,19.7387],[-155.1563,19.73855],[-155.15921,19.7407],[-155.15995,19.7418],[-155.16277,19.74177],[-155.16523,19.74267],[-155.16656,19.74419],[-155.1703,19.7447],[-155.17239,19.74568],[-155.17465,19.74543],[-155.17579,19.74649],[-155.1777,19.74693],[-155.17832,19.74846],[-155.18147,19.7515],[-155.18607,19.75322],[-155.18726,19.75289],[-155.18839,19.7537],[-155.19161,19.75334],[-155.19291,19.75474],[-155.19547,19.75563],[-155.19793,19.75701],[-155.20024,19.75737],[-155.20276,19.75828],[-155.20411,19.75794],[-155.20708,19.75809],[-155.21145,19.76137],[-155.216,19.76205],[-155.21835,19.76108],[-155.21953,19.76159],[-155.22233,19.76039],[-155.22398,19.76045],[-155.22516,19.75975],[-155.22811,19.76],[-155.2292,19.75956],[-155.23162,19.76027],[-155.23286,19.75984],[-155.23612,19.76084],[-155.23919,19.76101],[-155.24089,19.76165],[-155.24306,19.7635],[-155.24534,19.76343],[-155.24636,19.76569],[-155.24834,19.76746],[-155.24975,19.76783],[-155.25148,19.76748],[-155.25428,19.76905],[-155.25721,19.76979],[-155.26097,19.77172],[-155.26333,19.77133],[-155.26825,19.77223],[-155.27036,19.77456],[-155.27314,19.77869],[-155.27476,19.7802],[-155.27639,19.78094],[-155.27887,19.78404],[-155.28069,19.78403],[-155.28506,19.78454],[-155.28874,19.78361],[-155.28967,19.78424],[-155.29273,19.78513],[-155.29475,19.78525],[-155.29718,19.78606],[-155.30177,19.78633],[-155.30543,19.78503],[-155.30689,19.78675],[-155.30854,19.78802],[-155.31121,19.78782],[-155.31455,19.7882],[-155.31638,19.7896],[-155.31916,19.79005],[-155.32185,19.79123],[-155.32554,19.79057],[-155.32763,19.78942],[-155.33142,19.79055],[-155.33384,19.7899],[-155.33681,19.79138]]]},"properties":{"dp":"01-03","county":"HAWAII","ballottype":"CD2-H01-S01-CC2","us_house":"CD2","state_hous":"H01","state_sena":"S01","county_cou":"CC2"}},{"type":"Feature","geometry":{"type":"Polygon","coordinates":[[[-155.49043,19.9015],[-155.49105,19.89977],[-155.49476,19.89739],[-155.49999,19.89632],[-155.50131,19.8955],[-155.50325,19.89525],[-155.5041,19.89372],[-155.50603,19.89306],[-155.50662,19.89208],[-155.5085,19.89158],[-155.50938,19.89023],[-155.51088,19.88962],[-155.51496,19.8844],[-155.5189,19.88174],[-155.52029,19.88122],[-155.52248,19.87963],[-155.5241,19.87926],[-155.52726,19.87949],[-155.52879,19.87907],[-155.52971,19.87666],[-155.53093,19.87685],[-155.53201,19.87597],[-155.53472,19.8755],[-155.53586,19.87454],[-155.53766,19.87392],[-155.54001,19.8712],[-155.54139,19.87074],[-155.54376,19.87103],[-155.54675,19.86879],[-155.54908,19.868],[-155.55103,19.86514],[-155.55361,19.86457],[-155.55648,19.86315],[-155.55931,19.86084],[-155.56171,19.85966],[-155.56177,19.85876],[-155.56417,19.85664],[-155.56493,19.85543],[-155.56833,19.85417],[-155.57099,19.85079],[-155.57222,19.85035],[-155.57384,19.84757],[-155.57646,19.84574],[-155.57755,19.84562],[-155.578,19.84264],[-155.57999,19.84009],[-155.58136,19.83965],[-155.58229,19.83851],[-155.58566,19.83828],[-155.58985,19.837],[-155.59229,19.83448],[-155.59195,19.83372],[-155.59435,19.83171],[-155.59549,19.83008],[-155.59721,19.8294],[-155.598,19.82834],[-155.60011,19.82993],[-155.6011,19.82976],[-155.60288,19.82844],[-155.6029,19.8272],[-155.60605,19.82499],[-155.60837,19.82481],[-155.60958,19.8239],[-155.60971,19.82216],[-155.60868,19.82055],[-155.61144,19.8185],[-155.61115,19.8166],[-155.6129,19.81627],[-155.61366,19.8173],[-155.61495,19.81655],[-155.61688,19.81701],[-155.61776,19.8165],[-155.6204,19.81706],[-155.62274,19.816],[-155.62629,19.81277],[-155.62577,19.81137],[-155.62706,19.80938],[-155.63102,19.8069],[-155.62913,19.80229],[-155.62584,19.79235],[-155.62608,19.792],[-155.61713,19.78326],[-155.6147,19.78166],[-155.61291,19.781],[-155.59854,19.77868],[-155.59531,19.7775],[-155.59283,19.77563],[-155.58491,19.76896],[-155.5825,19.7676],[-155.58067,19.76707],[-155.55236,19.76343],[-155.54514,19.76149],[-155.54216,19.76098],[-155.5355,19.76028],[-155.53304,19.75916],[-155.53044,19.75621],[-155.52865,19.74968],[-155.52663,19.74738],[-155.52463,19.74646],[-155.51897,19.74491],[-155.5168,19.74393],[-155.51503,19.7425],[-155.50323,19.73116],[-155.50168,19.72933],[-155.50083,19.72582],[-155.50013,19.72451],[-155.49415,19.71825],[-155.49242,19.71605],[-155.48921,19.71179],[-155.48524,19.70761],[-155.48423,19.70545],[-155.48356,19.69719],[-155.48332,19.69569],[-155.48205,19.69329],[-155.47901,19.69098],[-155.47678,19.69041],[-155.45995,19.68823],[-155.45235,19.68761],[-155.44704,19.68647],[-155.44117,19.68568],[-155.43589,19.68572],[-155.43085,19.68449],[-155.4257,19.68479],[-155.4218,19.68462],[-155.41942,19.68479],[-155.41698,19.68453],[-155.40698,19.68236],[-155.40132,19.68227],[-155.39666,19.68156],[-155.39316,19.68132],[-155.39042,19.68017],[-155.38769,19.6783],[-155.39017,19.68458],[-155.39686,19.69058],[-155.39241,19.71141],[-155.3917,19.71436],[-155.39056,19.72125],[-155.38939,19.72647],[-155.37822,19.73787],[-155.3735,19.74297],[-155.3735,19.74434],[-155.37049,19.7479],[-155.35026,19.76947],[-155.34752,19.77267],[-155.34307,19.77734],[-155.34367,19.78083],[-155.33837,19.78628],[-155.33681,19.79138],[-155.33856,19.79184],[-155.33915,19.79057],[-155.34204,19.78666],[-155.3424,19.78545],[-155.34376,19.78527],[-155.34601,19.78676],[-155.34899,19.78708],[-155.35,19.78777],[-155.35467,19.788],[-155.35585,19.78859],[-155.35949,19.78868],[-155.36082,19.78938],[-155.36344,19.78931],[-155.36519,19.79003],[-155.36938,19.78946],[-155.37107,19.79031],[-155.3729,19.79196],[-155.3737,19.79333],[-155.36993,19.79336],[-155.36816,19.79409],[-155.36798,19.79491],[-155.37051,19.79601],[-155.37565,19.79933],[-155.37698,19.80107],[-155.37808,19.80106],[-155.37979,19.80357],[-155.37938,19.80494],[-155.37981,19.80679],[-155.38054,19.80759],[-155.38294,19.80694],[-155.38543,19.81161],[-155.38578,19.81294],[-155.38707,19.81502],[-155.38758,19.81723],[-155.38676,19.8199],[-155.38511,19.82108],[-155.38473,19.82381],[-155.3855,19.82548],[-155.38435,19.83013],[-155.38455,19.83267],[-155.38699,19.83661],[-155.3875,19.83864],[-155.38833,19.83981],[-155.38889,19.84202],[-155.38905,19.84575],[-155.39062,19.84718],[-155.39256,19.85073],[-155.39312,19.85532],[-155.39309,19.85818],[-155.39172,19.86059],[-155.39141,19.86196],[-155.39193,19.86322],[-155.39221,19.86586],[-155.39114,19.86803],[-155.39073,19.87042],[-155.39131,19.87271],[-155.39258,19.87426],[-155.39524,19.87626],[-155.39597,19.87744],[-155.3957,19.88029],[-155.39706,19.88312],[-155.3978,19.88374],[-155.40172,19.88443],[-155.40429,19.88597],[-155.40494,19.88699],[-155.40895,19.8895],[-155.41065,19.88993],[-155.41253,19.88958],[-155.41559,19.89112],[-155.41534,19.89236],[-155.41629,19.89415],[-155.41828,19.89332],[-155.42019,19.89417],[-155.42464,19.89336],[-155.42567,19.89429],[-155.42836,19.89483],[-155.43107,19.89732],[-155.43055,19.89964],[-155.43232,19.90043],[-155.43246,19.90151],[-155.43391,19.90195],[-155.43523,19.90396],[-155.43728,19.90288],[-155.43807,19.9031],[-155.44069,19.90606],[-155.44335,19.90437],[-155.44753,19.90325],[-155.45195,19.90301],[-155.45434,19.90215],[-155.45581,19.9006],[-155.45824,19.89951],[-155.45961,19.89955],[-155.46163,19.89816],[-155.46509,19.89812],[-155.46658,19.89676],[-155.4693,19.8957],[-155.47182,19.89533],[-155.47468,19.89554],[-155.48024,19.89778],[-155.48168,19.89865],[-155.486,19.89971],[-155.48732,19.89965],[-155.48748,19.90208],[-155.48862,19.90254],[-155.49043,19.9015]]]},"properties":{"dp":"01-04","county":"HAWAII","ballottype":"CD2-H01-S04-CC2","us_house":"CD2","state_hous":"H01","state_sena":"S04","county_cou":"CC2"}},{"type":"Feature","geometry":{"type":"Polygon","coordinates":[[[-155.14255,19.65955],[-155.13658,19.66241],[-155.13537,19.66259],[-155.1276,19.66665],[-155.12601,19.6669],[-155.12284,19.66822],[-155.12025,19.66995],[-155.10925,19.67159],[-155.08893,19.67303],[-155.08916,19.67716],[-155.09044,19.69327],[-155.08127,19.69392],[-155.08148,19.69731],[-155.08068,19.69887],[-155.07719,19.70099],[-155.07951,19.7045],[-155.07516,19.70706],[-155.07262,19.70711],[-155.07262,19.71175],[-155.07501,19.71381],[-155.07447,19.71497],[-155.07327,19.71521],[-155.07313,19.71744],[-155.07408,19.71988],[-155.07072,19.72101],[-155.07012,19.72252],[-155.07031,19.7226],[-155.07096,19.7236],[-155.07915,19.72336],[-155.08254,19.72394],[-155.08499,19.7252],[-155.08719,19.7279],[-155.08651,19.72686],[-155.08833,19.72566],[-155.10046,19.71817],[-155.1023,19.71768],[-155.10413,19.71556],[-155.10701,19.71283],[-155.10926,19.70986],[-155.11094,19.707],[-155.11129,19.70378],[-155.11376,19.70233],[-155.11461,19.69927],[-155.11593,19.69834],[-155.11733,19.69658],[-155.12061,19.69455],[-155.11761,19.69496],[-155.11346,19.69331],[-155.11225,19.69451],[-155.1103,19.69268],[-155.12456,19.67425],[-155.14255,19.65955]]]},"properties":{"dp":"02-01","county":"HAWAII","ballottype":"CD2-H02-S01-CC2","us_house":"CD2","state_hous":"H02","state_sena":"S01","county_cou":"CC2"}},{"type":"Feature","geometry":{"type":"Polygon","coordinates":[[[-155.07719,19.70099],[-155.07311,19.70337],[-155.07516,19.70706],[-155.07951,19.7045],[-155.07719,19.70099]]]},"properties":{"dp":"02-02","county":"HAWAII","ballottype":"CD2-H02-S01-CC3","us_house":"CD2","state_hous":"H02","state_sena":"S01","county_cou":"CC3"}},{"type":"Feature","geometry":{"type":"Polygon","coordinates":[[[-155.13537,19.66259],[-155.13691,19.65967],[-155.14198,19.65532],[-155.14254,19.65401],[-155.15015,19.64553],[-155.1507,19.64421],[-155.15005,19.64163],[-155.14575,19.63624],[-155.1447,19.63292],[-155.14279,19.62983],[-155.13738,19.62194],[-155.13658,19.62101],[-155.12975,19.6228],[-155.12223,19.62797],[-155.11977,19.63025],[-155.1213,19.6329],[-155.12378,19.63044],[-155.12543,19.63817],[-155.12299,19.64021],[-155.12099,19.64272],[-155.1175,19.64339],[-155.11763,19.64675],[-155.11528,19.64584],[-155.11462,19.64727],[-155.11188,19.64719],[-155.10875,19.64675],[-155.10447,19.64115],[-155.09786,19.64292],[-155.09669,19.64271],[-155.09422,19.64509],[-155.09362,19.6431],[-155.08902,19.64229],[-155.08825,19.64352],[-155.08205,19.63888],[-155.07358,19.64924],[-155.06941,19.6541],[-155.06552,19.6562],[-155.06433,19.65715],[-155.06169,19.66332],[-155.06067,19.664],[-155.06296,19.66755],[-155.06401,19.67012],[-155.0645,19.67253],[-155.0651,19.67985],[-155.06582,19.6798],[-155.06618,19.68484],[-155.07344,19.68433],[-155.07395,19.69174],[-155.07463,19.6944],[-155.08127,19.69392],[-155.09044,19.69327],[-155.08916,19.67716],[-155.08893,19.67303],[-155.10925,19.67159],[-155.12025,19.66995],[-155.12284,19.66822],[-155.12601,19.6669],[-155.1276,19.66665],[-155.13537,19.66259]]]},"properties":{"dp":"02-03","county":"HAWAII","ballottype":"CD2-H02-S01-CC3","us_house":"CD2","state_hous":"H02","state_sena":"S01","county_cou":"CC3"}},{"type":"Feature","geometry":{"type":"Polygon","coordinates":[[[-155.07358,19.64924],[-155.06964,19.64606],[-155.06552,19.64233],[-155.06195,19.63798],[-155.06,19.63939],[-155.05825,19.64081],[-155.05173,19.64538],[-155.04911,19.64695],[-155.05244,19.65161],[-155.06067,19.664],[-155.06169,19.66332],[-155.06433,19.65715],[-155.06552,19.6562],[-155.06941,19.6541],[-155.07358,19.64924]]]},"properties":{"dp":"02-04","county":"HAWAII","ballottype":"CD2-H02-S01-CC5","us_house":"CD2","state_hous":"H02","state_sena":"S01","county_cou":"CC5"}},{"type":"Feature","geometry":{"type":"Polygon","coordinates":[[[-155.07262,19.70711],[-155.07004,19.70711],[-155.07003,19.72121],[-155.07012,19.72252],[-155.07072,19.72101],[-155.07408,19.71988],[-155.07313,19.71744],[-155.07327,19.71521],[-155.07447,19.71497],[-155.07501,19.71381],[-155.07262,19.71175],[-155.07262,19.70711]]]},"properties":{"dp":"03-01","county":"HAWAII","ballottype":"CD2-H03-S01-CC2","us_house":"CD2","state_hous":"H03","state_sena":"S01","county_cou":"CC2"}},{"type":"Feature","geometry":{"type":"Polygon","coordinates":[[[-155.07012,19.72252],[-155.07003,19.72121],[-155.07004,19.70711],[-155.07262,19.70711],[-155.07516,19.70706],[-155.07311,19.70337],[-155.07719,19.70099],[-155.08068,19.69887],[-155.08148,19.69731],[-155.08127,19.69392],[-155.07463,19.6944],[-155.07395,19.69174],[-155.07344,19.68433],[-155.06618,19.68484],[-155.06582,19.6798],[-155.0651,19.67985],[-155.0645,19.67253],[-155.06401,19.67012],[-155.06296,19.66755],[-155.06067,19.664],[-155.05244,19.65161],[-155.04911,19.64695],[-155.04582,19.65187],[-155.04252,19.65453],[-155.03869,19.65968],[-155.03408,19.66464],[-155.03068,19.66851],[-155.02028,19.68077],[-155.01187,19.69098],[-155.00097,19.71024],[-155.00059,19.71068],[-154.99833,19.70716],[-154.99051,19.71641],[-154.99074,19.7175],[-154.99212,19.71892],[-154.99274,19.72072],[-154.99268,19.7233],[-154.99619,19.72748],[-154.99762,19.72816],[-154.99801,19.72946],[-155.00058,19.73148],[-155.00036,19.73242],[-155.00141,19.73475],[-155.00279,19.73576],[-155.00567,19.73604],[-155.00714,19.73529],[-155.01031,19.73523],[-155.01132,19.73714],[-155.01354,19.73716],[-155.01383,19.73454],[-155.01564,19.73482],[-155.01756,19.73396],[-155.01806,19.73305],[-155.01951,19.73309],[-155.02093,19.73229],[-155.02421,19.73512],[-155.02697,19.73552],[-155.02726,19.73443],[-155.02873,19.73332],[-155.03132,19.73583],[-155.03153,19.7372],[-155.03295,19.73686],[-155.03491,19.73806],[-155.03741,19.73776],[-155.03985,19.73858],[-155.04011,19.73774],[-155.04185,19.73809],[-155.04299,19.7373],[-155.04272,19.73469],[-155.04449,19.73438],[-155.0447,19.73329],[-155.04786,19.73226],[-155.05029,19.73213],[-155.05426,19.73462],[-155.06032,19.74093],[-155.06286,19.74296],[-155.0666,19.74381],[-155.07504,19.74297],[-155.07501,19.74277],[-155.06661,19.74362],[-155.06296,19.74279],[-155.06049,19.74086],[-155.05433,19.73449],[-155.05136,19.73234],[-155.05206,19.73128],[-155.05334,19.73129],[-155.05332,19.733],[-155.05425,19.73357],[-155.05429,19.73006],[-155.05527,19.72924],[-155.05967,19.72751],[-155.06057,19.72591],[-155.06279,19.72552],[-155.06221,19.72754],[-155.06375,19.72978],[-155.06503,19.7304],[-155.0662,19.72979],[-155.06735,19.72815],[-155.06913,19.72771],[-155.07008,19.72614],[-155.07135,19.72553],[-155.07031,19.7226],[-155.07012,19.72252]]]},"properties":{"dp":"03-02","county":"HAWAII","ballottype":"CD2-H03-S01-CC3","us_house":"CD2","state_hous":"H03","state_sena":"S01","county_cou":"CC3"}},{"type":"Feature","geometry":{"type":"Polygon","coordinates":[[[-155.04911,19.64695],[-155.04507,19.64117],[-155.04121,19.63535],[-155.0403,19.6335],[-155.0398,19.63061],[-155.03984,19.62575],[-155.04144,19.62189],[-155.04461,19.61749],[-155.04356,19.61772],[-155.03981,19.61622],[-155.03831,19.61624],[-155.03605,19.61538],[-155.03267,19.61109],[-155.02982,19.61097],[-155.02881,19.60802],[-155.02783,19.6066],[-155.01801,19.59478],[-155.01445,19.58966],[-155.01032,19.58518],[-155.00402,19.58904],[-155.00179,19.59181],[-154.99828,19.59401],[-154.99511,19.59639],[-154.98787,19.60057],[-154.981,19.60496],[-154.97742,19.60708],[-154.9688,19.61256],[-154.9638,19.61615],[-154.95965,19.61843],[-154.95641,19.61977],[-154.95516,19.62096],[-154.95196,19.62263],[-154.95082,19.62291],[-154.9452,19.62119],[-154.94707,19.62312],[-154.95013,19.62391],[-154.95431,19.6245],[-154.9567,19.62304],[-154.95811,19.62282],[-154.9597,19.62331],[-154.96116,19.62455],[-154.96241,19.62657],[-154.96528,19.62837],[-154.96749,19.62911],[-154.9684,19.62886],[-154.97004,19.62998],[-154.97176,19.63027],[-154.97328,19.6321],[-154.97489,19.63238],[-154.97686,19.6345],[-154.97843,19.63547],[-154.98117,19.63883],[-154.98096,19.64003],[-154.98168,19.64278],[-154.98279,19.64375],[-154.9814,19.64494],[-154.98151,19.6489],[-154.97997,19.64971],[-154.97904,19.65218],[-154.97987,19.65412],[-154.98294,19.65823],[-154.98282,19.66057],[-154.98206,19.66448],[-154.98254,19.66692],[-154.98197,19.6689],[-154.98317,19.67233],[-154.98041,19.67668],[-154.97967,19.67975],[-154.9789,19.68526],[-154.97827,19.6876],[-154.97915,19.69008],[-154.98033,19.69168],[-154.98211,19.69306],[-154.98177,19.69554],[-154.98289,19.7001],[-154.98421,19.70333],[-154.98447,19.70558],[-154.98773,19.70915],[-154.99064,19.71571],[-154.99051,19.71641],[-154.99833,19.70716],[-155.00059,19.71068],[-155.00097,19.71024],[-155.01187,19.69098],[-155.02028,19.68077],[-155.03068,19.66851],[-155.03408,19.66464],[-155.03869,19.65968],[-155.04252,19.65453],[-155.04582,19.65187],[-155.04911,19.64695]]]},"properties":{"dp":"03-03","county":"HAWAII","ballottype":"CD2-H03-S02-CC3","us_house":"CD2","state_hous":"H03","state_sena":"S02","county_cou":"CC3"}},{"type":"Feature","geometry":{"type":"Polygon","coordinates":[[[-155.00854,19.58274],[-155.01193,19.58053],[-155.00615,19.57411],[-155.00263,19.5677],[-154.99999,19.56493],[-154.99778,19.56541],[-154.99671,19.56637],[-154.99937,19.56981],[-155.00154,19.57267],[-155.00412,19.57717],[-155.00698,19.5804],[-155.00854,19.58274]]]},"properties":{"dp":"03-04","county":"HAWAII","ballottype":"CD2-H03-S02-CC3","us_house":"CD2","state_hous":"H03","state_sena":"S02","county_cou":"CC3"}},{"type":"Feature","geometry":{"type":"Polygon","coordinates":[[[-155.04461,19.61749],[-155.04721,19.61387],[-155.04791,19.61224],[-155.04868,19.60843],[-155.05181,19.60404],[-155.05324,19.60143],[-155.05584,19.59562],[-155.05643,19.59468],[-155.06003,19.59083],[-155.06092,19.58901],[-155.0603,19.58437],[-155.06086,19.58211],[-155.06186,19.58086],[-155.05832,19.57798],[-155.0656,19.57147],[-155.0674,19.56782],[-155.0737,19.56506],[-155.07855,19.56219],[-155.08154,19.55952],[-155.08266,19.55745],[-155.08512,19.55526],[-155.08531,19.55287],[-155.08823,19.55059],[-155.08798,19.54916],[-155.08918,19.54754],[-155.09434,19.54182],[-155.09718,19.53666],[-155.09821,19.53594],[-155.09976,19.53331],[-155.10213,19.53046],[-155.10395,19.52653],[-155.10068,19.52326],[-155.07876,19.48734],[-155.06997,19.47321],[-155.06673,19.47511],[-155.02686,19.49487],[-155.01894,19.49839],[-155.00711,19.50456],[-154.99632,19.51227],[-154.98665,19.51867],[-154.98359,19.52404],[-154.98097,19.5275],[-154.97512,19.53803],[-154.97339,19.54067],[-154.97375,19.54177],[-154.97543,19.54417],[-154.98006,19.54814],[-154.98787,19.55546],[-154.99055,19.55834],[-154.99671,19.56637],[-154.99778,19.56541],[-154.99999,19.56493],[-155.00263,19.5677],[-155.00615,19.57411],[-155.01193,19.58053],[-155.00854,19.58274],[-155.01032,19.58518],[-155.01445,19.58966],[-155.01801,19.59478],[-155.02783,19.6066],[-155.02881,19.60802],[-155.02982,19.61097],[-155.03267,19.61109],[-155.03605,19.61538],[-155.03831,19.61624],[-155.03981,19.61622],[-155.04356,19.61772],[-155.04461,19.61749]]]},"properties":{"dp":"03-05","county":"HAWAII","ballottype":"CD2-H03-S02-CC5","us_house":"CD2","state_hous":"H03","state_sena":"S02","county_cou":"CC5"}},{"type":"Feature","geometry":{"type":"Polygon","coordinates":[[[-155.01032,19.58518],[-155.00854,19.58274],[-155.00698,19.5804],[-155.00412,19.57717],[-155.00154,19.57267],[-154.99937,19.56981],[-154.98996,19.58011],[-154.98537,19.58525],[-154.99828,19.59401],[-155.00179,19.59181],[-155.00402,19.58904],[-155.01032,19.58518]]]},"properties":{"dp":"04-01","county":"HAWAII","ballottype":"CD2-H04-S02-CC3","us_house":"CD2","state_hous":"H04","state_sena":"S02","county_cou":"CC3"}},{"type":"Feature","geometry":{"type":"Polygon","coordinates":[[[-154.99828,19.59401],[-154.98537,19.58525],[-154.98996,19.58011],[-154.99937,19.56981],[-154.99671,19.56637],[-154.99055,19.55834],[-154.98787,19.55546],[-154.98006,19.54814],[-154.97543,19.54417],[-154.97375,19.54177],[-154.97339,19.54067],[-154.97164,19.53293],[-154.97055,19.52718],[-154.96874,19.5229],[-154.96254,19.51275],[-154.95988,19.51016],[-154.95733,19.50648],[-154.95593,19.50531],[-154.95335,19.50457],[-154.9508,19.50308],[-154.94221,19.51007],[-154.93944,19.51301],[-154.93753,19.51447],[-154.93528,19.51569],[-154.92909,19.51783],[-154.92538,19.52096],[-154.92409,19.52165],[-154.91988,19.52267],[-154.90084,19.53644],[-154.89714,19.54009],[-154.88087,19.55376],[-154.87768,19.55547],[-154.88066,19.5556],[-154.88354,19.55673],[-154.88621,19.55936],[-154.88734,19.56],[-154.88905,19.56218],[-154.89596,19.56604],[-154.9038,19.56886],[-154.90613,19.57097],[-154.90948,19.57479],[-154.91177,19.579],[-154.91778,19.58109],[-154.92007,19.58143],[-154.92154,19.58284],[-154.92172,19.58386],[-154.92544,19.58918],[-154.92654,19.59104],[-154.92811,19.59143],[-154.93124,19.59431],[-154.93102,19.5952],[-154.93877,19.59819],[-154.94167,19.60018],[-154.94317,19.60071],[-154.94493,19.6023],[-154.94749,19.60671],[-154.94762,19.60876],[-154.94839,19.61074],[-154.94825,19.61197],[-154.9466,19.61511],[-154.94557,19.61803],[-154.94502,19.61843],[-154.9452,19.62119],[-154.95082,19.62291],[-154.95196,19.62263],[-154.95516,19.62096],[-154.95641,19.61977],[-154.95965,19.61843],[-154.9638,19.61615],[-154.9688,19.61256],[-154.97742,19.60708],[-154.981,19.60496],[-154.98787,19.60057],[-154.99511,19.59639],[-154.99828,19.59401]]]},"properties":{"dp":"04-02","county":"HAWAII","ballottype":"CD2-H04-S02-CC4","us_house":"CD2","state_hous":"H04","state_sena":"S02","county_cou":"CC4"}},{"type":"Feature","geometry":{"type":"Polygon","coordinates":[[[-155.06997,19.47321],[-155.07468,19.47092],[-155.09099,19.46188],[-155.11168,19.45069],[-155.11671,19.44841],[-155.12214,19.44542],[-155.12801,19.44407],[-155.14533,19.43942],[-155.15074,19.43816],[-155.16995,19.43327],[-155.19081,19.42809],[-155.19249,19.42758],[-155.2113,19.42197],[-155.21717,19.42011],[-155.23563,19.41803],[-155.23307,19.41563],[-155.23678,19.41455],[-155.23782,19.41364],[-155.23657,19.41149],[-155.23544,19.40767],[-155.23338,19.40356],[-155.23165,19.39834],[-155.231,19.39755],[-155.22925,19.39757],[-155.19454,19.39113],[-155.13421,19.38],[-155.12181,19.39871],[-155.08882,19.38243],[-155.05824,19.36725],[-155.0536,19.36164],[-155.04956,19.35653],[-155.0478,19.35332],[-155.04666,19.34665],[-155.04628,19.3386],[-155.04535,19.32835],[-155.03803,19.32996],[-155.0374,19.33046],[-155.03258,19.33224],[-155.02953,19.33132],[-155.02411,19.32983],[-155.02246,19.33592],[-155.02192,19.33612],[-155.01635,19.32833],[-155.01347,19.33131],[-155.01024,19.33298],[-155.00577,19.33289],[-155.00458,19.33335],[-155.00078,19.3358],[-154.99999,19.33657],[-154.99598,19.33738],[-154.99451,19.33893],[-154.98987,19.34067],[-154.9878,19.3417],[-154.98539,19.3438],[-154.98223,19.34461],[-154.97814,19.34621],[-154.97617,19.34778],[-154.9725,19.34942],[-154.97096,19.35094],[-154.96979,19.35289],[-154.96909,19.35491],[-154.96733,19.35699],[-154.96261,19.36029],[-154.96137,19.36162],[-154.95922,19.36514],[-154.95705,19.36586],[-154.95596,19.36758],[-154.95437,19.36881],[-154.95295,19.36925],[-154.94866,19.37282],[-154.94768,19.3739],[-154.94534,19.37515],[-154.94286,19.37716],[-154.93946,19.38061],[-154.93441,19.38351],[-154.9336,19.38561],[-154.93225,19.38758],[-154.93073,19.39173],[-154.92959,19.3939],[-154.92774,19.39517],[-154.92678,19.39458],[-154.92501,19.39488],[-154.92022,19.39791],[-154.91936,19.39784],[-154.91746,19.39916],[-154.91664,19.40063],[-154.91328,19.4036],[-154.90728,19.4073],[-154.9053,19.4078],[-154.90432,19.40877],[-154.90228,19.40909],[-154.89904,19.41052],[-154.89483,19.4132],[-154.89027,19.41478],[-154.88894,19.41591],[-154.88671,19.41894],[-154.88627,19.42014],[-154.8865,19.4218],[-154.88531,19.42334],[-154.88293,19.42482],[-154.87859,19.4254],[-154.87736,19.42703],[-154.87624,19.43021],[-154.87531,19.43116],[-154.87191,19.43258],[-154.86976,19.4332],[-154.86895,19.43395],[-154.86576,19.43525],[-154.86459,19.43634],[-154.86309,19.43867],[-154.85943,19.44068],[-154.85846,19.44184],[-154.85582,19.44392],[-154.85482,19.44542],[-154.85248,19.44726],[-154.84937,19.44911],[-154.8478,19.45051],[-154.84644,19.45307],[-154.84417,19.45472],[-154.84421,19.45635],[-154.84324,19.4578],[-154.8419,19.45716],[-154.84042,19.45854],[-154.83891,19.45903],[-154.83578,19.46085],[-154.83234,19.4672],[-154.83105,19.46851],[-154.83071,19.46987],[-154.82737,19.47057],[-154.82707,19.47139],[-154.82494,19.47342],[-154.82256,19.47512],[-154.82107,19.47713],[-154.81941,19.48139],[-154.81914,19.48383],[-154.81935,19.48609],[-154.81775,19.48768],[-154.81642,19.49076],[-154.81758,19.49288],[-154.81504,19.49522],[-154.81836,19.49598],[-154.81927,19.49708],[-154.81961,19.49885],[-154.81863,19.50039],[-154.81718,19.5015],[-154.81544,19.50128],[-154.81266,19.50177],[-154.81183,19.503],[-154.81113,19.50763],[-154.81159,19.50968],[-154.81077,19.51265],[-154.80831,19.51371],[-154.80693,19.51545],[-154.80662,19.51811],[-154.80681,19.51979],[-154.80946,19.52244],[-154.81027,19.52555],[-154.81217,19.52772],[-154.81361,19.52872],[-154.81617,19.52976],[-154.81797,19.53152],[-154.82029,19.53221],[-154.82401,19.5347],[-154.82595,19.53501],[-154.82982,19.53491],[-154.83442,19.53545],[-154.83616,19.5362],[-154.83943,19.53893],[-154.84432,19.54208],[-154.84733,19.54256],[-154.85009,19.54647],[-154.85337,19.54599],[-154.85764,19.54709],[-154.8634,19.54829],[-154.86587,19.54807],[-154.86709,19.54838],[-154.86979,19.55145],[-154.87076,19.55185],[-154.87222,19.5537],[-154.87457,19.55485],[-154.87768,19.55547],[-154.88087,19.55376],[-154.89714,19.54009],[-154.90084,19.53644],[-154.91988,19.52267],[-154.92409,19.52165],[-154.92538,19.52096],[-154.92909,19.51783],[-154.93528,19.51569],[-154.93753,19.51447],[-154.93944,19.51301],[-154.94221,19.51007],[-154.9508,19.50308],[-154.95335,19.50457],[-154.95593,19.50531],[-154.95733,19.50648],[-154.95988,19.51016],[-154.96254,19.51275],[-154.96874,19.5229],[-154.97055,19.52718],[-154.97164,19.53293],[-154.97339,19.54067],[-154.97512,19.53803],[-154.98097,19.5275],[-154.98359,19.52404],[-154.98665,19.51867],[-154.99632,19.51227],[-155.00711,19.50456],[-155.01894,19.49839],[-155.02686,19.49487],[-155.06673,19.47511],[-155.06997,19.47321]]]},"properties":{"dp":"04-03","county":"HAWAII","ballottype":"CD2-H04-S02-CC4","us_house":"CD2","state_hous":"H04","state_sena":"S02","county_cou":"CC4"}},{"type":"Feature","geometry":{"type":"Polygon","coordinates":[[[-155.23782,19.41364],[-155.23863,19.41547],[-155.23967,19.41451],[-155.2386,19.41336],[-155.23862,19.41119],[-155.24043,19.40831],[-155.24218,19.40961],[-155.24332,19.40888],[-155.24604,19.40848],[-155.24852,19.40849],[-155.25017,19.40778],[-155.25152,19.40606],[-155.25304,19.40535],[-155.25336,19.40343],[-155.25314,19.39856],[-155.25112,19.39425],[-155.24849,19.39084],[-155.24714,19.38948],[-155.24623,19.38772],[-155.234,19.37262],[-155.23191,19.37168],[-155.22722,19.37151],[-155.22623,19.37107],[-155.22446,19.3682],[-155.22247,19.36667],[-155.22174,19.36538],[-155.222,19.36366],[-155.2242,19.35892],[-155.22432,19.358],[-155.2227,19.35545],[-155.2215,19.35283],[-155.21947,19.35141],[-155.21845,19.34822],[-155.21733,19.3472],[-155.21371,19.3463],[-155.21269,19.3454],[-155.21135,19.34224],[-155.20868,19.34015],[-155.20772,19.33835],[-155.20674,19.33762],[-155.20399,19.3369],[-155.20259,19.33564],[-155.20131,19.33293],[-155.20046,19.33228],[-155.19574,19.33119],[-155.19294,19.32788],[-155.19143,19.32737],[-155.18826,19.32857],[-155.18545,19.3283],[-155.18297,19.32507],[-155.18218,19.32443],[-155.17915,19.32359],[-155.17665,19.32022],[-155.17234,19.31846],[-155.16898,19.31684],[-155.16744,19.3171],[-155.16504,19.31829],[-155.15978,19.31671],[-155.1547,19.31455],[-155.15057,19.31404],[-155.1454,19.31299],[-155.14113,19.31304],[-155.13707,19.31388],[-155.12909,19.31488],[-155.12842,19.31316],[-155.12932,19.3125],[-155.13266,19.31179],[-155.13605,19.3096],[-155.14072,19.30824],[-155.14297,19.30673],[-155.14433,19.30663],[-155.1471,19.30717],[-155.14829,19.30661],[-155.15118,19.30438],[-155.15381,19.30299],[-155.15495,19.30077],[-155.15428,19.29892],[-155.15025,19.29682],[-155.14869,19.29378],[-155.14671,19.29261],[-155.14427,19.29234],[-155.14134,19.29137],[-155.13729,19.29161],[-155.13332,19.29042],[-155.12983,19.2889],[-155.12179,19.28381],[-155.11928,19.28276],[-155.11717,19.28299],[-155.11587,19.28367],[-155.11258,19.28637],[-155.10521,19.29071],[-155.10056,19.29402],[-155.09825,19.29522],[-155.09389,19.297],[-155.08998,19.29924],[-155.07932,19.31055],[-155.07836,19.31203],[-155.07598,19.31472],[-155.07181,19.31802],[-155.06792,19.32045],[-155.06231,19.32293],[-155.05775,19.32424],[-155.05594,19.3241],[-155.05318,19.32224],[-155.04966,19.32144],[-155.04634,19.32218],[-155.04241,19.32478],[-155.03471,19.32806],[-155.02953,19.33132],[-155.03258,19.33224],[-155.0374,19.33046],[-155.03803,19.32996],[-155.04535,19.32835],[-155.04628,19.3386],[-155.04666,19.34665],[-155.0478,19.35332],[-155.04956,19.35653],[-155.0536,19.36164],[-155.05824,19.36725],[-155.08882,19.38243],[-155.12181,19.39871],[-155.13421,19.38],[-155.19454,19.39113],[-155.22925,19.39757],[-155.231,19.39755],[-155.23165,19.39834],[-155.23338,19.40356],[-155.23544,19.40767],[-155.23657,19.41149],[-155.23782,19.41364]]]},"properties":{"dp":"04-04","county":"HAWAII","ballottype":"CD2-H04-S02-CC6","us_house":"CD2","state_hous":"H04","state_sena":"S02","county_cou":"CC6"}},{"type":"Feature","geometry":{"type":"Polygon","coordinates":[[[-155.35698,19.59479],[-155.35615,19.59252],[-155.34827,19.57375],[-155.34175,19.5614],[-155.3413,19.56077],[-155.34022,19.55809],[-155.33307,19.5515],[-155.29958,19.51965],[-155.25824,19.54384],[-155.24999,19.54769],[-155.23372,19.55619],[-155.221,19.56223],[-155.20733,19.56447],[-155.18605,19.57452],[-155.18042,19.57713],[-155.17761,19.57862],[-155.16875,19.58216],[-155.16173,19.58516],[-155.15272,19.58976],[-155.14659,19.5926],[-155.10725,19.61991],[-155.08489,19.63569],[-155.08205,19.63888],[-155.08825,19.64352],[-155.08902,19.64229],[-155.09362,19.6431],[-155.09422,19.64509],[-155.09669,19.64271],[-155.09786,19.64292],[-155.10447,19.64115],[-155.10875,19.64675],[-155.11188,19.64719],[-155.11462,19.64727],[-155.11528,19.64584],[-155.11763,19.64675],[-155.1175,19.64339],[-155.12099,19.64272],[-155.12299,19.64021],[-155.12543,19.63817],[-155.12378,19.63044],[-155.1213,19.6329],[-155.11977,19.63025],[-155.12223,19.62797],[-155.12975,19.6228],[-155.13658,19.62101],[-155.13738,19.62194],[-155.14279,19.62983],[-155.1447,19.63292],[-155.14575,19.63624],[-155.15005,19.64163],[-155.1507,19.64421],[-155.15015,19.64553],[-155.14254,19.65401],[-155.14198,19.65532],[-155.13691,19.65967],[-155.13537,19.66259],[-155.13658,19.66241],[-155.14255,19.65955],[-155.14354,19.65894],[-155.17429,19.6535],[-155.24482,19.62699],[-155.26358,19.62012],[-155.33954,19.59227],[-155.34188,19.59126],[-155.34282,19.59162],[-155.34436,19.59479],[-155.34597,19.5966],[-155.3545,19.59633],[-155.3558,19.59596],[-155.35698,19.59479]]]},"properties":{"dp":"05-06","county":"HAWAII","ballottype":"CD2-H05-S01-CC3","us_house":"CD2","state_hous":"H05","state_sena":"S01","county_cou":"CC3"}},{"type":"Feature","geometry":{"type":"Polygon","coordinates":[[[-155.08205,19.63888],[-155.08489,19.63569],[-155.10725,19.61991],[-155.14659,19.5926],[-155.15272,19.58976],[-155.16173,19.58516],[-155.16875,19.58216],[-155.17761,19.57862],[-155.18042,19.57713],[-155.18605,19.57452],[-155.18424,19.57347],[-155.18275,19.57343],[-155.17505,19.57703],[-155.16935,19.57739],[-155.17757,19.57053],[-155.17045,19.56285],[-155.16709,19.56567],[-155.16309,19.56134],[-155.16135,19.55974],[-155.15921,19.56144],[-155.13369,19.5828],[-155.12669,19.58856],[-155.12792,19.58996],[-155.1079,19.6044],[-155.0772,19.62658],[-155.07213,19.6306],[-155.06481,19.63591],[-155.0634,19.63614],[-155.05991,19.63882],[-155.06,19.63939],[-155.06195,19.63798],[-155.06552,19.64233],[-155.06964,19.64606],[-155.07358,19.64924],[-155.08205,19.63888]]]},"properties":{"dp":"05-02","county":"HAWAII","ballottype":"CD2-H05-S01-CC5","us_house":"CD2","state_hous":"H05","state_sena":"S01","county_cou":"CC5"}},{"type":"Feature","geometry":{"type":"Polygon","coordinates":[[[-155.06,19.63939],[-155.05991,19.63882],[-155.0634,19.63614],[-155.06481,19.63591],[-155.07213,19.6306],[-155.0772,19.62658],[-155.1079,19.6044],[-155.12792,19.58996],[-155.12669,19.58856],[-155.13369,19.5828],[-155.15921,19.56144],[-155.16135,19.55974],[-155.16309,19.56134],[-155.16709,19.56567],[-155.17045,19.56285],[-155.17757,19.57053],[-155.16935,19.57739],[-155.17505,19.57703],[-155.18275,19.57343],[-155.18424,19.57347],[-155.18605,19.57452],[-155.20733,19.56447],[-155.221,19.56223],[-155.23372,19.55619],[-155.24999,19.54769],[-155.25824,19.54384],[-155.24999,19.53729],[-155.24075,19.52864],[-155.22739,19.53604],[-155.1958,19.49687],[-155.1949,19.49558],[-155.1922,19.49941],[-155.1851,19.49492],[-155.18319,19.49759],[-155.17883,19.4948],[-155.18262,19.48947],[-155.18357,19.48839],[-155.18667,19.48377],[-155.18247,19.48103],[-155.18439,19.47838],[-155.1929,19.48388],[-155.19094,19.48201],[-155.19226,19.47974],[-155.18991,19.47058],[-155.18839,19.46942],[-155.18932,19.46795],[-155.1839,19.46409],[-155.18297,19.46516],[-155.17167,19.45743],[-155.17357,19.45546],[-155.17583,19.45447],[-155.19545,19.45036],[-155.19875,19.44931],[-155.20333,19.4469],[-155.19249,19.42758],[-155.19081,19.42809],[-155.16995,19.43327],[-155.15074,19.43816],[-155.14533,19.43942],[-155.12801,19.44407],[-155.12214,19.44542],[-155.11671,19.44841],[-155.11168,19.45069],[-155.09099,19.46188],[-155.07468,19.47092],[-155.06997,19.47321],[-155.07876,19.48734],[-155.10068,19.52326],[-155.10395,19.52653],[-155.10213,19.53046],[-155.09976,19.53331],[-155.09821,19.53594],[-155.09718,19.53666],[-155.09434,19.54182],[-155.08918,19.54754],[-155.08798,19.54916],[-155.08823,19.55059],[-155.08531,19.55287],[-155.08512,19.55526],[-155.08266,19.55745],[-155.08154,19.55952],[-155.07855,19.56219],[-155.0737,19.56506],[-155.0674,19.56782],[-155.0656,19.57147],[-155.05832,19.57798],[-155.06186,19.58086],[-155.06086,19.58211],[-155.0603,19.58437],[-155.06092,19.58901],[-155.06003,19.59083],[-155.05643,19.59468],[-155.05584,19.59562],[-155.05324,19.60143],[-155.05181,19.60404],[-155.04868,19.60843],[-155.04791,19.61224],[-155.04721,19.61387],[-155.04461,19.61749],[-155.04144,19.62189],[-155.03984,19.62575],[-155.0398,19.63061],[-155.0403,19.6335],[-155.04121,19.63535],[-155.04507,19.64117],[-155.04911,19.64695],[-155.05173,19.64538],[-155.05825,19.64081],[-155.06,19.63939]]]},"properties":{"dp":"05-03","county":"HAWAII","ballottype":"CD2-H05-S02-CC5","us_house":"CD2","state_hous":"H05","state_sena":"S02","county_cou":"CC5"}},{"type":"Feature","geometry":{"type":"Polygon","coordinates":[[[-155.24075,19.52864],[-155.27217,19.51234],[-155.24351,19.46618],[-155.24765,19.46455],[-155.24174,19.45438],[-155.23375,19.45832],[-155.22088,19.43743],[-155.21712,19.44004],[-155.206,19.44548],[-155.20333,19.4469],[-155.19875,19.44931],[-155.19545,19.45036],[-155.17583,19.45447],[-155.17357,19.45546],[-155.17167,19.45743],[-155.18297,19.46516],[-155.1839,19.46409],[-155.18932,19.46795],[-155.18839,19.46942],[-155.18991,19.47058],[-155.19226,19.47974],[-155.19094,19.48201],[-155.1929,19.48388],[-155.18439,19.47838],[-155.18247,19.48103],[-155.18667,19.48377],[-155.18357,19.48839],[-155.18262,19.48947],[-155.17883,19.4948],[-155.18319,19.49759],[-155.1851,19.49492],[-155.1922,19.49941],[-155.1949,19.49558],[-155.1958,19.49687],[-155.22739,19.53604],[-155.24075,19.52864]]]},"properties":{"dp":"05-04","county":"HAWAII","ballottype":"CD2-H05-S03-CC5","us_house":"CD2","state_hous":"H05","state_sena":"S03","county_cou":"CC5"}},{"type":"Feature","geometry":{"type":"Polygon","coordinates":[[[-155.19249,19.42758],[-155.20333,19.4469],[-155.206,19.44548],[-155.21712,19.44004],[-155.22088,19.43743],[-155.23369,19.42613],[-155.23681,19.42403],[-155.23858,19.42341],[-155.24291,19.4225],[-155.24251,19.42176],[-155.23936,19.42271],[-155.23921,19.42078],[-155.23563,19.41803],[-155.21717,19.42011],[-155.2113,19.42197],[-155.19249,19.42758]]]},"properties":{"dp":"05-05","county":"HAWAII","ballottype":"CD2-H05-S02-CC6","us_house":"CD2","state_hous":"H05","state_sena":"S02","county_cou":"CC6"}},{"type":"Feature","geometry":{"type":"Polygon","coordinates":[[[-155.02953,19.33132],[-155.03471,19.32806],[-155.04241,19.32478],[-155.04634,19.32218],[-155.04966,19.32144],[-155.05318,19.32224],[-155.05594,19.3241],[-155.05775,19.32424],[-155.06231,19.32293],[-155.06792,19.32045],[-155.07181,19.31802],[-155.07598,19.31472],[-155.07836,19.31203],[-155.07932,19.31055],[-155.08998,19.29924],[-155.09389,19.297],[-155.09825,19.29522],[-155.10056,19.29402],[-155.10521,19.29071],[-155.11258,19.28637],[-155.11587,19.28367],[-155.11717,19.28299],[-155.11928,19.28276],[-155.12179,19.28381],[-155.12983,19.2889],[-155.13332,19.29042],[-155.13729,19.29161],[-155.14134,19.29137],[-155.14427,19.29234],[-155.14671,19.29261],[-155.14869,19.29378],[-155.15025,19.29682],[-155.15428,19.29892],[-155.15495,19.30077],[-155.15381,19.30299],[-155.15118,19.30438],[-155.14829,19.30661],[-155.1471,19.30717],[-155.14433,19.30663],[-155.14297,19.30673],[-155.14072,19.30824],[-155.13605,19.3096],[-155.13266,19.31179],[-155.12932,19.3125],[-155.12842,19.31316],[-155.12909,19.31488],[-155.13707,19.31388],[-155.14113,19.31304],[-155.1454,19.31299],[-155.15057,19.31404],[-155.1547,19.31455],[-155.15978,19.31671],[-155.16504,19.31829],[-155.16744,19.3171],[-155.16898,19.31684],[-155.17234,19.31846],[-155.17665,19.32022],[-155.17915,19.32359],[-155.18218,19.32443],[-155.18297,19.32507],[-155.18545,19.3283],[-155.18826,19.32857],[-155.19143,19.32737],[-155.19294,19.32788],[-155.19574,19.33119],[-155.20046,19.33228],[-155.20131,19.33293],[-155.20259,19.33564],[-155.20399,19.3369],[-155.20674,19.33762],[-155.20772,19.33835],[-155.20868,19.34015],[-155.21135,19.34224],[-155.21269,19.3454],[-155.21371,19.3463],[-155.21733,19.3472],[-155.21845,19.34822],[-155.21947,19.35141],[-155.2215,19.35283],[-155.2227,19.35545],[-155.22432,19.358],[-155.2242,19.35892],[-155.222,19.36366],[-155.22174,19.36538],[-155.22247,19.36667],[-155.22446,19.3682],[-155.22623,19.37107],[-155.22722,19.37151],[-155.23191,19.37168],[-155.234,19.37262],[-155.24623,19.38772],[-155.24714,19.38948],[-155.24849,19.39084],[-155.25112,19.39425],[-155.25314,19.39856],[-155.25336,19.40343],[-155.25304,19.40535],[-155.25152,19.40606],[-155.25017,19.40778],[-155.24852,19.40849],[-155.24604,19.40848],[-155.24332,19.40888],[-155.24218,19.40961],[-155.24043,19.40831],[-155.23862,19.41119],[-155.2386,19.41336],[-155.23967,19.41451],[-155.23863,19.41547],[-155.23782,19.41364],[-155.23678,19.41455],[-155.23307,19.41563],[-155.23563,19.41803],[-155.23921,19.42078],[-155.23936,19.42271],[-155.24251,19.42176],[-155.24291,19.4225],[-155.23858,19.42341],[-155.23681,19.42403],[-155.23369,19.42613],[-155.22088,19.43743],[-155.23375,19.45832],[-155.24174,19.45438],[-155.24765,19.46455],[-155.24351,19.46618],[-155.27217,19.51234],[-155.24075,19.52864],[-155.24999,19.53729],[-155.25824,19.54384],[-155.29958,19.51965],[-155.33307,19.5515],[-155.34022,19.55809],[-155.3413,19.56077],[-155.34198,19.53955],[-155.34172,19.53535],[-155.34413,19.52938],[-155.34268,19.52573],[-155.34392,19.49985],[-155.34409,19.4933],[-155.34385,19.49282],[-155.34455,19.47295],[-155.34412,19.4713],[-155.34474,19.47024],[-155.34249,19.46843],[-155.34207,19.46552],[-155.34237,19.46484],[-155.37499,19.49347],[-155.38209,19.50001],[-155.38099,19.50001],[-155.42711,19.5345],[-155.43009,19.53536],[-155.48147,19.54759],[-155.49721,19.53828],[-155.51641,19.52683],[-155.55512,19.504],[-155.55573,19.50389],[-155.56048,19.50629],[-155.59615,19.52426],[-155.59944,19.51839],[-155.61146,19.49695],[-155.63907,19.44787],[-155.64453,19.44576],[-155.68531,19.43109],[-155.74574,19.40927],[-155.74825,19.40741],[-155.75284,19.40699],[-155.75374,19.4066],[-155.77253,19.44645],[-155.77372,19.45214],[-155.78906,19.47661],[-155.79226,19.47872],[-155.79833,19.48745],[-155.78498,19.48458],[-155.77154,19.4855],[-155.76378,19.49571],[-155.76206,19.50296],[-155.76597,19.50249],[-155.76813,19.50296],[-155.77028,19.50142],[-155.77238,19.50125],[-155.77407,19.49873],[-155.77581,19.49817],[-155.77786,19.4982],[-155.77963,19.49681],[-155.78138,19.49787],[-155.78358,19.50021],[-155.78466,19.50301],[-155.78646,19.50419],[-155.79224,19.50474],[-155.79393,19.50629],[-155.79684,19.50611],[-155.79969,19.50735],[-155.80381,19.50737],[-155.80545,19.50852],[-155.80604,19.50992],[-155.80959,19.51358],[-155.81353,19.51546],[-155.81684,19.5163],[-155.82117,19.51499],[-155.8227,19.51521],[-155.82776,19.51406],[-155.82937,19.51252],[-155.83298,19.51024],[-155.83677,19.50846],[-155.83747,19.51164],[-155.83663,19.51463],[-155.83543,19.51696],[-155.83372,19.52295],[-155.83271,19.52533],[-155.83338,19.52596],[-155.84306,19.52632],[-155.84603,19.52548],[-155.84717,19.52394],[-155.84842,19.52348],[-155.85298,19.5233],[-155.85434,19.52271],[-155.85684,19.52163],[-155.86133,19.5206],[-155.86325,19.5206],[-155.86489,19.51993],[-155.86847,19.51921],[-155.87177,19.51905],[-155.87474,19.51782],[-155.87694,19.51651],[-155.88434,19.51506],[-155.8862,19.5151],[-155.89391,19.51162],[-155.89632,19.51125],[-155.89938,19.51236],[-155.9008,19.51177],[-155.90082,19.51338],[-155.9037,19.51328],[-155.91187,19.51095],[-155.91232,19.51027],[-155.91865,19.50852],[-155.92,19.5085],[-155.92041,19.50457],[-155.9203,19.50151],[-155.91892,19.49768],[-155.9183,19.49343],[-155.91547,19.49242],[-155.91207,19.49],[-155.90589,19.48643],[-155.89428,19.47834],[-155.8908,19.47359],[-155.88734,19.46816],[-155.88508,19.46612],[-155.88145,19.46157],[-155.88,19.4578],[-155.87965,19.45608],[-155.87982,19.43978],[-155.88089,19.43707],[-155.88135,19.43203],[-155.88036,19.42902],[-155.88004,19.42513],[-155.88149,19.42082],[-155.88172,19.41794],[-155.88396,19.42113],[-155.88493,19.42422],[-155.88901,19.43224],[-155.8918,19.43113],[-155.89248,19.42932],[-155.89473,19.4284],[-155.89613,19.4225],[-155.897,19.42146],[-155.89891,19.42173],[-155.90062,19.42386],[-155.90203,19.42483],[-155.90444,19.42509],[-155.90673,19.42425],[-155.91015,19.42393],[-155.91002,19.42219],[-155.91364,19.42151],[-155.91434,19.42042],[-155.91267,19.41902],[-155.91245,19.41765],[-155.90996,19.41587],[-155.90717,19.4153],[-155.90627,19.41402],[-155.90618,19.41216],[-155.90487,19.41032],[-155.90539,19.40879],[-155.90653,19.4078],[-155.90647,19.40569],[-155.90712,19.40417],[-155.90809,19.40366],[-155.90871,19.4021],[-155.90988,19.4011],[-155.91103,19.39851],[-155.9108,19.39673],[-155.90954,19.39515],[-155.90917,19.39366],[-155.90793,19.39243],[-155.90746,19.39101],[-155.90604,19.3895],[-155.90412,19.38849],[-155.902,19.38645],[-155.90131,19.38386],[-155.90148,19.38206],[-155.90092,19.38068],[-155.89977,19.37967],[-155.89715,19.37909],[-155.8955,19.37649],[-155.8954,19.37566],[-155.89686,19.37361],[-155.89614,19.37218],[-155.89736,19.37061],[-155.8951,19.3691],[-155.89373,19.36564],[-155.892,19.36362],[-155.89054,19.35943],[-155.8909,19.35815],[-155.89049,19.35542],[-155.88897,19.35376],[-155.88947,19.35242],[-155.88914,19.35119],[-155.88579,19.34475],[-155.88603,19.34035],[-155.88533,19.33966],[-155.88466,19.33417],[-155.8841,19.33266],[-155.88561,19.33093],[-155.88512,19.3296],[-155.88555,19.3279],[-155.88802,19.32561],[-155.88955,19.32495],[-155.88999,19.32193],[-155.89056,19.32097],[-155.89066,19.31854],[-155.8896,19.31737],[-155.88905,19.31447],[-155.88744,19.31312],[-155.88826,19.31191],[-155.88737,19.31122],[-155.88709,19.30984],[-155.88784,19.30891],[-155.88776,19.30475],[-155.88926,19.30288],[-155.88967,19.29943],[-155.88888,19.29919],[-155.88808,19.29587],[-155.88835,19.29422],[-155.88946,19.2934],[-155.88958,19.29062],[-155.88872,19.28859],[-155.89089,19.28559],[-155.89157,19.28218],[-155.89153,19.28042],[-155.89236,19.27922],[-155.89142,19.27857],[-155.89161,19.27534],[-155.89231,19.27433],[-155.89245,19.27169],[-155.89295,19.2713],[-155.89361,19.26847],[-155.89539,19.26499],[-155.89632,19.26151],[-155.8989,19.25778],[-155.89955,19.25573],[-155.89922,19.25339],[-155.9,19.24892],[-155.90059,19.24713],[-155.89939,19.24479],[-155.89884,19.24264],[-155.89733,19.23983],[-155.90053,19.23393],[-155.90108,19.23038],[-155.90206,19.22765],[-155.90227,19.22394],[-155.90181,19.22061],[-155.90053,19.21844],[-155.90119,19.21763],[-155.90125,19.21519],[-155.89997,19.21458],[-155.90008,19.2136],[-155.89859,19.2119],[-155.89931,19.20961],[-155.90157,19.20848],[-155.90292,19.20637],[-155.90634,19.20222],[-155.90555,19.19918],[-155.90543,19.1971],[-155.90692,19.19576],[-155.90591,19.19451],[-155.90599,19.19179],[-155.90721,19.19121],[-155.90664,19.19007],[-155.90842,19.18673],[-155.90816,19.18202],[-155.90863,19.18131],[-155.90801,19.179],[-155.90854,19.17772],[-155.90792,19.17607],[-155.9081,19.17453],[-155.90944,19.17381],[-155.90862,19.16859],[-155.91065,19.1673],[-155.91245,19.16494],[-155.91319,19.16139],[-155.91417,19.15973],[-155.91555,19.15838],[-155.91516,19.15744],[-155.91626,19.15481],[-155.91472,19.15239],[-155.91149,19.14661],[-155.91106,19.14461],[-155.91132,19.14203],[-155.91241,19.14099],[-155.91388,19.14053],[-155.9151,19.13694],[-155.91609,19.13569],[-155.91808,19.1349],[-155.91822,19.13362],[-155.91704,19.13112],[-155.91715,19.12727],[-155.91828,19.12356],[-155.91798,19.12021],[-155.91876,19.11904],[-155.91801,19.11598],[-155.9183,19.11454],[-155.91731,19.1137],[-155.91536,19.10511],[-155.91393,19.10303],[-155.91318,19.10021],[-155.91172,19.09853],[-155.90991,19.09285],[-155.91002,19.09082],[-155.90928,19.08801],[-155.9086,19.08751],[-155.90852,19.08579],[-155.90765,19.08508],[-155.90779,19.0831],[-155.90584,19.07816],[-155.90477,19.07793],[-155.90049,19.07343],[-155.89857,19.07163],[-155.89607,19.07043],[-155.89396,19.06754],[-155.8937,19.06655],[-155.89226,19.06565],[-155.89222,19.06366],[-155.89134,19.06279],[-155.89103,19.06131],[-155.88969,19.05899],[-155.88742,19.05745],[-155.88575,19.05573],[-155.88588,19.05484],[-155.88359,19.05273],[-155.8817,19.0474],[-155.88138,19.04258],[-155.88175,19.03891],[-155.88118,19.03592],[-155.88015,19.03582],[-155.879,19.03385],[-155.87804,19.03403],[-155.87387,19.03343],[-155.87081,19.03108],[-155.86912,19.03118],[-155.86821,19.03023],[-155.86426,19.02867],[-155.86168,19.02587],[-155.86089,19.02455],[-155.85791,19.02373],[-155.85683,19.02274],[-155.85599,19.02349],[-155.85214,19.02195],[-155.85025,19.01934],[-155.84779,19.01931],[-155.84699,19.01989],[-155.84471,19.01933],[-155.84366,19.02035],[-155.84228,19.02062],[-155.84124,19.01941],[-155.83922,19.01906],[-155.83787,19.01821],[-155.83598,19.01778],[-155.83435,19.01868],[-155.83347,19.01818],[-155.83173,19.01891],[-155.83069,19.01867],[-155.82912,19.01714],[-155.82686,19.01597],[-155.82173,19.01508],[-155.81962,19.01346],[-155.81877,19.01368],[-155.8171,19.01223],[-155.81353,19.01267],[-155.81128,19.01225],[-155.80958,19.01082],[-155.80718,19.01021],[-155.80604,19.01122],[-155.8039,19.01123],[-155.80201,19.01001],[-155.79537,19.00497],[-155.79373,19.00246],[-155.79242,19.00183],[-155.79061,18.99981],[-155.7881,18.99857],[-155.78697,18.99849],[-155.78434,18.99725],[-155.77797,18.99203],[-155.77763,18.99089],[-155.77557,18.98994],[-155.77457,18.99],[-155.77309,18.98827],[-155.77139,18.98787],[-155.7689,18.98578],[-155.76627,18.98466],[-155.7645,18.98343],[-155.76278,18.98306],[-155.76246,18.98203],[-155.7609,18.98045],[-155.76113,18.97934],[-155.76019,18.97773],[-155.75756,18.97683],[-155.75612,18.97687],[-155.7538,18.9753],[-155.75276,18.97516],[-155.75082,18.97392],[-155.7492,18.97372],[-155.7429,18.97113],[-155.7413,18.97015],[-155.73804,18.97056],[-155.73646,18.96964],[-155.73461,18.97047],[-155.73259,18.9696],[-155.73129,18.96964],[-155.72943,18.96877],[-155.72952,18.96764],[-155.72585,18.96635],[-155.72334,18.9665],[-155.71956,18.9628],[-155.71921,18.96102],[-155.71627,18.96076],[-155.71367,18.9596],[-155.70653,18.95365],[-155.70589,18.95046],[-155.70272,18.94765],[-155.70048,18.94686],[-155.6991,18.94727],[-155.69721,18.94672],[-155.69557,18.94562],[-155.69549,18.94433],[-155.69298,18.94299],[-155.69231,18.94201],[-155.68769,18.9392],[-155.6867,18.93792],[-155.68432,18.93339],[-155.68271,18.92823],[-155.68252,18.92614],[-155.68297,18.92334],[-155.68423,18.92074],[-155.68456,18.9186],[-155.68327,18.91668],[-155.68263,18.91192],[-155.68078,18.91069],[-155.67943,18.91134],[-155.67741,18.91108],[-155.67663,18.91233],[-155.6744,18.91203],[-155.67309,18.91232],[-155.67255,18.91368],[-155.67067,18.9152],[-155.66766,18.91697],[-155.66657,18.91647],[-155.66446,18.91671],[-155.66376,18.91741],[-155.66391,18.91967],[-155.66168,18.91971],[-155.66006,18.92085],[-155.65696,18.921],[-155.65447,18.92298],[-155.65426,18.92489],[-155.65121,18.92576],[-155.64926,18.92787],[-155.64926,18.92893],[-155.6479,18.92941],[-155.64622,18.9325],[-155.64585,18.93429],[-155.64661,18.93596],[-155.64465,18.93565],[-155.64306,18.9349],[-155.64087,18.93615],[-155.63804,18.9363],[-155.63561,18.93851],[-155.63499,18.93972],[-155.63337,18.94078],[-155.63246,18.94259],[-155.63185,18.94591],[-155.63056,18.94728],[-155.62813,18.94812],[-155.6271,18.95126],[-155.6261,18.95191],[-155.6251,18.95416],[-155.62222,18.95716],[-155.62294,18.95976],[-155.62282,18.96215],[-155.62213,18.96223],[-155.62067,18.96454],[-155.62117,18.96581],[-155.61999,18.96749],[-155.62002,18.96836],[-155.61755,18.97012],[-155.61586,18.96839],[-155.61379,18.96956],[-155.61105,18.96848],[-155.61115,18.96728],[-155.61035,18.96602],[-155.60925,18.96603],[-155.60601,18.96894],[-155.60328,18.96801],[-155.60163,18.96805],[-155.59897,18.97014],[-155.5986,18.97444],[-155.59694,18.97572],[-155.59561,18.97507],[-155.59378,18.97738],[-155.59341,18.98046],[-155.59413,18.98116],[-155.59325,18.98386],[-155.59332,18.98623],[-155.59388,18.98983],[-155.59363,18.99303],[-155.59394,18.99422],[-155.59333,18.99579],[-155.59154,18.99715],[-155.59056,18.9989],[-155.58835,19.00028],[-155.58716,19.00154],[-155.58663,19.00298],[-155.58419,19.00479],[-155.58438,19.00582],[-155.58336,19.00685],[-155.58154,19.01425],[-155.58062,19.01527],[-155.57955,19.01879],[-155.57761,19.02004],[-155.57662,19.02221],[-155.57408,19.0236],[-155.57347,19.02468],[-155.56764,19.02663],[-155.56374,19.02956],[-155.56221,19.03126],[-155.56064,19.03375],[-155.55975,19.03578],[-155.55782,19.03853],[-155.55648,19.04135],[-155.5546,19.04381],[-155.55321,19.0475],[-155.55373,19.04972],[-155.55267,19.05135],[-155.5522,19.05479],[-155.55362,19.05742],[-155.55258,19.05955],[-155.55373,19.06129],[-155.55277,19.06328],[-155.55317,19.06727],[-155.55409,19.06905],[-155.55408,19.0712],[-155.55313,19.07173],[-155.55379,19.07436],[-155.55335,19.07579],[-155.55464,19.07605],[-155.55526,19.07726],[-155.55526,19.07926],[-155.55313,19.08043],[-155.55053,19.08427],[-155.54863,19.08608],[-155.54672,19.08539],[-155.54375,19.08544],[-155.54241,19.08678],[-155.54175,19.09044],[-155.53977,19.09202],[-155.53908,19.09351],[-155.53749,19.0944],[-155.53589,19.09837],[-155.53446,19.09928],[-155.53442,19.10177],[-155.53254,19.1027],[-155.5315,19.10505],[-155.52973,19.10525],[-155.52858,19.10748],[-155.52538,19.11189],[-155.52249,19.11342],[-155.52089,19.11302],[-155.51871,19.11399],[-155.51596,19.11565],[-155.51535,19.11836],[-155.51391,19.11904],[-155.51212,19.11922],[-155.51181,19.1206],[-155.50966,19.12163],[-155.50969,19.12581],[-155.51092,19.12747],[-155.50929,19.13008],[-155.50738,19.13139],[-155.50521,19.1323],[-155.50166,19.13471],[-155.50049,19.13451],[-155.49675,19.13571],[-155.49491,19.1388],[-155.49034,19.13742],[-155.4851,19.13779],[-155.48287,19.13925],[-155.47936,19.14023],[-155.47672,19.14208],[-155.47109,19.14423],[-155.46845,19.14477],[-155.4673,19.1444],[-155.46567,19.1448],[-155.46355,19.14376],[-155.46177,19.14454],[-155.45661,19.14605],[-155.45398,19.14707],[-155.44947,19.14977],[-155.44823,19.15182],[-155.4462,19.15213],[-155.44525,19.1534],[-155.44506,19.15503],[-155.44289,19.15812],[-155.43618,19.16227],[-155.4354,19.16332],[-155.43344,19.16429],[-155.43221,19.16636],[-155.4303,19.16692],[-155.42774,19.1699],[-155.42644,19.1725],[-155.42594,19.1743],[-155.42335,19.17719],[-155.41945,19.1793],[-155.41685,19.18145],[-155.4146,19.18483],[-155.41219,19.18449],[-155.4115,19.18514],[-155.40905,19.18595],[-155.40668,19.18739],[-155.40157,19.18725],[-155.39876,19.18856],[-155.3987,19.18918],[-155.39602,19.19143],[-155.39421,19.19457],[-155.39184,19.19558],[-155.38946,19.19744],[-155.38613,19.19864],[-155.38427,19.19897],[-155.383,19.19863],[-155.37794,19.1993],[-155.37534,19.19945],[-155.37329,19.20059],[-155.37144,19.20048],[-155.36703,19.2026],[-155.36196,19.20434],[-155.35958,19.20547],[-155.35827,19.20567],[-155.35733,19.20708],[-155.35476,19.20843],[-155.35314,19.21055],[-155.35049,19.21226],[-155.34877,19.21232],[-155.34747,19.21442],[-155.34654,19.2148],[-155.34613,19.21734],[-155.34412,19.21872],[-155.34328,19.22253],[-155.34243,19.22481],[-155.34138,19.22505],[-155.34098,19.22654],[-155.33868,19.22952],[-155.33886,19.23038],[-155.33715,19.23221],[-155.33416,19.23484],[-155.3321,19.23572],[-155.32993,19.23719],[-155.32594,19.23851],[-155.32532,19.23918],[-155.32052,19.24088],[-155.31936,19.24096],[-155.31628,19.24249],[-155.3132,19.24598],[-155.30982,19.24844],[-155.30808,19.25032],[-155.30648,19.25299],[-155.30462,19.25534],[-155.30183,19.25752],[-155.30131,19.25876],[-155.29858,19.26004],[-155.29423,19.26312],[-155.28946,19.26386],[-155.28771,19.26358],[-155.28535,19.26538],[-155.28296,19.26613],[-155.2783,19.26678],[-155.27547,19.26554],[-155.27293,19.26769],[-155.26875,19.26833],[-155.26406,19.2701],[-155.26252,19.27121],[-155.26045,19.27117],[-155.25845,19.26919],[-155.25625,19.26973],[-155.25533,19.27058],[-155.25235,19.26941],[-155.24961,19.26778],[-155.24727,19.26773],[-155.24262,19.26877],[-155.23907,19.26695],[-155.23411,19.26647],[-155.23441,19.26556],[-155.23217,19.26288],[-155.22847,19.26206],[-155.22546,19.26037],[-155.2238,19.26022],[-155.22295,19.26095],[-155.21982,19.26017],[-155.21929,19.25926],[-155.21668,19.25973],[-155.21415,19.25836],[-155.2131,19.25851],[-155.20776,19.25647],[-155.20581,19.2573],[-155.20289,19.25799],[-155.199,19.25765],[-155.19695,19.25848],[-155.19373,19.2582],[-155.19271,19.25592],[-155.19132,19.25671],[-155.19029,19.25809],[-155.1899,19.25987],[-155.18899,19.26105],[-155.18739,19.26205],[-155.18386,19.26349],[-155.18054,19.26392],[-155.17486,19.26409],[-155.17229,19.26483],[-155.17033,19.26603],[-155.16634,19.26574],[-155.16519,19.26523],[-155.16129,19.26516],[-155.15839,19.26591],[-155.15709,19.26528],[-155.15258,19.26683],[-155.15039,19.26792],[-155.1489,19.26955],[-155.1468,19.27],[-155.14518,19.27097],[-155.144,19.27269],[-155.14039,19.27422],[-155.13652,19.27387],[-155.13488,19.27317],[-155.13116,19.2732],[-155.12886,19.2748],[-155.12317,19.2772],[-155.12054,19.27939],[-155.11834,19.28049],[-155.11615,19.28208],[-155.11491,19.28381],[-155.1129,19.2856],[-155.11035,19.28733],[-155.10855,19.28793],[-155.10497,19.29037],[-155.1014,19.29308],[-155.09946,19.29378],[-155.09737,19.29522],[-155.09302,19.29616],[-155.09011,19.29764],[-155.08852,19.29762],[-155.08631,19.29964],[-155.08233,19.30258],[-155.07937,19.30615],[-155.07707,19.30696],[-155.0741,19.30885],[-155.07217,19.31114],[-155.07047,19.31176],[-155.06684,19.31084],[-155.06297,19.31126],[-155.06185,19.31209],[-155.05868,19.31217],[-155.0564,19.31284],[-155.05505,19.31261],[-155.04858,19.31429],[-155.04682,19.31624],[-155.04197,19.3199],[-155.03981,19.32088],[-155.03557,19.32184],[-155.03385,19.32197],[-155.02924,19.3238],[-155.02712,19.32403],[-155.02448,19.32494],[-155.02229,19.32653],[-155.0207,19.32721],[-155.01732,19.32784],[-155.01635,19.32833],[-155.02192,19.33612],[-155.02246,19.33592],[-155.02411,19.32983],[-155.02953,19.33132]]]},"properties":{"dp":"05-01","county":"HAWAII","ballottype":"CD2-H05-S03-CC6","us_house":"CD2","state_hous":"H05","state_sena":"S03","county_cou":"CC6"}},{"type":"Feature","geometry":{"type":"Polygon","coordinates":[[[-155.59944,19.51839],[-155.60298,19.52054],[-155.61745,19.53145],[-155.62499,19.54545],[-155.62572,19.54461],[-155.62865,19.5498],[-155.62912,19.5516],[-155.63057,19.55372],[-155.63165,19.55801],[-155.6331,19.56096],[-155.6343,19.56093],[-155.63504,19.5637],[-155.63512,19.5658],[-155.63465,19.56656],[-155.63508,19.56825],[-155.63607,19.56986],[-155.63549,19.57229],[-155.63606,19.57401],[-155.63915,19.57548],[-155.64095,19.57775],[-155.64368,19.5795],[-155.64705,19.58058],[-155.64946,19.58199],[-155.65353,19.58549],[-155.65522,19.58938],[-155.65752,19.59325],[-155.6588,19.59494],[-155.65978,19.59496],[-155.66133,19.59679],[-155.66431,19.59953],[-155.66587,19.60132],[-155.6699,19.603],[-155.67106,19.60487],[-155.67298,19.60564],[-155.67444,19.60944],[-155.67629,19.61306],[-155.67745,19.61622],[-155.67866,19.61654],[-155.67992,19.61838],[-155.68117,19.62107],[-155.68303,19.62343],[-155.68496,19.627],[-155.68639,19.62785],[-155.68976,19.62877],[-155.69089,19.62974],[-155.6933,19.63065],[-155.69587,19.63081],[-155.69701,19.6298],[-155.69864,19.63022],[-155.70052,19.62952],[-155.70181,19.6305],[-155.70353,19.6302],[-155.70535,19.63103],[-155.70618,19.63362],[-155.7069,19.63463],[-155.70819,19.63358],[-155.71007,19.63785],[-155.71155,19.63784],[-155.71319,19.63991],[-155.71517,19.64059],[-155.71669,19.64373],[-155.71726,19.64699],[-155.71822,19.64909],[-155.7182,19.65082],[-155.71952,19.65282],[-155.71913,19.65471],[-155.71956,19.65724],[-155.7211,19.66053],[-155.72335,19.66299],[-155.72581,19.66434],[-155.7253,19.66678],[-155.72631,19.66842],[-155.73311,19.67099],[-155.73467,19.67085],[-155.73605,19.66912],[-155.73853,19.66842],[-155.7394,19.66704],[-155.74099,19.6657],[-155.74409,19.66438],[-155.7444,19.66307],[-155.74558,19.66263],[-155.74717,19.66061],[-155.752,19.65978],[-155.75339,19.65925],[-155.75391,19.65736],[-155.75494,19.65589],[-155.75669,19.65516],[-155.75884,19.65267],[-155.76083,19.65159],[-155.76171,19.64994],[-155.76518,19.64673],[-155.76615,19.64635],[-155.76718,19.64472],[-155.77355,19.6434],[-155.77813,19.64076],[-155.77901,19.64066],[-155.78287,19.63718],[-155.78052,19.6337],[-155.77973,19.63199],[-155.77921,19.62959],[-155.77937,19.62811],[-155.78061,19.62565],[-155.78293,19.61895],[-155.78411,19.6175],[-155.7848,19.61443],[-155.78532,19.61363],[-155.78998,19.60998],[-155.79239,19.60832],[-155.79333,19.60724],[-155.7926,19.60414],[-155.79372,19.60047],[-155.793,19.59769],[-155.79359,19.59573],[-155.79493,19.59412],[-155.79524,19.59249],[-155.79469,19.59048],[-155.79585,19.58788],[-155.79893,19.58734],[-155.79963,19.58539],[-155.80147,19.58478],[-155.80265,19.58293],[-155.80223,19.58141],[-155.80201,19.57785],[-155.80131,19.57575],[-155.80155,19.57323],[-155.80104,19.56982],[-155.7996,19.56254],[-155.79989,19.55835],[-155.79835,19.55504],[-155.79948,19.55425],[-155.80658,19.53918],[-155.81042,19.53909],[-155.8145,19.53777],[-155.81963,19.5366],[-155.8243,19.5371],[-155.82767,19.53815],[-155.83556,19.53861],[-155.83487,19.53639],[-155.83542,19.53268],[-155.83535,19.53002],[-155.8346,19.52707],[-155.83338,19.52596],[-155.83271,19.52533],[-155.83372,19.52295],[-155.83543,19.51696],[-155.83663,19.51463],[-155.83747,19.51164],[-155.83677,19.50846],[-155.83298,19.51024],[-155.82937,19.51252],[-155.82776,19.51406],[-155.8227,19.51521],[-155.82117,19.51499],[-155.81684,19.5163],[-155.81353,19.51546],[-155.80959,19.51358],[-155.80604,19.50992],[-155.80545,19.50852],[-155.80381,19.50737],[-155.79969,19.50735],[-155.79684,19.50611],[-155.79393,19.50629],[-155.79224,19.50474],[-155.78646,19.50419],[-155.78466,19.50301],[-155.78358,19.50021],[-155.78138,19.49787],[-155.77963,19.49681],[-155.77786,19.4982],[-155.77581,19.49817],[-155.77407,19.49873],[-155.77238,19.50125],[-155.77028,19.50142],[-155.76813,19.50296],[-155.76597,19.50249],[-155.76206,19.50296],[-155.76378,19.49571],[-155.77154,19.4855],[-155.78498,19.48458],[-155.79833,19.48745],[-155.79226,19.47872],[-155.78906,19.47661],[-155.77372,19.45214],[-155.77253,19.44645],[-155.75374,19.4066],[-155.75284,19.40699],[-155.74825,19.40741],[-155.74574,19.40927],[-155.68531,19.43109],[-155.64453,19.44576],[-155.63907,19.44787],[-155.61146,19.49695],[-155.59944,19.51839]]]},"properties":{"dp":"05-07","county":"HAWAII","ballottype":"CD2-H05-S03-CC7","us_house":"CD2","state_hous":"H05","state_sena":"S03","county_cou":"CC7"}},{"type":"Feature","geometry":{"type":"Polygon","coordinates":[[[-155.56048,19.50629],[-155.5573,19.50766],[-155.54751,19.54405],[-155.5456,19.55026],[-155.53694,19.58046],[-155.52446,19.62444],[-155.52251,19.63149],[-155.51165,19.66242],[-155.53129,19.66067],[-155.53802,19.66462],[-155.54382,19.66079],[-155.5646,19.65852],[-155.56406,19.64984],[-155.64314,19.64482],[-155.66981,19.64313],[-155.67186,19.64312],[-155.67194,19.64432],[-155.69127,19.65543],[-155.69469,19.6563],[-155.69528,19.65762],[-155.69743,19.65777],[-155.6979,19.65891],[-155.70232,19.66125],[-155.70238,19.66228],[-155.70406,19.66327],[-155.70543,19.66474],[-155.70849,19.66581],[-155.71243,19.66454],[-155.71508,19.66518],[-155.71877,19.66763],[-155.72398,19.67188],[-155.72585,19.67253],[-155.72547,19.67046],[-155.72584,19.66864],[-155.7253,19.66678],[-155.72581,19.66434],[-155.72335,19.66299],[-155.7211,19.66053],[-155.71956,19.65724],[-155.71913,19.65471],[-155.71952,19.65282],[-155.7182,19.65082],[-155.71822,19.64909],[-155.71726,19.64699],[-155.71669,19.64373],[-155.71517,19.64059],[-155.71319,19.63991],[-155.71155,19.63784],[-155.71007,19.63785],[-155.70819,19.63358],[-155.7069,19.63463],[-155.70618,19.63362],[-155.70535,19.63103],[-155.70353,19.6302],[-155.70181,19.6305],[-155.70052,19.62952],[-155.69864,19.63022],[-155.69701,19.6298],[-155.69587,19.63081],[-155.6933,19.63065],[-155.69089,19.62974],[-155.68976,19.62877],[-155.68639,19.62785],[-155.68496,19.627],[-155.68303,19.62343],[-155.68117,19.62107],[-155.67992,19.61838],[-155.67866,19.61654],[-155.67745,19.61622],[-155.67629,19.61306],[-155.67444,19.60944],[-155.67298,19.60564],[-155.67106,19.60487],[-155.6699,19.603],[-155.66587,19.60132],[-155.66431,19.59953],[-155.66133,19.59679],[-155.65978,19.59496],[-155.6588,19.59494],[-155.65752,19.59325],[-155.65522,19.58938],[-155.65353,19.58549],[-155.64946,19.58199],[-155.64705,19.58058],[-155.64368,19.5795],[-155.64095,19.57775],[-155.63915,19.57548],[-155.63606,19.57401],[-155.63549,19.57229],[-155.63607,19.56986],[-155.63508,19.56825],[-155.63465,19.56656],[-155.63512,19.5658],[-155.63504,19.5637],[-155.6343,19.56093],[-155.6331,19.56096],[-155.63165,19.55801],[-155.63057,19.55372],[-155.62912,19.5516],[-155.62865,19.5498],[-155.62572,19.54461],[-155.62499,19.54545],[-155.61745,19.53145],[-155.60298,19.52054],[-155.59944,19.51839],[-155.59615,19.52426],[-155.56048,19.50629]]]},"properties":{"dp":"05-08","county":"HAWAII","ballottype":"CD2-H05-S04-CC7","us_house":"CD2","state_hous":"H05","state_sena":"S04","county_cou":"CC7"}},{"type":"Feature","geometry":{"type":"Polygon","coordinates":[[[-155.38769,19.6783],[-155.39042,19.68017],[-155.39316,19.68132],[-155.39666,19.68156],[-155.40132,19.68227],[-155.40698,19.68236],[-155.41698,19.68453],[-155.41942,19.68479],[-155.4218,19.68462],[-155.4257,19.68479],[-155.43085,19.68449],[-155.43589,19.68572],[-155.44117,19.68568],[-155.44704,19.68647],[-155.45235,19.68761],[-155.45995,19.68823],[-155.47678,19.69041],[-155.47901,19.69098],[-155.48205,19.69329],[-155.48332,19.69569],[-155.48356,19.69719],[-155.48423,19.70545],[-155.48524,19.70761],[-155.48921,19.71179],[-155.49242,19.71605],[-155.49602,19.71197],[-155.49905,19.70119],[-155.49879,19.70083],[-155.50099,19.69319],[-155.50272,19.68865],[-155.51165,19.66242],[-155.52251,19.63149],[-155.52446,19.62444],[-155.53694,19.58046],[-155.5456,19.55026],[-155.54166,19.55186],[-155.53728,19.55413],[-155.53301,19.55791],[-155.53185,19.55813],[-155.52601,19.56266],[-155.52313,19.5634],[-155.52127,19.56489],[-155.51746,19.56666],[-155.51552,19.56714],[-155.51279,19.56853],[-155.51022,19.56926],[-155.50575,19.56959],[-155.50299,19.57032],[-155.50108,19.57166],[-155.49787,19.57334],[-155.49585,19.57321],[-155.49198,19.57492],[-155.48673,19.57558],[-155.48216,19.57635],[-155.48068,19.57685],[-155.47391,19.57717],[-155.47063,19.57882],[-155.46936,19.57898],[-155.46648,19.57823],[-155.46391,19.57924],[-155.46209,19.58123],[-155.45565,19.5827],[-155.45303,19.58424],[-155.45004,19.58529],[-155.44232,19.58732],[-155.43994,19.58537],[-155.43861,19.58496],[-155.43324,19.58492],[-155.43163,19.58603],[-155.42552,19.58514],[-155.42191,19.5844],[-155.41657,19.58367],[-155.41523,19.58455],[-155.41342,19.585],[-155.41214,19.58694],[-155.40993,19.58716],[-155.40822,19.58823],[-155.40668,19.59011],[-155.40367,19.59176],[-155.40095,19.594],[-155.39969,19.59412],[-155.39659,19.59276],[-155.39232,19.59174],[-155.38756,19.59225],[-155.38509,19.59217],[-155.3828,19.59294],[-155.38008,19.59314],[-155.37821,19.59115],[-155.37462,19.59073],[-155.37354,19.59147],[-155.37245,19.59078],[-155.36698,19.59082],[-155.36245,19.59166],[-155.36014,19.59322],[-155.35698,19.59479],[-155.36553,19.61807],[-155.38008,19.65398],[-155.37848,19.65503],[-155.38769,19.6783]]]},"properties":{"dp":"05-09","county":"HAWAII","ballottype":"CD2-H05-S04-CC2","us_house":"CD2","state_hous":"H05","state_sena":"S04","county_cou":"CC2"}},{"type":"Feature","geometry":{"type":"Polygon","coordinates":[[[-155.35698,19.59479],[-155.36014,19.59322],[-155.36245,19.59166],[-155.36698,19.59082],[-155.37245,19.59078],[-155.37354,19.59147],[-155.37462,19.59073],[-155.37821,19.59115],[-155.38008,19.59314],[-155.3828,19.59294],[-155.38509,19.59217],[-155.38756,19.59225],[-155.39232,19.59174],[-155.39659,19.59276],[-155.39969,19.59412],[-155.40095,19.594],[-155.40367,19.59176],[-155.40668,19.59011],[-155.40822,19.58823],[-155.40993,19.58716],[-155.41214,19.58694],[-155.41342,19.585],[-155.41523,19.58455],[-155.41657,19.58367],[-155.42191,19.5844],[-155.42552,19.58514],[-155.43163,19.58603],[-155.43324,19.58492],[-155.43861,19.58496],[-155.43994,19.58537],[-155.44232,19.58732],[-155.45004,19.58529],[-155.45303,19.58424],[-155.45565,19.5827],[-155.46209,19.58123],[-155.46391,19.57924],[-155.46648,19.57823],[-155.46936,19.57898],[-155.47063,19.57882],[-155.47391,19.57717],[-155.48068,19.57685],[-155.48216,19.57635],[-155.48673,19.57558],[-155.49198,19.57492],[-155.49585,19.57321],[-155.49787,19.57334],[-155.50108,19.57166],[-155.50299,19.57032],[-155.50575,19.56959],[-155.51022,19.56926],[-155.51279,19.56853],[-155.51552,19.56714],[-155.51746,19.56666],[-155.52127,19.56489],[-155.52313,19.5634],[-155.52601,19.56266],[-155.53185,19.55813],[-155.53301,19.55791],[-155.53728,19.55413],[-155.54166,19.55186],[-155.5456,19.55026],[-155.54751,19.54405],[-155.5573,19.50766],[-155.56048,19.50629],[-155.55573,19.50389],[-155.55512,19.504],[-155.51641,19.52683],[-155.49721,19.53828],[-155.48147,19.54759],[-155.43009,19.53536],[-155.42711,19.5345],[-155.38099,19.50001],[-155.38209,19.50001],[-155.37499,19.49347],[-155.34237,19.46484],[-155.34207,19.46552],[-155.34249,19.46843],[-155.34474,19.47024],[-155.34412,19.4713],[-155.34455,19.47295],[-155.34385,19.49282],[-155.34409,19.4933],[-155.34392,19.49985],[-155.34268,19.52573],[-155.34413,19.52938],[-155.34172,19.53535],[-155.34198,19.53955],[-155.3413,19.56077],[-155.34175,19.5614],[-155.34827,19.57375],[-155.35615,19.59252],[-155.35698,19.59479]]]},"properties":{"dp":"05-10","county":"HAWAII","ballottype":"CD2-H05-S04-CC6","us_house":"CD2","state_hous":"H05","state_sena":"S04","county_cou":"CC6"}},{"type":"Feature","geometry":{"type":"Polygon","coordinates":[[[-155.85434,19.52271],[-155.85733,19.53625],[-155.8557,19.54017],[-155.85607,19.5419],[-155.85595,19.54512],[-155.85631,19.54688],[-155.85599,19.54901],[-155.85881,19.55019],[-155.85956,19.55125],[-155.86519,19.55032],[-155.86871,19.54847],[-155.87056,19.54811],[-155.87228,19.54704],[-155.87404,19.54717],[-155.87516,19.54591],[-155.87735,19.54604],[-155.88022,19.5454],[-155.88361,19.54516],[-155.88739,19.54458],[-155.89261,19.54493],[-155.89532,19.54533],[-155.89668,19.54656],[-155.89992,19.5463],[-155.9012,19.54578],[-155.90482,19.54356],[-155.9076,19.54317],[-155.9089,19.54249],[-155.91237,19.54146],[-155.91394,19.53986],[-155.9164,19.53841],[-155.91804,19.539],[-155.91891,19.54032],[-155.92091,19.53958],[-155.92376,19.53914],[-155.92661,19.53921],[-155.92861,19.53875],[-155.92827,19.53735],[-155.92951,19.53664],[-155.93153,19.53649],[-155.93274,19.53701],[-155.93566,19.53538],[-155.93926,19.53544],[-155.94441,19.53588],[-155.94582,19.53562],[-155.94892,19.53337],[-155.95117,19.53237],[-155.95583,19.52894],[-155.95697,19.52985],[-155.95629,19.52787],[-155.95596,19.52544],[-155.95628,19.52347],[-155.95751,19.52163],[-155.96001,19.51999],[-155.96044,19.51891],[-155.95957,19.51629],[-155.95971,19.51414],[-155.95918,19.51338],[-155.95728,19.51294],[-155.95429,19.50997],[-155.95235,19.50716],[-155.95096,19.50685],[-155.95136,19.50467],[-155.95214,19.50413],[-155.95037,19.50167],[-155.9505,19.49928],[-155.94793,19.49597],[-155.94883,19.49393],[-155.94848,19.49294],[-155.94993,19.49092],[-155.95072,19.48704],[-155.94921,19.48538],[-155.94849,19.48378],[-155.94576,19.48338],[-155.94327,19.48394],[-155.94086,19.48301],[-155.93934,19.48096],[-155.93569,19.47857],[-155.93406,19.4788],[-155.93386,19.48021],[-155.93278,19.48271],[-155.92936,19.4823],[-155.92747,19.48174],[-155.92334,19.47926],[-155.92136,19.47853],[-155.91967,19.47618],[-155.91984,19.47421],[-155.91863,19.47259],[-155.92054,19.47119],[-155.92222,19.47127],[-155.9228,19.4703],[-155.92185,19.46894],[-155.92176,19.46714],[-155.92239,19.46527],[-155.92449,19.46292],[-155.92547,19.46034],[-155.9278,19.45886],[-155.92582,19.45724],[-155.92447,19.45718],[-155.92269,19.45497],[-155.92168,19.45246],[-155.92157,19.45032],[-155.92231,19.44939],[-155.9219,19.44733],[-155.92112,19.44678],[-155.92048,19.44493],[-155.9202,19.44249],[-155.92083,19.44098],[-155.92077,19.43915],[-155.92165,19.43699],[-155.9207,19.43438],[-155.92054,19.43183],[-155.91965,19.43034],[-155.91956,19.42866],[-155.9188,19.42741],[-155.91741,19.42664],[-155.91434,19.42042],[-155.91364,19.42151],[-155.91002,19.42219],[-155.91015,19.42393],[-155.90673,19.42425],[-155.90444,19.42509],[-155.90203,19.42483],[-155.90062,19.42386],[-155.89891,19.42173],[-155.897,19.42146],[-155.89613,19.4225],[-155.89473,19.4284],[-155.89248,19.42932],[-155.8918,19.43113],[-155.88901,19.43224],[-155.88493,19.42422],[-155.88396,19.42113],[-155.88172,19.41794],[-155.88149,19.42082],[-155.88004,19.42513],[-155.88036,19.42902],[-155.88135,19.43203],[-155.88089,19.43707],[-155.87982,19.43978],[-155.87965,19.45608],[-155.88,19.4578],[-155.88145,19.46157],[-155.88508,19.46612],[-155.88734,19.46816],[-155.8908,19.47359],[-155.89428,19.47834],[-155.90589,19.48643],[-155.91207,19.49],[-155.91547,19.49242],[-155.9183,19.49343],[-155.91892,19.49768],[-155.9203,19.50151],[-155.92041,19.50457],[-155.92,19.5085],[-155.91865,19.50852],[-155.91232,19.51027],[-155.91187,19.51095],[-155.9037,19.51328],[-155.90082,19.51338],[-155.9008,19.51177],[-155.89938,19.51236],[-155.89632,19.51125],[-155.89391,19.51162],[-155.8862,19.5151],[-155.88434,19.51506],[-155.87694,19.51651],[-155.87474,19.51782],[-155.87177,19.51905],[-155.86847,19.51921],[-155.86489,19.51993],[-155.86325,19.5206],[-155.86133,19.5206],[-155.85684,19.52163],[-155.85434,19.52271]]]},"properties":{"dp":"06-01","county":"HAWAII","ballottype":"CD2-H06-S03-CC6","us_house":"CD2","state_hous":"H06","state_sena":"S03","county_cou":"CC6"}},{"type":"Feature","geometry":{"type":"Polygon","coordinates":[[[-155.83338,19.52596],[-155.8346,19.52707],[-155.83535,19.53002],[-155.83542,19.53268],[-155.83487,19.53639],[-155.83556,19.53861],[-155.82767,19.53815],[-155.8243,19.5371],[-155.81963,19.5366],[-155.8145,19.53777],[-155.81042,19.53909],[-155.80658,19.53918],[-155.79948,19.55425],[-155.79835,19.55504],[-155.79989,19.55835],[-155.7996,19.56254],[-155.80104,19.56982],[-155.80155,19.57323],[-155.80131,19.57575],[-155.80201,19.57785],[-155.80223,19.58141],[-155.80265,19.58293],[-155.80147,19.58478],[-155.79963,19.58539],[-155.79893,19.58734],[-155.79585,19.58788],[-155.79469,19.59048],[-155.79524,19.59249],[-155.79493,19.59412],[-155.79359,19.59573],[-155.793,19.59769],[-155.79372,19.60047],[-155.7926,19.60414],[-155.79333,19.60724],[-155.79239,19.60832],[-155.78998,19.60998],[-155.78532,19.61363],[-155.7848,19.61443],[-155.78411,19.6175],[-155.78293,19.61895],[-155.78061,19.62565],[-155.77937,19.62811],[-155.77921,19.62959],[-155.77973,19.63199],[-155.78052,19.6337],[-155.78287,19.63718],[-155.77901,19.64066],[-155.77813,19.64076],[-155.77355,19.6434],[-155.81633,19.63423],[-155.82844,19.63361],[-155.82853,19.63715],[-155.82827,19.63928],[-155.82976,19.64112],[-155.82995,19.64381],[-155.82938,19.64612],[-155.83056,19.64592],[-155.83265,19.64409],[-155.83527,19.64376],[-155.83814,19.64434],[-155.84016,19.64536],[-155.84079,19.64757],[-155.84423,19.65106],[-155.84518,19.65116],[-155.84772,19.65282],[-155.84899,19.65326],[-155.85274,19.6555],[-155.85378,19.65575],[-155.85433,19.65741],[-155.85828,19.66009],[-155.86074,19.6627],[-155.86097,19.66423],[-155.86317,19.66214],[-155.86572,19.65878],[-155.86482,19.65762],[-155.86584,19.65508],[-155.86719,19.65416],[-155.86901,19.65131],[-155.87192,19.64948],[-155.87424,19.64712],[-155.87175,19.64559],[-155.86841,19.6428],[-155.86704,19.64205],[-155.8652,19.6392],[-155.86398,19.63903],[-155.8627,19.63794],[-155.86292,19.63616],[-155.86644,19.63274],[-155.86947,19.63066],[-155.87152,19.62828],[-155.87319,19.628],[-155.8753,19.62707],[-155.87958,19.62578],[-155.8809,19.62442],[-155.88306,19.62362],[-155.88557,19.62148],[-155.89097,19.61896],[-155.89548,19.61809],[-155.90245,19.61631],[-155.90653,19.61477],[-155.91462,19.61243],[-155.92294,19.61038],[-155.92923,19.60901],[-155.93614,19.6066],[-155.94086,19.60434],[-155.94454,19.60314],[-155.94906,19.60124],[-155.9562,19.60151],[-155.95971,19.60231],[-155.96535,19.60127],[-155.9697,19.60205],[-155.97431,19.59925],[-155.976,19.59933],[-155.97442,19.59862],[-155.9728,19.59534],[-155.97173,19.59454],[-155.97119,19.5923],[-155.9719,19.58789],[-155.97096,19.58607],[-155.9688,19.58426],[-155.96647,19.58049],[-155.96703,19.57927],[-155.96885,19.57789],[-155.9686,19.57611],[-155.96753,19.57438],[-155.96728,19.57154],[-155.96822,19.56814],[-155.96659,19.56429],[-155.96448,19.56397],[-155.96523,19.56282],[-155.96212,19.56157],[-155.96409,19.5603],[-155.9661,19.5597],[-155.96644,19.55889],[-155.96603,19.55681],[-155.96686,19.55347],[-155.96563,19.55159],[-155.96273,19.55167],[-155.96046,19.54964],[-155.95923,19.54813],[-155.96049,19.54704],[-155.95832,19.54471],[-155.95782,19.54298],[-155.95931,19.54087],[-155.95716,19.53728],[-155.95733,19.53568],[-155.95582,19.53207],[-155.95626,19.53019],[-155.95697,19.52985],[-155.95583,19.52894],[-155.95117,19.53237],[-155.94892,19.53337],[-155.94582,19.53562],[-155.94441,19.53588],[-155.93926,19.53544],[-155.93566,19.53538],[-155.93274,19.53701],[-155.93153,19.53649],[-155.92951,19.53664],[-155.92827,19.53735],[-155.92861,19.53875],[-155.92661,19.53921],[-155.92376,19.53914],[-155.92091,19.53958],[-155.91891,19.54032],[-155.91804,19.539],[-155.9164,19.53841],[-155.91394,19.53986],[-155.91237,19.54146],[-155.9089,19.54249],[-155.9076,19.54317],[-155.90482,19.54356],[-155.9012,19.54578],[-155.89992,19.5463],[-155.89668,19.54656],[-155.89532,19.54533],[-155.89261,19.54493],[-155.88739,19.54458],[-155.88361,19.54516],[-155.88022,19.5454],[-155.87735,19.54604],[-155.87516,19.54591],[-155.87404,19.54717],[-155.87228,19.54704],[-155.87056,19.54811],[-155.86871,19.54847],[-155.86519,19.55032],[-155.85956,19.55125],[-155.85881,19.55019],[-155.85599,19.54901],[-155.85631,19.54688],[-155.85595,19.54512],[-155.85607,19.5419],[-155.8557,19.54017],[-155.85733,19.53625],[-155.85434,19.52271],[-155.85298,19.5233],[-155.84842,19.52348],[-155.84717,19.52394],[-155.84603,19.52548],[-155.84306,19.52632],[-155.83338,19.52596]]]},"properties":{"dp":"06-02","county":"HAWAII","ballottype":"CD2-H06-S03-CC7","us_house":"CD2","state_hous":"H06","state_sena":"S03","county_cou":"CC7"}},{"type":"Feature","geometry":{"type":"Polygon","coordinates":[[[-155.86572,19.65878],[-155.86738,19.65786],[-155.86824,19.65618],[-155.87038,19.65441],[-155.87338,19.65278],[-155.87458,19.65173],[-155.87654,19.65137],[-155.87782,19.64964],[-155.88298,19.64601],[-155.88443,19.64577],[-155.88589,19.64437],[-155.88915,19.64376],[-155.89083,19.64206],[-155.89421,19.64158],[-155.89804,19.63943],[-155.90059,19.63877],[-155.90185,19.63932],[-155.90407,19.63894],[-155.90613,19.63759],[-155.90731,19.6373],[-155.90874,19.63809],[-155.90939,19.63718],[-155.91085,19.63748],[-155.91438,19.63688],[-155.91761,19.63787],[-155.91923,19.63781],[-155.92188,19.63655],[-155.9228,19.6356],[-155.92534,19.63446],[-155.9279,19.63254],[-155.93025,19.63165],[-155.93129,19.6337],[-155.93545,19.63505],[-155.93658,19.63587],[-155.93805,19.63598],[-155.93893,19.63503],[-155.94147,19.63382],[-155.94721,19.63419],[-155.94894,19.63403],[-155.9512,19.63652],[-155.95263,19.64321],[-155.95348,19.64481],[-155.95371,19.64648],[-155.95588,19.646],[-155.9609,19.64426],[-155.96035,19.64202],[-155.96153,19.64107],[-155.96685,19.63987],[-155.973,19.638],[-155.97722,19.63752],[-155.97905,19.63671],[-155.98164,19.64004],[-155.98385,19.63908],[-155.98915,19.63789],[-155.99052,19.63846],[-155.9935,19.63676],[-155.99035,19.6349],[-155.98995,19.6338],[-155.9912,19.63171],[-155.98816,19.62841],[-155.98772,19.62545],[-155.98582,19.62386],[-155.98706,19.62093],[-155.98646,19.61938],[-155.9863,19.61723],[-155.98272,19.61423],[-155.98263,19.6123],[-155.98133,19.61176],[-155.97913,19.60958],[-155.97764,19.60752],[-155.97556,19.60532],[-155.97451,19.60282],[-155.97636,19.60175],[-155.9766,19.60036],[-155.976,19.59933],[-155.97431,19.59925],[-155.9697,19.60205],[-155.96535,19.60127],[-155.95971,19.60231],[-155.9562,19.60151],[-155.94906,19.60124],[-155.94454,19.60314],[-155.94086,19.60434],[-155.93614,19.6066],[-155.92923,19.60901],[-155.92294,19.61038],[-155.91462,19.61243],[-155.90653,19.61477],[-155.90245,19.61631],[-155.89548,19.61809],[-155.89097,19.61896],[-155.88557,19.62148],[-155.88306,19.62362],[-155.8809,19.62442],[-155.87958,19.62578],[-155.8753,19.62707],[-155.87319,19.628],[-155.87152,19.62828],[-155.86947,19.63066],[-155.86644,19.63274],[-155.86292,19.63616],[-155.8627,19.63794],[-155.86398,19.63903],[-155.8652,19.6392],[-155.86704,19.64205],[-155.86841,19.6428],[-155.87175,19.64559],[-155.87424,19.64712],[-155.87192,19.64948],[-155.86901,19.65131],[-155.86719,19.65416],[-155.86584,19.65508],[-155.86482,19.65762],[-155.86572,19.65878]]]},"properties":{"dp":"06-03","county":"HAWAII","ballottype":"CD2-H06-S03-CC7","us_house":"CD2","state_hous":"H06","state_sena":"S03","county_cou":"CC7"}},{"type":"Feature","geometry":{"type":"Polygon","coordinates":[[[-155.95371,19.64648],[-155.955,19.64959],[-155.95828,19.64819],[-155.95963,19.64694],[-155.96197,19.64637],[-155.96566,19.64655],[-155.96784,19.64545],[-155.97069,19.64311],[-155.9726,19.64214],[-155.97407,19.64202],[-155.97553,19.64097],[-155.97749,19.64037],[-155.98112,19.64048],[-155.98164,19.64004],[-155.97905,19.63671],[-155.97722,19.63752],[-155.973,19.638],[-155.96685,19.63987],[-155.96153,19.64107],[-155.96035,19.64202],[-155.9609,19.64426],[-155.95588,19.646],[-155.95371,19.64648]]]},"properties":{"dp":"06-04","county":"HAWAII","ballottype":"CD2-H06-S03-CC8","us_house":"CD2","state_hous":"H06","state_sena":"S03","county_cou":"CC8"}},{"type":"Feature","geometry":{"type":"Polygon","coordinates":[[[-155.86572,19.65878],[-155.86745,19.66115],[-155.87,19.66386],[-155.87247,19.66708],[-155.87329,19.66755],[-155.87465,19.66989],[-155.87745,19.67101],[-155.87899,19.67444],[-155.88223,19.67712],[-155.88435,19.67798],[-155.88547,19.67908],[-155.8876,19.68001],[-155.8885,19.68304],[-155.88743,19.68447],[-155.88474,19.6901],[-155.88418,19.69319],[-155.88447,19.6958],[-155.88842,19.69639],[-155.89114,19.69737],[-155.89063,19.69834],[-155.89233,19.69955],[-155.89375,19.69981],[-155.89705,19.70208],[-155.8983,19.70161],[-155.89995,19.7025],[-155.90368,19.70268],[-155.90523,19.70593],[-155.90625,19.70714],[-155.90725,19.70614],[-155.91192,19.7045],[-155.91475,19.70523],[-155.91803,19.70723],[-155.92085,19.70849],[-155.9239,19.70758],[-155.92358,19.70595],[-155.92846,19.70532],[-155.93114,19.704],[-155.93304,19.70183],[-155.93416,19.70181],[-155.93557,19.70023],[-155.93732,19.69945],[-155.93841,19.69813],[-155.9399,19.69788],[-155.94159,19.69543],[-155.94581,19.69219],[-155.94937,19.69093],[-155.95271,19.69041],[-155.95402,19.69087],[-155.95647,19.69039],[-155.95851,19.69087],[-155.96081,19.68891],[-155.9643,19.68868],[-155.96796,19.68724],[-155.96948,19.68825],[-155.97468,19.68677],[-155.97266,19.68481],[-155.97181,19.68227],[-155.96849,19.67787],[-155.968,19.67406],[-155.96657,19.67233],[-155.9652,19.66886],[-155.96421,19.66825],[-155.96369,19.66673],[-155.95833,19.65992],[-155.95621,19.6553],[-155.95605,19.65354],[-155.955,19.64959],[-155.95371,19.64648],[-155.95348,19.64481],[-155.95263,19.64321],[-155.9512,19.63652],[-155.94894,19.63403],[-155.94721,19.63419],[-155.94147,19.63382],[-155.93893,19.63503],[-155.93805,19.63598],[-155.93658,19.63587],[-155.93545,19.63505],[-155.93129,19.6337],[-155.93025,19.63165],[-155.9279,19.63254],[-155.92534,19.63446],[-155.9228,19.6356],[-155.92188,19.63655],[-155.91923,19.63781],[-155.91761,19.63787],[-155.91438,19.63688],[-155.91085,19.63748],[-155.90939,19.63718],[-155.90874,19.63809],[-155.90731,19.6373],[-155.90613,19.63759],[-155.90407,19.63894],[-155.90185,19.63932],[-155.90059,19.63877],[-155.89804,19.63943],[-155.89421,19.64158],[-155.89083,19.64206],[-155.88915,19.64376],[-155.88589,19.64437],[-155.88443,19.64577],[-155.88298,19.64601],[-155.87782,19.64964],[-155.87654,19.65137],[-155.87458,19.65173],[-155.87338,19.65278],[-155.87038,19.65441],[-155.86824,19.65618],[-155.86738,19.65786],[-155.86572,19.65878]]]},"properties":{"dp":"07-01","county":"HAWAII","ballottype":"CD2-H07-S03-CC7","us_house":"CD2","state_hous":"H07","state_sena":"S03","county_cou":"CC7"}},{"type":"Feature","geometry":{"type":"Polygon","coordinates":[[[-155.955,19.64959],[-155.95605,19.65354],[-155.95621,19.6553],[-155.95833,19.65992],[-155.96369,19.66673],[-155.96421,19.66825],[-155.9652,19.66886],[-155.96657,19.67233],[-155.968,19.67406],[-155.96849,19.67787],[-155.97181,19.68227],[-155.97266,19.68481],[-155.97468,19.68677],[-155.97554,19.68823],[-155.97601,19.69071],[-155.97726,19.69057],[-155.97943,19.69137],[-155.98701,19.69696],[-155.98995,19.69818],[-155.9918,19.69839],[-155.99433,19.69807],[-155.99593,19.69748],[-155.99815,19.69592],[-156.00299,19.69064],[-156.00501,19.68932],[-156.0077,19.68904],[-156.00971,19.68977],[-156.01233,19.69163],[-156.01494,19.69261],[-156.01652,19.69273],[-156.01913,19.69216],[-156.02289,19.69036],[-156.02432,19.69284],[-156.02814,19.69212],[-156.0381,19.68954],[-156.036,19.68666],[-156.03493,19.6836],[-156.03358,19.68239],[-156.03231,19.6801],[-156.03086,19.67945],[-156.0297,19.67776],[-156.02732,19.67685],[-156.02664,19.67577],[-156.0259,19.67158],[-156.0263,19.67018],[-156.02538,19.66939],[-156.02383,19.66963],[-156.02099,19.66935],[-156.02144,19.66844],[-156.02358,19.66864],[-156.02641,19.66821],[-156.0271,19.66866],[-156.02643,19.66809],[-156.02275,19.66817],[-156.02176,19.66776],[-156.01976,19.66926],[-156.01539,19.67106],[-156.00918,19.66135],[-156.00602,19.65489],[-156.00424,19.65245],[-156.00257,19.65095],[-156.00044,19.64966],[-155.99373,19.64628],[-155.98454,19.64217],[-155.98164,19.64004],[-155.98112,19.64048],[-155.97749,19.64037],[-155.97553,19.64097],[-155.97407,19.64202],[-155.9726,19.64214],[-155.97069,19.64311],[-155.96784,19.64545],[-155.96566,19.64655],[-155.96197,19.64637],[-155.95963,19.64694],[-155.95828,19.64819],[-155.955,19.64959]]]},"properties":{"dp":"07-02","county":"HAWAII","ballottype":"CD2-H07-S03-CC8","us_house":"CD2","state_hous":"H07","state_sena":"S03","county_cou":"CC8"}},{"type":"Feature","geometry":{"type":"Polygon","coordinates":[[[-155.98164,19.64004],[-155.98454,19.64217],[-155.99373,19.64628],[-156.00044,19.64966],[-156.00257,19.65095],[-156.00424,19.65245],[-156.00602,19.65489],[-156.00918,19.66135],[-156.01539,19.67106],[-156.01976,19.66926],[-156.02176,19.66776],[-156.02275,19.66817],[-156.02643,19.66809],[-156.0271,19.66866],[-156.02758,19.66757],[-156.02958,19.66704],[-156.03088,19.6657],[-156.03115,19.66418],[-156.03089,19.66142],[-156.03132,19.65937],[-156.0324,19.65812],[-156.03228,19.65643],[-156.03089,19.65416],[-156.03131,19.65289],[-156.0289,19.6492],[-156.02592,19.64709],[-156.02439,19.64713],[-156.02229,19.64822],[-156.02042,19.64823],[-156.01937,19.64745],[-156.016,19.64723],[-156.01487,19.64553],[-156.01362,19.64469],[-156.00996,19.64308],[-156.00923,19.64217],[-156.00608,19.64033],[-156.00341,19.63807],[-156.00175,19.63783],[-156.00118,19.63705],[-155.99771,19.63802],[-155.99692,19.63995],[-155.99479,19.6397],[-155.9935,19.63676],[-155.99052,19.63846],[-155.98915,19.63789],[-155.98385,19.63908],[-155.98164,19.64004]]]},"properties":{"dp":"07-03","county":"HAWAII","ballottype":"CD2-H07-S03-CC7","us_house":"CD2","state_hous":"H07","state_sena":"S03","county_cou":"CC7"}},{"type":"Feature","geometry":{"type":"Polygon","coordinates":[[[-155.7253,19.66678],[-155.72584,19.66864],[-155.72547,19.67046],[-155.72585,19.67253],[-155.72854,19.67676],[-155.73068,19.6785],[-155.73122,19.67956],[-155.7342,19.68209],[-155.73585,19.6842],[-155.73551,19.6861],[-155.7363,19.68743],[-155.73591,19.68889],[-155.73749,19.69094],[-155.73773,19.69205],[-155.73709,19.69343],[-155.73905,19.69504],[-155.73903,19.69635],[-155.73812,19.69827],[-155.73839,19.69998],[-155.73832,19.70601],[-155.73733,19.70739],[-155.73513,19.70931],[-155.73688,19.71036],[-155.73679,19.71284],[-155.73588,19.71335],[-155.73596,19.71503],[-155.73523,19.71649],[-155.73503,19.72322],[-155.73754,19.72613],[-155.73797,19.72792],[-155.73914,19.72821],[-155.73958,19.73074],[-155.74144,19.73051],[-155.74192,19.7321],[-155.7432,19.73254],[-155.74408,19.7349],[-155.74551,19.73606],[-155.74712,19.73564],[-155.74999,19.73667],[-155.74999,19.73804],[-155.75193,19.74007],[-155.75357,19.74098],[-155.75721,19.74121],[-155.75873,19.74248],[-155.75995,19.74494],[-155.76231,19.74696],[-155.76346,19.74858],[-155.76343,19.7496],[-155.76497,19.75156],[-155.76289,19.75353],[-155.76305,19.75524],[-155.76257,19.75831],[-155.76176,19.7595],[-155.76209,19.76179],[-155.7646,19.76187],[-155.76512,19.76359],[-155.76617,19.7638],[-155.76772,19.76619],[-155.7694,19.76719],[-155.76967,19.76995],[-155.77178,19.76833],[-155.77234,19.76867],[-155.78044,19.77558],[-155.78386,19.78227],[-155.78711,19.78504],[-155.78663,19.78689],[-155.78766,19.78822],[-155.78984,19.7894],[-155.7912,19.79125],[-155.79292,19.79204],[-155.79334,19.79452],[-155.79504,19.79543],[-155.79558,19.79696],[-155.79743,19.79939],[-155.79716,19.80245],[-155.79902,19.80445],[-155.799,19.80771],[-155.80091,19.80993],[-155.80204,19.81226],[-155.80339,19.81259],[-155.80521,19.81649],[-155.80767,19.81607],[-155.8089,19.81818],[-155.80853,19.82054],[-155.80991,19.82219],[-155.81099,19.82264],[-155.81198,19.82477],[-155.81526,19.82587],[-155.81648,19.82766],[-155.81866,19.82887],[-155.82067,19.83078],[-155.82327,19.83227],[-155.82567,19.83427],[-155.82518,19.83656],[-155.82542,19.83802],[-155.82778,19.84074],[-155.83031,19.84298],[-155.8302,19.84617],[-155.83112,19.84878],[-155.83232,19.84975],[-155.8343,19.85038],[-155.83479,19.85246],[-155.83458,19.85559],[-155.83629,19.8586],[-155.83863,19.85912],[-155.83989,19.86184],[-155.84215,19.86122],[-155.84391,19.86621],[-155.8482,19.87059],[-155.8484,19.872],[-155.85065,19.87522],[-155.85133,19.87435],[-155.84935,19.86961],[-155.8504,19.86862],[-155.85566,19.87449],[-155.85713,19.87684],[-155.86134,19.87749],[-155.86343,19.87747],[-155.86402,19.87867],[-155.86377,19.88038],[-155.86571,19.88277],[-155.86868,19.88416],[-155.86999,19.88417],[-155.87179,19.88509],[-155.87279,19.88443],[-155.875,19.88496],[-155.87597,19.88629],[-155.87854,19.88768],[-155.87908,19.89053],[-155.88117,19.89161],[-155.88258,19.89385],[-155.88448,19.89385],[-155.88532,19.89464],[-155.88807,19.89537],[-155.89034,19.8951],[-155.89103,19.89306],[-155.89088,19.89129],[-155.8926,19.8909],[-155.89486,19.892],[-155.89809,19.8946],[-155.90022,19.89375],[-155.90197,19.89464],[-155.90386,19.89371],[-155.90631,19.89359],[-155.90542,19.88923],[-155.90585,19.88816],[-155.90838,19.88557],[-155.91063,19.88571],[-155.91287,19.88388],[-155.91245,19.88249],[-155.91368,19.88006],[-155.91536,19.87838],[-155.91488,19.87662],[-155.91626,19.87511],[-155.91886,19.87504],[-155.92108,19.87348],[-155.92268,19.87188],[-155.92364,19.86995],[-155.92402,19.86515],[-155.92263,19.862],[-155.92273,19.86018],[-155.92196,19.85755],[-155.9206,19.85834],[-155.9205,19.85642],[-155.92137,19.85521],[-155.92367,19.85593],[-155.92622,19.85448],[-155.92897,19.85225],[-155.93095,19.8523],[-155.93759,19.8494],[-155.94029,19.8504],[-155.94172,19.85006],[-155.94298,19.85068],[-155.94391,19.85226],[-155.94548,19.85261],[-155.94595,19.85353],[-155.94781,19.85275],[-155.95044,19.85294],[-155.95189,19.85234],[-155.95507,19.85222],[-155.95617,19.85288],[-155.95829,19.85311],[-155.96338,19.85158],[-155.96521,19.85137],[-155.96632,19.85045],[-155.97032,19.84874],[-155.97233,19.84847],[-155.97575,19.84545],[-155.97719,19.84487],[-155.97828,19.84337],[-155.9801,19.84283],[-155.98104,19.83865],[-155.98237,19.83723],[-155.98597,19.83489],[-155.98672,19.83368],[-155.98611,19.83173],[-155.98663,19.8311],[-155.98857,19.83115],[-155.9942,19.82812],[-155.99528,19.82684],[-155.99741,19.82582],[-155.99742,19.824],[-155.99862,19.82205],[-156.0014,19.81908],[-156.00122,19.81512],[-156.00278,19.81427],[-156.00562,19.81454],[-156.00706,19.81207],[-156.00699,19.81024],[-156.00833,19.80956],[-156.00903,19.80823],[-156.01278,19.807],[-156.01397,19.8052],[-156.01384,19.80299],[-156.0159,19.80141],[-156.0169,19.80179],[-156.01876,19.79932],[-156.02038,19.79845],[-156.02098,19.79682],[-156.02584,19.79548],[-156.02634,19.79279],[-156.0279,19.79229],[-156.02908,19.79097],[-156.03048,19.79035],[-156.03378,19.79057],[-156.03605,19.78846],[-156.0382,19.78805],[-156.03997,19.78223],[-156.04251,19.78126],[-156.04691,19.77711],[-156.04666,19.77532],[-156.04752,19.77388],[-156.05017,19.77257],[-156.04917,19.77067],[-156.04963,19.76928],[-156.04939,19.7673],[-156.04858,19.76543],[-156.05053,19.76122],[-156.04911,19.7593],[-156.0496,19.75598],[-156.04931,19.75397],[-156.05079,19.75026],[-156.05452,19.7477],[-156.05479,19.74489],[-156.05384,19.74265],[-156.05433,19.74088],[-156.05424,19.73862],[-156.05338,19.73759],[-156.05311,19.73556],[-156.05671,19.73194],[-156.05967,19.73101],[-156.06129,19.72858],[-156.06161,19.72737],[-156.06,19.72658],[-156.05784,19.72333],[-156.05759,19.72247],[-156.05529,19.72012],[-156.05329,19.71851],[-156.0516,19.71774],[-156.05067,19.71597],[-156.04986,19.71586],[-156.04906,19.71315],[-156.04951,19.71218],[-156.04896,19.70943],[-156.04806,19.70672],[-156.04848,19.70529],[-156.0485,19.70238],[-156.04894,19.70022],[-156.04775,19.69943],[-156.04505,19.69529],[-156.04522,19.69319],[-156.04216,19.69161],[-156.04117,19.69037],[-156.0381,19.68954],[-156.02814,19.69212],[-156.02432,19.69284],[-156.02289,19.69036],[-156.01913,19.69216],[-156.01652,19.69273],[-156.01494,19.69261],[-156.01233,19.69163],[-156.00971,19.68977],[-156.0077,19.68904],[-156.00501,19.68932],[-156.00299,19.69064],[-155.99815,19.69592],[-155.99593,19.69748],[-155.99433,19.69807],[-155.9918,19.69839],[-155.98995,19.69818],[-155.98701,19.69696],[-155.97943,19.69137],[-155.97726,19.69057],[-155.97601,19.69071],[-155.97554,19.68823],[-155.97468,19.68677],[-155.96948,19.68825],[-155.96796,19.68724],[-155.9643,19.68868],[-155.96081,19.68891],[-155.95851,19.69087],[-155.95647,19.69039],[-155.95402,19.69087],[-155.95271,19.69041],[-155.94937,19.69093],[-155.94581,19.69219],[-155.94159,19.69543],[-155.9399,19.69788],[-155.93841,19.69813],[-155.93732,19.69945],[-155.93557,19.70023],[-155.93416,19.70181],[-155.93304,19.70183],[-155.93114,19.704],[-155.92846,19.70532],[-155.92358,19.70595],[-155.9239,19.70758],[-155.92085,19.70849],[-155.91803,19.70723],[-155.91475,19.70523],[-155.91192,19.7045],[-155.90725,19.70614],[-155.90625,19.70714],[-155.90523,19.70593],[-155.90368,19.70268],[-155.89995,19.7025],[-155.8983,19.70161],[-155.89705,19.70208],[-155.89375,19.69981],[-155.89233,19.69955],[-155.89063,19.69834],[-155.89114,19.69737],[-155.88842,19.69639],[-155.88447,19.6958],[-155.88418,19.69319],[-155.88282,19.69248],[-155.87968,19.6924],[-155.87819,19.69146],[-155.87717,19.6942],[-155.87574,19.69647],[-155.87181,19.69778],[-155.86895,19.69842],[-155.86703,19.69783],[-155.86563,19.69612],[-155.86377,19.69541],[-155.86178,19.69571],[-155.86032,19.69518],[-155.85851,19.69666],[-155.85721,19.69699],[-155.85518,19.69658],[-155.85142,19.69495],[-155.84951,19.69441],[-155.84737,19.69479],[-155.84441,19.69697],[-155.84037,19.69617],[-155.83848,19.69374],[-155.83674,19.68844],[-155.8345,19.68773],[-155.83197,19.68573],[-155.82786,19.6846],[-155.82424,19.68243],[-155.8233,19.68073],[-155.8225,19.67801],[-155.82035,19.67451],[-155.81919,19.67447],[-155.81571,19.67332],[-155.81356,19.67321],[-155.81189,19.67258],[-155.81089,19.67064],[-155.80711,19.66873],[-155.80684,19.66738],[-155.8076,19.66609],[-155.80562,19.6653],[-155.80515,19.66345],[-155.80922,19.65951],[-155.81231,19.65745],[-155.81325,19.65742],[-155.81447,19.6557],[-155.81458,19.65389],[-155.81521,19.65269],[-155.81938,19.64881],[-155.82351,19.64733],[-155.82474,19.64631],[-155.82788,19.64665],[-155.82938,19.64612],[-155.82995,19.64381],[-155.82976,19.64112],[-155.82827,19.63928],[-155.82853,19.63715],[-155.82844,19.63361],[-155.81633,19.63423],[-155.77355,19.6434],[-155.76718,19.64472],[-155.76615,19.64635],[-155.76518,19.64673],[-155.76171,19.64994],[-155.76083,19.65159],[-155.75884,19.65267],[-155.75669,19.65516],[-155.75494,19.65589],[-155.75391,19.65736],[-155.75339,19.65925],[-155.752,19.65978],[-155.74717,19.66061],[-155.74558,19.66263],[-155.7444,19.66307],[-155.74409,19.66438],[-155.74099,19.6657],[-155.7394,19.66704],[-155.73853,19.66842],[-155.73605,19.66912],[-155.73467,19.67085],[-155.73311,19.67099],[-155.72631,19.66842],[-155.7253,19.66678]]]},"properties":{"dp":"07-04","county":"HAWAII","ballottype":"CD2-H07-S04-CC8","us_house":"CD2","state_hous":"H07","state_sena":"S04","county_cou":"CC8"}},{"type":"Feature","geometry":{"type":"Polygon","coordinates":[[[-155.72398,19.67188],[-155.72319,19.67274],[-155.71506,19.68009],[-155.71124,19.68426],[-155.6703,19.72515],[-155.66759,19.72816],[-155.65051,19.74545],[-155.64879,19.74687],[-155.64312,19.7525],[-155.63486,19.76127],[-155.63251,19.76347],[-155.63358,19.7747],[-155.63365,19.77906],[-155.6344,19.79203],[-155.63652,19.79074],[-155.63885,19.79096],[-155.64679,19.79461],[-155.65255,19.79891],[-155.65357,19.80188],[-155.6555,19.80425],[-155.65794,19.80577],[-155.65998,19.80655],[-155.66299,19.81042],[-155.6647,19.81061],[-155.66597,19.81248],[-155.66879,19.8143],[-155.6704,19.81488],[-155.67318,19.8167],[-155.67586,19.81683],[-155.67745,19.81743],[-155.67871,19.81975],[-155.67945,19.82293],[-155.68324,19.82449],[-155.68644,19.82527],[-155.69081,19.82846],[-155.69207,19.82913],[-155.69651,19.83042],[-155.69992,19.83176],[-155.70431,19.83464],[-155.70654,19.83492],[-155.71313,19.83786],[-155.71467,19.83919],[-155.72092,19.84229],[-155.71959,19.84488],[-155.72174,19.84657],[-155.72414,19.84755],[-155.72496,19.8483],[-155.72425,19.85014],[-155.72771,19.85243],[-155.72902,19.85375],[-155.73091,19.85743],[-155.72955,19.86064],[-155.7274,19.86291],[-155.72719,19.86425],[-155.7287,19.86531],[-155.72186,19.87616],[-155.72212,19.87684],[-155.72524,19.87707],[-155.72691,19.87846],[-155.72787,19.88204],[-155.72968,19.88371],[-155.73365,19.88509],[-155.73574,19.88719],[-155.73697,19.89043],[-155.74112,19.90272],[-155.74316,19.90481],[-155.74449,19.90522],[-155.7554,19.9063],[-155.75892,19.90537],[-155.7606,19.90535],[-155.76853,19.90681],[-155.77103,19.9079],[-155.77452,19.91141],[-155.77574,19.9138],[-155.77801,19.91532],[-155.7786,19.91736],[-155.77749,19.92011],[-155.77744,19.92195],[-155.77896,19.92358],[-155.78703,19.92668],[-155.78985,19.92637],[-155.79659,19.92499],[-155.79775,19.92744],[-155.79928,19.92699],[-155.80004,19.92802],[-155.8024,19.9291],[-155.80301,19.93217],[-155.80788,19.93673],[-155.80752,19.93787],[-155.81212,19.94067],[-155.81535,19.94191],[-155.82357,19.9458],[-155.82644,19.94754],[-155.82797,19.95013],[-155.82979,19.95118],[-155.82426,19.9595],[-155.82207,19.96443],[-155.82107,19.96804],[-155.82069,19.97047],[-155.82047,19.97571],[-155.82005,19.97889],[-155.813,20.01238],[-155.81283,20.01357],[-155.81307,20.02138],[-155.81342,20.02305],[-155.81711,20.02675],[-155.81845,20.0254],[-155.82106,20.02488],[-155.82335,20.02495],[-155.82243,20.02313],[-155.8232,20.02154],[-155.82338,20.01914],[-155.82281,20.01872],[-155.82362,20.016],[-155.82495,20.01581],[-155.82536,20.01479],[-155.82504,20.01192],[-155.82531,20.00995],[-155.8269,20.00799],[-155.82668,20.00656],[-155.8253,20.00622],[-155.82515,20.00411],[-155.82767,20.00174],[-155.8281,19.99981],[-155.82747,19.99844],[-155.82814,19.99778],[-155.82592,19.99448],[-155.82617,19.99258],[-155.82713,19.98958],[-155.82793,19.98844],[-155.82994,19.98746],[-155.83125,19.9851],[-155.83009,19.98449],[-155.82847,19.98237],[-155.82969,19.979],[-155.83246,19.97713],[-155.83121,19.97568],[-155.83163,19.97397],[-155.83597,19.97239],[-155.83742,19.97281],[-155.8379,19.97378],[-155.84236,19.97124],[-155.84344,19.96977],[-155.84715,19.96798],[-155.84965,19.96819],[-155.85145,19.96754],[-155.85285,19.96627],[-155.85417,19.96579],[-155.85598,19.96351],[-155.85611,19.9626],[-155.85838,19.96062],[-155.85856,19.95748],[-155.85937,19.95732],[-155.86145,19.95508],[-155.86191,19.9533],[-155.86285,19.95265],[-155.86715,19.94769],[-155.86821,19.94712],[-155.86805,19.94557],[-155.8697,19.94498],[-155.86973,19.94335],[-155.872,19.94231],[-155.87352,19.94386],[-155.87504,19.94365],[-155.87597,19.9426],[-155.87788,19.94275],[-155.87863,19.94062],[-155.87686,19.93979],[-155.87772,19.93721],[-155.87729,19.93559],[-155.8779,19.93384],[-155.88077,19.93372],[-155.88095,19.93436],[-155.88676,19.93272],[-155.888,19.93135],[-155.88862,19.92936],[-155.88977,19.92912],[-155.88881,19.92729],[-155.88933,19.92609],[-155.89078,19.92539],[-155.89179,19.92382],[-155.89099,19.92237],[-155.89137,19.91992],[-155.89003,19.91766],[-155.88763,19.91636],[-155.88785,19.914],[-155.89097,19.91174],[-155.89351,19.91087],[-155.89682,19.90934],[-155.89856,19.90951],[-155.90028,19.90714],[-155.90048,19.90589],[-155.90155,19.90525],[-155.90109,19.90391],[-155.90196,19.90203],[-155.90152,19.90038],[-155.9037,19.89928],[-155.90536,19.89754],[-155.90708,19.89716],[-155.90631,19.89359],[-155.90386,19.89371],[-155.90197,19.89464],[-155.90022,19.89375],[-155.89809,19.8946],[-155.89486,19.892],[-155.8926,19.8909],[-155.89088,19.89129],[-155.89103,19.89306],[-155.89034,19.8951],[-155.88807,19.89537],[-155.88532,19.89464],[-155.88448,19.89385],[-155.88258,19.89385],[-155.88117,19.89161],[-155.87908,19.89053],[-155.87854,19.88768],[-155.87597,19.88629],[-155.875,19.88496],[-155.87279,19.88443],[-155.87179,19.88509],[-155.86999,19.88417],[-155.86868,19.88416],[-155.86571,19.88277],[-155.86377,19.88038],[-155.86402,19.87867],[-155.86343,19.87747],[-155.86134,19.87749],[-155.85713,19.87684],[-155.85566,19.87449],[-155.8504,19.86862],[-155.84935,19.86961],[-155.85133,19.87435],[-155.85065,19.87522],[-155.8484,19.872],[-155.8482,19.87059],[-155.84391,19.86621],[-155.84215,19.86122],[-155.83989,19.86184],[-155.83863,19.85912],[-155.83629,19.8586],[-155.83458,19.85559],[-155.83479,19.85246],[-155.8343,19.85038],[-155.83232,19.84975],[-155.83112,19.84878],[-155.8302,19.84617],[-155.83031,19.84298],[-155.82778,19.84074],[-155.82542,19.83802],[-155.82518,19.83656],[-155.82567,19.83427],[-155.82327,19.83227],[-155.82067,19.83078],[-155.81866,19.82887],[-155.81648,19.82766],[-155.81526,19.82587],[-155.81198,19.82477],[-155.81099,19.82264],[-155.80991,19.82219],[-155.80853,19.82054],[-155.8089,19.81818],[-155.80767,19.81607],[-155.80521,19.81649],[-155.80339,19.81259],[-155.80204,19.81226],[-155.80091,19.80993],[-155.799,19.80771],[-155.79902,19.80445],[-155.79716,19.80245],[-155.79743,19.79939],[-155.79558,19.79696],[-155.79504,19.79543],[-155.79334,19.79452],[-155.79292,19.79204],[-155.7912,19.79125],[-155.78984,19.7894],[-155.78766,19.78822],[-155.78663,19.78689],[-155.78711,19.78504],[-155.78386,19.78227],[-155.78044,19.77558],[-155.77234,19.76867],[-155.77178,19.76833],[-155.76967,19.76995],[-155.7694,19.76719],[-155.76772,19.76619],[-155.76617,19.7638],[-155.76512,19.76359],[-155.7646,19.76187],[-155.76209,19.76179],[-155.76176,19.7595],[-155.76257,19.75831],[-155.76305,19.75524],[-155.76289,19.75353],[-155.76497,19.75156],[-155.76343,19.7496],[-155.76346,19.74858],[-155.76231,19.74696],[-155.75995,19.74494],[-155.75873,19.74248],[-155.75721,19.74121],[-155.75357,19.74098],[-155.75193,19.74007],[-155.74999,19.73804],[-155.74999,19.73667],[-155.74712,19.73564],[-155.74551,19.73606],[-155.74408,19.7349],[-155.7432,19.73254],[-155.74192,19.7321],[-155.74144,19.73051],[-155.73958,19.73074],[-155.73914,19.72821],[-155.73797,19.72792],[-155.73754,19.72613],[-155.73503,19.72322],[-155.73523,19.71649],[-155.73596,19.71503],[-155.73588,19.71335],[-155.73679,19.71284],[-155.73688,19.71036],[-155.73513,19.70931],[-155.73733,19.70739],[-155.73832,19.70601],[-155.73839,19.69998],[-155.73812,19.69827],[-155.73903,19.69635],[-155.73905,19.69504],[-155.73709,19.69343],[-155.73773,19.69205],[-155.73749,19.69094],[-155.73591,19.68889],[-155.7363,19.68743],[-155.73551,19.6861],[-155.73585,19.6842],[-155.7342,19.68209],[-155.73122,19.67956],[-155.73068,19.6785],[-155.72854,19.67676],[-155.72585,19.67253],[-155.72398,19.67188]]]},"properties":{"dp":"07-05","county":"HAWAII","ballottype":"CD2-H07-S04-CC9","us_house":"CD2","state_hous":"H07","state_sena":"S04","county_cou":"CC9"}},{"type":"Feature","geometry":{"type":"Polygon","coordinates":[[[-155.82938,19.64612],[-155.82788,19.64665],[-155.82474,19.64631],[-155.82351,19.64733],[-155.81938,19.64881],[-155.81521,19.65269],[-155.81458,19.65389],[-155.81447,19.6557],[-155.81325,19.65742],[-155.81231,19.65745],[-155.80922,19.65951],[-155.80515,19.66345],[-155.80562,19.6653],[-155.8076,19.66609],[-155.80684,19.66738],[-155.80711,19.66873],[-155.81089,19.67064],[-155.81189,19.67258],[-155.81356,19.67321],[-155.81571,19.67332],[-155.81919,19.67447],[-155.82035,19.67451],[-155.8225,19.67801],[-155.8233,19.68073],[-155.82424,19.68243],[-155.82786,19.6846],[-155.83197,19.68573],[-155.8345,19.68773],[-155.83674,19.68844],[-155.83848,19.69374],[-155.84037,19.69617],[-155.84441,19.69697],[-155.84737,19.69479],[-155.84951,19.69441],[-155.85142,19.69495],[-155.85518,19.69658],[-155.85721,19.69699],[-155.85851,19.69666],[-155.86032,19.69518],[-155.86178,19.69571],[-155.86377,19.69541],[-155.86563,19.69612],[-155.86703,19.69783],[-155.86895,19.69842],[-155.87181,19.69778],[-155.87574,19.69647],[-155.87717,19.6942],[-155.87819,19.69146],[-155.87968,19.6924],[-155.88282,19.69248],[-155.88418,19.69319],[-155.88474,19.6901],[-155.88743,19.68447],[-155.8885,19.68304],[-155.8876,19.68001],[-155.88547,19.67908],[-155.88435,19.67798],[-155.88223,19.67712],[-155.87899,19.67444],[-155.87745,19.67101],[-155.87465,19.66989],[-155.87329,19.66755],[-155.87247,19.66708],[-155.87,19.66386],[-155.86745,19.66115],[-155.86572,19.65878],[-155.86317,19.66214],[-155.86097,19.66423],[-155.86074,19.6627],[-155.85828,19.66009],[-155.85433,19.65741],[-155.85378,19.65575],[-155.85274,19.6555],[-155.84899,19.65326],[-155.84772,19.65282],[-155.84518,19.65116],[-155.84423,19.65106],[-155.84079,19.64757],[-155.84016,19.64536],[-155.83814,19.64434],[-155.83527,19.64376],[-155.83265,19.64409],[-155.83056,19.64592],[-155.82938,19.64612]]]},"properties":{"dp":"07-06","county":"HAWAII","ballottype":"CD2-H07-S04-CC7","us_house":"CD2","state_hous":"H07","state_sena":"S04","county_cou":"CC7"}},{"type":"Feature","geometry":{"type":"Polygon","coordinates":[[[-155.62608,19.792],[-155.62759,19.79162],[-155.63042,19.79154],[-155.63298,19.7922],[-155.6344,19.79203],[-155.63365,19.77906],[-155.63358,19.7747],[-155.63251,19.76347],[-155.63486,19.76127],[-155.64312,19.7525],[-155.64879,19.74687],[-155.65051,19.74545],[-155.66759,19.72816],[-155.6703,19.72515],[-155.71124,19.68426],[-155.71506,19.68009],[-155.72319,19.67274],[-155.72398,19.67188],[-155.71877,19.66763],[-155.71508,19.66518],[-155.71243,19.66454],[-155.70849,19.66581],[-155.70543,19.66474],[-155.70406,19.66327],[-155.70238,19.66228],[-155.70232,19.66125],[-155.6979,19.65891],[-155.69743,19.65777],[-155.69528,19.65762],[-155.69469,19.6563],[-155.69127,19.65543],[-155.67194,19.64432],[-155.67186,19.64312],[-155.66981,19.64313],[-155.64314,19.64482],[-155.56406,19.64984],[-155.5646,19.65852],[-155.54382,19.66079],[-155.53802,19.66462],[-155.53129,19.66067],[-155.51165,19.66242],[-155.50272,19.68865],[-155.50099,19.69319],[-155.49879,19.70083],[-155.49905,19.70119],[-155.49602,19.71197],[-155.49242,19.71605],[-155.49415,19.71825],[-155.50013,19.72451],[-155.50083,19.72582],[-155.50168,19.72933],[-155.50323,19.73116],[-155.51503,19.7425],[-155.5168,19.74393],[-155.51897,19.74491],[-155.52463,19.74646],[-155.52663,19.74738],[-155.52865,19.74968],[-155.53044,19.75621],[-155.53304,19.75916],[-155.5355,19.76028],[-155.54216,19.76098],[-155.54514,19.76149],[-155.55236,19.76343],[-155.58067,19.76707],[-155.5825,19.7676],[-155.58491,19.76896],[-155.59283,19.77563],[-155.59531,19.7775],[-155.59854,19.77868],[-155.61291,19.781],[-155.6147,19.78166],[-155.61713,19.78326],[-155.62608,19.792]]]},"properties":{"dp":"07-07","county":"HAWAII","ballottype":"CD2-H07-S04-CC2","us_house":"CD2","state_hous":"H07","state_sena":"S04","county_cou":"CC2"}},{"type":"Feature","geometry":{"type":"Polygon","coordinates":[[[-155.69969,20.18651],[-155.70186,20.18885],[-155.70349,20.18976],[-155.70738,20.19059],[-155.71012,20.1927],[-155.71398,20.19443],[-155.71513,20.19405],[-155.71645,20.19264],[-155.71648,20.19651],[-155.71884,20.1967],[-155.72173,20.19808],[-155.72495,20.20098],[-155.7277,20.20121],[-155.72949,20.20206],[-155.73102,20.20406],[-155.73126,20.20568],[-155.73288,20.20942],[-155.73335,20.21229],[-155.7314,20.21442],[-155.73045,20.21712],[-155.73082,20.21976],[-155.73321,20.2194],[-155.73646,20.2205],[-155.73863,20.22216],[-155.73966,20.22364],[-155.73944,20.22485],[-155.74296,20.22796],[-155.74423,20.22937],[-155.74704,20.2269],[-155.74861,20.22718],[-155.74826,20.22983],[-155.75207,20.2314],[-155.75325,20.23306],[-155.75305,20.23563],[-155.75453,20.236],[-155.75607,20.23749],[-155.75839,20.23771],[-155.75929,20.23642],[-155.76112,20.23674],[-155.76178,20.23807],[-155.76303,20.23798],[-155.76504,20.23977],[-155.76585,20.24152],[-155.76838,20.24141],[-155.76973,20.24191],[-155.76922,20.24523],[-155.77167,20.24589],[-155.77403,20.24195],[-155.77557,20.24266],[-155.77837,20.24232],[-155.78052,20.2432],[-155.78154,20.24496],[-155.7825,20.24474],[-155.78695,20.24704],[-155.78998,20.24796],[-155.79031,20.24873],[-155.79204,20.24918],[-155.79787,20.24852],[-155.80023,20.25185],[-155.80249,20.25258],[-155.80371,20.25425],[-155.80611,20.2548],[-155.80713,20.25652],[-155.80846,20.2572],[-155.811,20.2569],[-155.81236,20.25875],[-155.81454,20.25794],[-155.81726,20.25849],[-155.81825,20.26017],[-155.81984,20.25955],[-155.82289,20.25934],[-155.8261,20.26013],[-155.82783,20.26104],[-155.82927,20.26249],[-155.82959,20.26463],[-155.83032,20.26526],[-155.83194,20.26447],[-155.83345,20.26462],[-155.83473,20.26617],[-155.83634,20.26731],[-155.84308,20.26622],[-155.84508,20.26552],[-155.84718,20.26552],[-155.84918,20.26664],[-155.85043,20.26844],[-155.8522,20.26775],[-155.85381,20.26836],[-155.85509,20.26731],[-155.8578,20.26719],[-155.85884,20.26653],[-155.8613,20.26609],[-155.86413,20.26605],[-155.86632,20.26637],[-155.86746,20.26526],[-155.8689,20.26546],[-155.87129,20.26461],[-155.87206,20.26353],[-155.87763,20.26125],[-155.87804,20.26004],[-155.88018,20.25962],[-155.87977,20.25857],[-155.88178,20.25729],[-155.88289,20.25709],[-155.88439,20.25552],[-155.886,20.25235],[-155.88752,20.25223],[-155.88865,20.24789],[-155.88935,20.24712],[-155.88859,20.24536],[-155.88925,20.24344],[-155.89019,20.24223],[-155.89225,20.24199],[-155.89335,20.24011],[-155.8935,20.23767],[-155.89515,20.23744],[-155.89723,20.23468],[-155.89813,20.23278],[-155.89806,20.23168],[-155.89938,20.23009],[-155.8994,20.22923],[-155.89829,20.2271],[-155.89908,20.22538],[-155.89866,20.22383],[-155.89996,20.223],[-155.89986,20.22201],[-155.90106,20.22012],[-155.90033,20.21832],[-155.90224,20.21546],[-155.90214,20.21389],[-155.90285,20.21228],[-155.90186,20.21171],[-155.90163,20.20852],[-155.90126,20.20766],[-155.90185,20.20293],[-155.90279,20.20167],[-155.90256,20.20074],[-155.90326,20.19773],[-155.90437,20.19612],[-155.90402,20.19448],[-155.90191,20.18917],[-155.9036,20.18708],[-155.90184,20.18628],[-155.90134,20.18441],[-155.90207,20.18207],[-155.90203,20.17991],[-155.9006,20.17884],[-155.9007,20.17808],[-155.89974,20.17476],[-155.90158,20.17171],[-155.89986,20.17026],[-155.89949,20.16742],[-155.90008,20.16452],[-155.89991,20.16264],[-155.89868,20.16251],[-155.89869,20.15915],[-155.89791,20.15707],[-155.89754,20.15408],[-155.89689,20.15224],[-155.89617,20.1521],[-155.89491,20.14923],[-155.89519,20.14768],[-155.89622,20.1463],[-155.89551,20.14471],[-155.896,20.14342],[-155.89491,20.14052],[-155.8925,20.13773],[-155.89307,20.13599],[-155.89093,20.13134],[-155.89201,20.12932],[-155.891,20.12597],[-155.89169,20.12516],[-155.89133,20.1239],[-155.88669,20.11988],[-155.88734,20.11771],[-155.88568,20.117],[-155.88485,20.11517],[-155.88289,20.11318],[-155.88217,20.11075],[-155.88246,20.10921],[-155.88366,20.10721],[-155.88362,20.10555],[-155.88079,20.10384],[-155.87929,20.10347],[-155.87942,20.10182],[-155.87769,20.09953],[-155.87799,20.09871],[-155.87631,20.09511],[-155.875,20.09478],[-155.8747,20.09162],[-155.87151,20.08937],[-155.87132,20.08659],[-155.86963,20.0849],[-155.86727,20.08389],[-155.86784,20.08297],[-155.86675,20.08101],[-155.8652,20.07991],[-155.86548,20.07831],[-155.86456,20.07623],[-155.8622,20.07475],[-155.85932,20.07466],[-155.85792,20.07174],[-155.85575,20.06989],[-155.85558,20.06775],[-155.85474,20.0673],[-155.85399,20.06557],[-155.85196,20.06457],[-155.85145,20.06259],[-155.8492,20.06072],[-155.84794,20.06073],[-155.84703,20.0593],[-155.84595,20.05893],[-155.84322,20.05542],[-155.8439,20.0542],[-155.84341,20.05252],[-155.83908,20.05035],[-155.83825,20.0475],[-155.83554,20.04357],[-155.83261,20.04099],[-155.8314,20.03852],[-155.82952,20.03642],[-155.82816,20.03542],[-155.82544,20.03253],[-155.82932,20.03227],[-155.83073,20.03142],[-155.82879,20.02889],[-155.82567,20.02745],[-155.82387,20.02822],[-155.82335,20.02495],[-155.82106,20.02488],[-155.81845,20.0254],[-155.81711,20.02675],[-155.81889,20.0284],[-155.82161,20.03245],[-155.82052,20.03369],[-155.81631,20.03616],[-155.81513,20.03781],[-155.81387,20.03825],[-155.80951,20.04276],[-155.80599,20.04447],[-155.80489,20.04536],[-155.80198,20.04573],[-155.79705,20.04767],[-155.79474,20.04935],[-155.79311,20.05103],[-155.79075,20.0525],[-155.78933,20.05571],[-155.78655,20.05716],[-155.78516,20.05843],[-155.78477,20.05993],[-155.78015,20.06636],[-155.77252,20.07041],[-155.77115,20.07087],[-155.76711,20.0731],[-155.76567,20.07354],[-155.76444,20.07555],[-155.76209,20.07644],[-155.76416,20.08312],[-155.76776,20.08808],[-155.7675,20.08982],[-155.7666,20.09034],[-155.76541,20.09232],[-155.76439,20.09301],[-155.76077,20.09363],[-155.75915,20.09469],[-155.75875,20.09564],[-155.75719,20.09616],[-155.75545,20.09606],[-155.75321,20.09722],[-155.75226,20.09888],[-155.75242,20.10031],[-155.75081,20.10201],[-155.75,20.10138],[-155.74877,20.10251],[-155.75498,20.10619],[-155.75737,20.10929],[-155.74376,20.11594],[-155.74021,20.11704],[-155.7326,20.11577],[-155.73141,20.11396],[-155.72954,20.11274],[-155.7257,20.11278],[-155.72401,20.11331],[-155.72203,20.11458],[-155.71974,20.11495],[-155.70606,20.1106],[-155.7077,20.11361],[-155.70942,20.11511],[-155.7105,20.11745],[-155.71387,20.12092],[-155.71413,20.12189],[-155.71325,20.12475],[-155.71303,20.12842],[-155.7113,20.13179],[-155.71132,20.13346],[-155.71036,20.13534],[-155.70984,20.1391],[-155.71149,20.14099],[-155.71153,20.14242],[-155.71047,20.14457],[-155.7117,20.1472],[-155.71168,20.1493],[-155.71076,20.15543],[-155.70927,20.15681],[-155.70911,20.15933],[-155.70817,20.16199],[-155.70675,20.16267],[-155.7065,20.16411],[-155.70753,20.16626],[-155.70654,20.17076],[-155.70665,20.17143],[-155.70439,20.17636],[-155.7037,20.17853],[-155.70283,20.17903],[-155.70096,20.1828],[-155.6999,20.18378],[-155.69969,20.18651]]]},"properties":{"dp":"08-01","county":"HAWAII","ballottype":"CD2-H08-S04-CC9","us_house":"CD2","state_hous":"H08","state_sena":"S04","county_cou":"CC9"}},{"type":"Feature","geometry":{"type":"Polygon","coordinates":[[[-155.70606,20.1106],[-155.71974,20.11495],[-155.72203,20.11458],[-155.72401,20.11331],[-155.7257,20.11278],[-155.72954,20.11274],[-155.73141,20.11396],[-155.7326,20.11577],[-155.74021,20.11704],[-155.74376,20.11594],[-155.75737,20.10929],[-155.75498,20.10619],[-155.74877,20.10251],[-155.75,20.10138],[-155.75081,20.10201],[-155.75242,20.10031],[-155.75226,20.09888],[-155.75321,20.09722],[-155.75545,20.09606],[-155.75719,20.09616],[-155.75875,20.09564],[-155.75915,20.09469],[-155.76077,20.09363],[-155.76439,20.09301],[-155.76541,20.09232],[-155.7666,20.09034],[-155.7675,20.08982],[-155.76776,20.08808],[-155.76416,20.08312],[-155.76209,20.07644],[-155.76444,20.07555],[-155.76567,20.07354],[-155.76711,20.0731],[-155.77115,20.07087],[-155.77252,20.07041],[-155.78015,20.06636],[-155.78477,20.05993],[-155.78516,20.05843],[-155.78655,20.05716],[-155.78933,20.05571],[-155.79075,20.0525],[-155.79311,20.05103],[-155.79474,20.04935],[-155.79705,20.04767],[-155.80198,20.04573],[-155.80489,20.04536],[-155.80599,20.04447],[-155.80951,20.04276],[-155.81387,20.03825],[-155.81513,20.03781],[-155.81631,20.03616],[-155.82052,20.03369],[-155.82161,20.03245],[-155.81889,20.0284],[-155.81711,20.02675],[-155.81342,20.02305],[-155.81307,20.02138],[-155.81283,20.01357],[-155.813,20.01238],[-155.82005,19.97889],[-155.82047,19.97571],[-155.82069,19.97047],[-155.82107,19.96804],[-155.82207,19.96443],[-155.82426,19.9595],[-155.82979,19.95118],[-155.82797,19.95013],[-155.82644,19.94754],[-155.82357,19.9458],[-155.81535,19.94191],[-155.81212,19.94067],[-155.80752,19.93787],[-155.80788,19.93673],[-155.80301,19.93217],[-155.8024,19.9291],[-155.80004,19.92802],[-155.79928,19.92699],[-155.79775,19.92744],[-155.79659,19.92499],[-155.78985,19.92637],[-155.78703,19.92668],[-155.77896,19.92358],[-155.77744,19.92195],[-155.77749,19.92011],[-155.7786,19.91736],[-155.77801,19.91532],[-155.77574,19.9138],[-155.77452,19.91141],[-155.77103,19.9079],[-155.76853,19.90681],[-155.7606,19.90535],[-155.75892,19.90537],[-155.7554,19.9063],[-155.74449,19.90522],[-155.74316,19.90481],[-155.74112,19.90272],[-155.73697,19.89043],[-155.73574,19.88719],[-155.73365,19.88509],[-155.72968,19.88371],[-155.72787,19.88204],[-155.72691,19.87846],[-155.72524,19.87707],[-155.72212,19.87684],[-155.72186,19.87616],[-155.70985,19.89531],[-155.70616,19.90327],[-155.7051,19.90774],[-155.70139,19.91457],[-155.69661,19.91855],[-155.69418,19.92254],[-155.68988,19.93039],[-155.68948,19.93192],[-155.6872,19.93652],[-155.68619,19.93976],[-155.68326,19.94169],[-155.6809,19.94502],[-155.68043,19.94615],[-155.6806,19.94916],[-155.68131,19.95213],[-155.68033,19.96444],[-155.67874,19.96928],[-155.67796,19.97397],[-155.67725,19.97538],[-155.67686,19.98844],[-155.67646,19.99504],[-155.67741,20.00012],[-155.67599,20.01234],[-155.67331,20.01674],[-155.67148,20.0185],[-155.66443,20.02399],[-155.66154,20.02453],[-155.65167,20.02783],[-155.64539,20.02868],[-155.63903,20.03056],[-155.63426,20.03405],[-155.63547,20.03454],[-155.63708,20.03735],[-155.63688,20.03914],[-155.63922,20.04059],[-155.63719,20.04169],[-155.63791,20.04357],[-155.63899,20.04473],[-155.62512,20.0496],[-155.61137,20.05216],[-155.61079,20.05367],[-155.61276,20.05643],[-155.62033,20.0691],[-155.62439,20.0633],[-155.62655,20.06292],[-155.62806,20.06438],[-155.62848,20.06891],[-155.63004,20.06689],[-155.63179,20.06355],[-155.63415,20.06133],[-155.63478,20.05967],[-155.63611,20.05776],[-155.63768,20.05702],[-155.63825,20.05583],[-155.64086,20.05361],[-155.6424,20.05401],[-155.64408,20.05609],[-155.64353,20.05871],[-155.644,20.06072],[-155.64191,20.0632],[-155.64067,20.06652],[-155.64099,20.06746],[-155.64506,20.06626],[-155.64736,20.06457],[-155.64911,20.06464],[-155.65185,20.06374],[-155.65559,20.06373],[-155.65667,20.06323],[-155.65806,20.06368],[-155.66192,20.06331],[-155.66634,20.06461],[-155.66786,20.06547],[-155.67025,20.06898],[-155.6708,20.07121],[-155.67169,20.07276],[-155.66943,20.07552],[-155.66973,20.07669],[-155.67086,20.07729],[-155.66994,20.07911],[-155.67071,20.08042],[-155.6742,20.08164],[-155.67583,20.08513],[-155.67869,20.0855],[-155.67519,20.08808],[-155.67532,20.09008],[-155.67325,20.09273],[-155.67152,20.09625],[-155.67126,20.09777],[-155.6687,20.09848],[-155.66506,20.10014],[-155.6649,20.10067],[-155.68438,20.10575],[-155.68786,20.10627],[-155.70606,20.1106]]]},"properties":{"dp":"08-02","county":"HAWAII","ballottype":"CD2-H08-S04-CC9","us_house":"CD2","state_hous":"H08","state_sena":"S04","county_cou":"CC9"}},{"type":"Feature","geometry":{"type":"Polygon","coordinates":[[[-155.53892,19.96548],[-155.54493,19.96959],[-155.54713,19.97068],[-155.54865,19.97346],[-155.55026,19.98027],[-155.55005,19.98429],[-155.55094,19.98654],[-155.55467,19.99342],[-155.56188,19.99944],[-155.56593,20.0006],[-155.56957,20.00036],[-155.57177,20.00091],[-155.5802,20.00743],[-155.58571,20.00942],[-155.59173,20.00954],[-155.59522,20.01027],[-155.59711,20.01097],[-155.60176,20.01162],[-155.60624,20.01313],[-155.60437,20.01847],[-155.6046,20.01995],[-155.60762,20.03144],[-155.61785,20.02915],[-155.61971,20.02924],[-155.62174,20.03714],[-155.63271,20.03471],[-155.63426,20.03405],[-155.63903,20.03056],[-155.64539,20.02868],[-155.65167,20.02783],[-155.66154,20.02453],[-155.66443,20.02399],[-155.67148,20.0185],[-155.67331,20.01674],[-155.67599,20.01234],[-155.67741,20.00012],[-155.67646,19.99504],[-155.67686,19.98844],[-155.67725,19.97538],[-155.67796,19.97397],[-155.67874,19.96928],[-155.68033,19.96444],[-155.68131,19.95213],[-155.6806,19.94916],[-155.68043,19.94615],[-155.6809,19.94502],[-155.68326,19.94169],[-155.68619,19.93976],[-155.6872,19.93652],[-155.68948,19.93192],[-155.68988,19.93039],[-155.69418,19.92254],[-155.69661,19.91855],[-155.70139,19.91457],[-155.7051,19.90774],[-155.70616,19.90327],[-155.70985,19.89531],[-155.72186,19.87616],[-155.7287,19.86531],[-155.72719,19.86425],[-155.7274,19.86291],[-155.72955,19.86064],[-155.73091,19.85743],[-155.72902,19.85375],[-155.72771,19.85243],[-155.72425,19.85014],[-155.72496,19.8483],[-155.72414,19.84755],[-155.72174,19.84657],[-155.71959,19.84488],[-155.72092,19.84229],[-155.71467,19.83919],[-155.71313,19.83786],[-155.70654,19.83492],[-155.70431,19.83464],[-155.69992,19.83176],[-155.69651,19.83042],[-155.69207,19.82913],[-155.69081,19.82846],[-155.68644,19.82527],[-155.68324,19.82449],[-155.67945,19.82293],[-155.67871,19.81975],[-155.67745,19.81743],[-155.67586,19.81683],[-155.67318,19.8167],[-155.6704,19.81488],[-155.66879,19.8143],[-155.66597,19.81248],[-155.6647,19.81061],[-155.66299,19.81042],[-155.65998,19.80655],[-155.65794,19.80577],[-155.6555,19.80425],[-155.65357,19.80188],[-155.65255,19.79891],[-155.64679,19.79461],[-155.63885,19.79096],[-155.63652,19.79074],[-155.6344,19.79203],[-155.63298,19.7922],[-155.63042,19.79154],[-155.62759,19.79162],[-155.62608,19.792],[-155.62584,19.79235],[-155.62913,19.80229],[-155.63102,19.8069],[-155.62706,19.80938],[-155.62577,19.81137],[-155.62629,19.81277],[-155.62274,19.816],[-155.6204,19.81706],[-155.61776,19.8165],[-155.61688,19.81701],[-155.61495,19.81655],[-155.61366,19.8173],[-155.6129,19.81627],[-155.61115,19.8166],[-155.61144,19.8185],[-155.60868,19.82055],[-155.60971,19.82216],[-155.60958,19.8239],[-155.60837,19.82481],[-155.60605,19.82499],[-155.6029,19.8272],[-155.60288,19.82844],[-155.6011,19.82976],[-155.60011,19.82993],[-155.598,19.82834],[-155.59721,19.8294],[-155.59549,19.83008],[-155.59435,19.83171],[-155.59195,19.83372],[-155.59229,19.83448],[-155.58985,19.837],[-155.58566,19.83828],[-155.58229,19.83851],[-155.58136,19.83965],[-155.57999,19.84009],[-155.578,19.84264],[-155.57755,19.84562],[-155.57646,19.84574],[-155.57384,19.84757],[-155.57222,19.85035],[-155.57099,19.85079],[-155.56833,19.85417],[-155.56493,19.85543],[-155.56417,19.85664],[-155.56177,19.85876],[-155.56171,19.85966],[-155.55931,19.86084],[-155.55648,19.86315],[-155.55361,19.86457],[-155.55103,19.86514],[-155.54908,19.868],[-155.54675,19.86879],[-155.54376,19.87103],[-155.54139,19.87074],[-155.54001,19.8712],[-155.53766,19.87392],[-155.53586,19.87454],[-155.53472,19.8755],[-155.53201,19.87597],[-155.53093,19.87685],[-155.52971,19.87666],[-155.52879,19.87907],[-155.52726,19.87949],[-155.5241,19.87926],[-155.52248,19.87963],[-155.52029,19.88122],[-155.5189,19.88174],[-155.51496,19.8844],[-155.51088,19.88962],[-155.50938,19.89023],[-155.5085,19.89158],[-155.50662,19.89208],[-155.50603,19.89306],[-155.5041,19.89372],[-155.50325,19.89525],[-155.50131,19.8955],[-155.49999,19.89632],[-155.49476,19.89739],[-155.49105,19.89977],[-155.49043,19.9015],[-155.49297,19.90208],[-155.49463,19.90287],[-155.49595,19.90189],[-155.49711,19.90283],[-155.49952,19.90366],[-155.49942,19.90713],[-155.50121,19.90932],[-155.50097,19.91076],[-155.5019,19.91164],[-155.50323,19.9179],[-155.50321,19.92095],[-155.50221,19.92221],[-155.50218,19.92551],[-155.50384,19.9267],[-155.50502,19.92819],[-155.50742,19.92926],[-155.50802,19.93182],[-155.51001,19.9333],[-155.51208,19.93555],[-155.51537,19.93642],[-155.51631,19.93713],[-155.52132,19.94242],[-155.52526,19.94388],[-155.53265,19.94798],[-155.53408,19.94807],[-155.53628,19.94924],[-155.53844,19.95331],[-155.53813,19.95513],[-155.53663,19.95904],[-155.53724,19.96193],[-155.53892,19.96548]]]},"properties":{"dp":"08-03","county":"HAWAII","ballottype":"CD2-H08-S04-CC9","us_house":"CD2","state_hous":"H08","state_sena":"S04","county_cou":"CC9"}},{"type":"Feature","geometry":{"type":"Polygon","coordinates":[[[-155.61276,20.05643],[-155.61079,20.05367],[-155.61137,20.05216],[-155.62512,20.0496],[-155.63899,20.04473],[-155.63791,20.04357],[-155.63719,20.04169],[-155.63922,20.04059],[-155.63688,20.03914],[-155.63708,20.03735],[-155.63547,20.03454],[-155.63426,20.03405],[-155.63271,20.03471],[-155.62174,20.03714],[-155.61971,20.02924],[-155.61785,20.02915],[-155.60762,20.03144],[-155.6046,20.01995],[-155.60437,20.01847],[-155.60624,20.01313],[-155.60176,20.01162],[-155.59711,20.01097],[-155.59522,20.01027],[-155.59173,20.00954],[-155.58571,20.00942],[-155.5802,20.00743],[-155.57177,20.00091],[-155.56957,20.00036],[-155.56593,20.0006],[-155.56188,19.99944],[-155.55467,19.99342],[-155.55094,19.98654],[-155.55005,19.98429],[-155.55026,19.98027],[-155.54865,19.97346],[-155.54713,19.97068],[-155.54493,19.96959],[-155.53892,19.96548],[-155.5361,19.9644],[-155.53199,19.96469],[-155.51978,19.95819],[-155.51839,19.95708],[-155.51359,19.96355],[-155.50008,19.98198],[-155.50225,19.98463],[-155.50214,19.98622],[-155.50281,19.98947],[-155.50278,19.99143],[-155.5016,19.99253],[-155.50132,19.99535],[-155.49968,19.99629],[-155.49828,19.99921],[-155.4987,20.00019],[-155.49772,20.00151],[-155.49763,20.00434],[-155.49696,20.00722],[-155.49701,20.00888],[-155.49505,20.011],[-155.49316,20.01636],[-155.49226,20.01763],[-155.49043,20.01815],[-155.48896,20.01994],[-155.48765,20.02015],[-155.48481,20.02176],[-155.48274,20.02367],[-155.48306,20.02454],[-155.48207,20.0288],[-155.48079,20.02874],[-155.47952,20.03063],[-155.47869,20.0354],[-155.47774,20.03635],[-155.47271,20.0381],[-155.47197,20.03878],[-155.48576,20.03981],[-155.48452,20.04205],[-155.48504,20.04344],[-155.48412,20.04422],[-155.48411,20.04605],[-155.48547,20.04914],[-155.48912,20.05033],[-155.48955,20.05082],[-155.49231,20.05017],[-155.49309,20.04925],[-155.49539,20.0494],[-155.49616,20.05012],[-155.49833,20.04975],[-155.501,20.05033],[-155.50298,20.05009],[-155.50783,20.05048],[-155.5104,20.04988],[-155.51463,20.04974],[-155.51757,20.0517],[-155.52143,20.05372],[-155.52414,20.05276],[-155.52475,20.05149],[-155.5284,20.04823],[-155.53639,20.04629],[-155.53833,20.04674],[-155.53232,20.06197],[-155.53794,20.0626],[-155.54079,20.06187],[-155.55091,20.0543],[-155.55398,20.05287],[-155.57001,20.04972],[-155.57547,20.04839],[-155.57569,20.05135],[-155.57683,20.05428],[-155.576,20.05602],[-155.57774,20.0578],[-155.5785,20.0603],[-155.57835,20.06415],[-155.5776,20.06487],[-155.57745,20.06741],[-155.5782,20.06871],[-155.57757,20.07003],[-155.57843,20.07208],[-155.58726,20.07272],[-155.59325,20.07256],[-155.5934,20.07807],[-155.59389,20.07998],[-155.59754,20.08017],[-155.59734,20.08208],[-155.59831,20.08951],[-155.59941,20.08967],[-155.60055,20.08769],[-155.60153,20.08696],[-155.60176,20.08543],[-155.60271,20.08441],[-155.60308,20.0826],[-155.60236,20.08123],[-155.60408,20.07954],[-155.60363,20.07661],[-155.60396,20.07484],[-155.60635,20.07124],[-155.60702,20.06837],[-155.60668,20.0675],[-155.60746,20.06588],[-155.60745,20.06431],[-155.60878,20.06252],[-155.61068,20.06239],[-155.61137,20.06146],[-155.61152,20.05936],[-155.61046,20.05858],[-155.61101,20.05731],[-155.61276,20.05643]]]},"properties":{"dp":"08-04","county":"HAWAII","ballottype":"CD2-H08-S04-CC1","us_house":"CD2","state_hous":"H08","state_sena":"S04","county_cou":"CC1"}},{"type":"Feature","geometry":{"type":"Polygon","coordinates":[[[-156.44693,20.89908],[-156.44844,20.89743],[-156.4515,20.89675],[-156.45346,20.89675],[-156.45896,20.89755],[-156.46126,20.89708],[-156.46649,20.89853],[-156.46894,20.89841],[-156.46507,20.89616],[-156.4662,20.89413],[-156.46757,20.8941],[-156.46927,20.8923],[-156.4706,20.89165],[-156.47338,20.8911],[-156.47788,20.8944],[-156.47871,20.89571],[-156.47721,20.89669],[-156.47556,20.89961],[-156.47966,20.89816],[-156.48053,20.89962],[-156.48097,20.89929],[-156.47945,20.896],[-156.47784,20.89386],[-156.47343,20.89062],[-156.47288,20.88931],[-156.46842,20.89085],[-156.46398,20.89266],[-156.46336,20.89253],[-156.45857,20.88917],[-156.46122,20.88622],[-156.45977,20.88461],[-156.45744,20.88019],[-156.45871,20.87979],[-156.46135,20.87812],[-156.46208,20.87977],[-156.46472,20.87802],[-156.46593,20.87657],[-156.46942,20.87884],[-156.47206,20.87965],[-156.47344,20.88109],[-156.47631,20.87758],[-156.47869,20.87337],[-156.48063,20.86969],[-156.48185,20.86789],[-156.48403,20.86599],[-156.48196,20.864],[-156.47789,20.86339],[-156.4758,20.86193],[-156.47931,20.85803],[-156.48154,20.85469],[-156.48486,20.84878],[-156.48601,20.84671],[-156.48443,20.84707],[-156.48288,20.84948],[-156.48204,20.84836],[-156.47764,20.84773],[-156.47081,20.84588],[-156.46768,20.84556],[-156.46277,20.8454],[-156.46094,20.84478],[-156.45729,20.84551],[-156.44899,20.84662],[-156.44231,20.84711],[-156.43692,20.84732],[-156.43188,20.84673],[-156.41887,20.83219],[-156.41774,20.83153],[-156.41171,20.8294],[-156.41111,20.82938],[-156.40531,20.83127],[-156.40498,20.83216],[-156.40146,20.83708],[-156.39915,20.83687],[-156.3985,20.83971],[-156.39781,20.84062],[-156.39613,20.84288],[-156.39466,20.84558],[-156.39696,20.84826],[-156.39705,20.84971],[-156.39213,20.85168],[-156.39122,20.8542],[-156.38876,20.85504],[-156.3872,20.85347],[-156.38627,20.85477],[-156.38629,20.85602],[-156.38464,20.85711],[-156.38303,20.85743],[-156.38203,20.85903],[-156.38309,20.8599],[-156.38273,20.86313],[-156.38177,20.86443],[-156.38225,20.86518],[-156.38061,20.86719],[-156.38779,20.86979],[-156.39539,20.87257],[-156.39905,20.87461],[-156.40384,20.87871],[-156.40556,20.87985],[-156.40836,20.88094],[-156.41272,20.88165],[-156.41562,20.88245],[-156.42454,20.88568],[-156.42893,20.88632],[-156.43115,20.88733],[-156.43284,20.88656],[-156.43463,20.88757],[-156.43554,20.88734],[-156.43885,20.88298],[-156.43989,20.88306],[-156.44183,20.88435],[-156.44136,20.88736],[-156.44378,20.88849],[-156.4431,20.89017],[-156.44417,20.89173],[-156.44254,20.89258],[-156.44382,20.89439],[-156.44688,20.89734],[-156.44693,20.89908]]]},"properties":{"dp":"09-01","county":"MAUI","ballottype":"CD2-H09-S05-CC0","us_house":"CD2","state_hous":"H09","state_sena":"S05","county_cou":"CC0"}},{"type":"Feature","geometry":{"type":"Polygon","coordinates":[[[-156.47869,20.87337],[-156.48016,20.87398],[-156.48189,20.8754],[-156.48314,20.87753],[-156.48514,20.88004],[-156.48575,20.88206],[-156.48449,20.88661],[-156.48332,20.88882],[-156.48425,20.88882],[-156.49122,20.88883],[-156.49122,20.88637],[-156.49185,20.88466],[-156.49187,20.88289],[-156.493,20.88123],[-156.4944,20.8812],[-156.49565,20.87973],[-156.49895,20.88019],[-156.49918,20.87713],[-156.50014,20.87118],[-156.49799,20.87062],[-156.4955,20.86846],[-156.49338,20.86799],[-156.49206,20.86868],[-156.48994,20.86747],[-156.4857,20.86726],[-156.48403,20.86599],[-156.48185,20.86789],[-156.48063,20.86969],[-156.47869,20.87337]]]},"properties":{"dp":"09-02","county":"MAUI","ballottype":"CD2-H09-S05-CC0","us_house":"CD2","state_hous":"H09","state_sena":"S05","county_cou":"CC0"}},{"type":"Feature","geometry":{"type":"Polygon","coordinates":[[[-156.47344,20.88109],[-156.47475,20.88393],[-156.47647,20.88437],[-156.47802,20.88575],[-156.47868,20.88883],[-156.48332,20.88882],[-156.48449,20.88661],[-156.48575,20.88206],[-156.48514,20.88004],[-156.48314,20.87753],[-156.48189,20.8754],[-156.48016,20.87398],[-156.47869,20.87337],[-156.47631,20.87758],[-156.47344,20.88109]]]},"properties":{"dp":"09-03","county":"MAUI","ballottype":"CD2-H09-S05-CC0","us_house":"CD2","state_hous":"H09","state_sena":"S05","county_cou":"CC0"}},{"type":"Feature","geometry":{"type":"Polygon","coordinates":[[[-156.47784,20.89386],[-156.48381,20.89066],[-156.48425,20.88882],[-156.48332,20.88882],[-156.47868,20.88883],[-156.47802,20.88575],[-156.47647,20.88437],[-156.47475,20.88393],[-156.47344,20.88109],[-156.47206,20.87965],[-156.46942,20.87884],[-156.46593,20.87657],[-156.46472,20.87802],[-156.46208,20.87977],[-156.46135,20.87812],[-156.45871,20.87979],[-156.45744,20.88019],[-156.45977,20.88461],[-156.46122,20.88622],[-156.45857,20.88917],[-156.46336,20.89253],[-156.46398,20.89266],[-156.46842,20.89085],[-156.47288,20.88931],[-156.47343,20.89062],[-156.47784,20.89386]]]},"properties":{"dp":"09-04","county":"MAUI","ballottype":"CD2-H09-S05-CC0","us_house":"CD2","state_hous":"H09","state_sena":"S05","county_cou":"CC0"}},{"type":"Feature","geometry":{"type":"Polygon","coordinates":[[[-156.48403,20.86599],[-156.4857,20.86726],[-156.48994,20.86747],[-156.49206,20.86868],[-156.49338,20.86799],[-156.4955,20.86846],[-156.49799,20.87062],[-156.50014,20.87118],[-156.50052,20.86924],[-156.50042,20.8672],[-156.49865,20.86299],[-156.49837,20.86067],[-156.49858,20.85845],[-156.49613,20.85337],[-156.49632,20.85186],[-156.49468,20.85162],[-156.4923,20.8506],[-156.4894,20.85018],[-156.48486,20.84878],[-156.48154,20.85469],[-156.47931,20.85803],[-156.4758,20.86193],[-156.47789,20.86339],[-156.48196,20.864],[-156.48403,20.86599]]]},"properties":{"dp":"09-05","county":"MAUI","ballottype":"CD2-H09-S06-CC0","us_house":"CD2","state_hous":"H09","state_sena":"S06","county_cou":"CC0"}},{"type":"Feature","geometry":{"type":"Polygon","coordinates":[[[-156.48486,20.84878],[-156.4894,20.85018],[-156.4923,20.8506],[-156.49468,20.85162],[-156.49632,20.85186],[-156.49613,20.85337],[-156.49858,20.85845],[-156.49837,20.86067],[-156.49865,20.86299],[-156.50042,20.8672],[-156.50052,20.86924],[-156.50014,20.87118],[-156.50324,20.87126],[-156.50292,20.86875],[-156.5025,20.86561],[-156.50352,20.85493],[-156.50452,20.85012],[-156.50814,20.85075],[-156.51301,20.8554],[-156.51604,20.85556],[-156.52114,20.85512],[-156.52453,20.85506],[-156.52675,20.85592],[-156.52927,20.85573],[-156.53022,20.85606],[-156.53173,20.85693],[-156.53358,20.85714],[-156.53583,20.85651],[-156.5367,20.85573],[-156.53996,20.85559],[-156.54308,20.85541],[-156.54538,20.85657],[-156.54765,20.8565],[-156.54999,20.85713],[-156.55103,20.85788],[-156.55296,20.85792],[-156.55515,20.85854],[-156.55932,20.85922],[-156.56112,20.85807],[-156.56372,20.85776],[-156.56565,20.85622],[-156.5617,20.85588],[-156.56028,20.85255],[-156.55861,20.85149],[-156.55907,20.8491],[-156.55847,20.84819],[-156.55305,20.84237],[-156.55282,20.84038],[-156.55212,20.83985],[-156.55214,20.83721],[-156.54989,20.83471],[-156.54981,20.832],[-156.54932,20.83044],[-156.54658,20.8271],[-156.54559,20.82647],[-156.54504,20.82426],[-156.54256,20.82122],[-156.5405,20.81976],[-156.53817,20.81917],[-156.53611,20.81747],[-156.53466,20.81727],[-156.53389,20.81563],[-156.53243,20.81479],[-156.52552,20.81475],[-156.52394,20.81409],[-156.52071,20.81341],[-156.51734,20.81406],[-156.51486,20.81394],[-156.50692,20.81676],[-156.5047,20.81736],[-156.50282,20.81866],[-156.49963,20.82189],[-156.49709,20.82404],[-156.49461,20.82681],[-156.49352,20.82883],[-156.49179,20.83518],[-156.49046,20.83872],[-156.48601,20.84671],[-156.48486,20.84878]]]},"properties":{"dp":"10-01","county":"MAUI","ballottype":"CD2-H10-S06-CC0","us_house":"CD2","state_hous":"H10","state_sena":"S06","county_cou":"CC0"}},{"type":"Feature","geometry":{"type":"Polygon","coordinates":[[[-156.50292,20.86875],[-156.50487,20.86772],[-156.50671,20.86782],[-156.51175,20.8666],[-156.51316,20.8668],[-156.51508,20.86619],[-156.51473,20.86527],[-156.51605,20.86048],[-156.51716,20.86044],[-156.51795,20.85874],[-156.51984,20.85775],[-156.5246,20.85639],[-156.52764,20.85673],[-156.53022,20.85606],[-156.52927,20.85573],[-156.52675,20.85592],[-156.52453,20.85506],[-156.52114,20.85512],[-156.51604,20.85556],[-156.51301,20.8554],[-156.50814,20.85075],[-156.50452,20.85012],[-156.50352,20.85493],[-156.5025,20.86561],[-156.50292,20.86875]]]},"properties":{"dp":"10-02","county":"MAUI","ballottype":"CD2-H10-S05-CC0","us_house":"CD2","state_hous":"H10","state_sena":"S05","county_cou":"CC0"}},{"type":"Feature","geometry":{"type":"Polygon","coordinates":[[[-156.49895,20.88019],[-156.49869,20.88396],[-156.49738,20.88871],[-156.50154,20.88783],[-156.50751,20.88628],[-156.51101,20.88475],[-156.5145,20.8829],[-156.51609,20.88288],[-156.52021,20.8819],[-156.52193,20.8819],[-156.52488,20.88249],[-156.52585,20.88303],[-156.52855,20.88317],[-156.53351,20.88268],[-156.53514,20.88375],[-156.53715,20.88363],[-156.53949,20.88252],[-156.54172,20.88211],[-156.54209,20.88174],[-156.54027,20.87192],[-156.53996,20.85559],[-156.5367,20.85573],[-156.53583,20.85651],[-156.53358,20.85714],[-156.53173,20.85693],[-156.53022,20.85606],[-156.52764,20.85673],[-156.5246,20.85639],[-156.51984,20.85775],[-156.51795,20.85874],[-156.51716,20.86044],[-156.51605,20.86048],[-156.51473,20.86527],[-156.51508,20.86619],[-156.51316,20.8668],[-156.51175,20.8666],[-156.50671,20.86782],[-156.50487,20.86772],[-156.50292,20.86875],[-156.50324,20.87126],[-156.50014,20.87118],[-156.49918,20.87713],[-156.49895,20.88019]]]},"properties":{"dp":"10-03","county":"MAUI","ballottype":"CD2-H10-S05-CC0","us_house":"CD2","state_hous":"H10","state_sena":"S05","county_cou":"CC0"}},{"type":"Feature","geometry":{"type":"Polygon","coordinates":[[[-156.49738,20.88871],[-156.49685,20.88987],[-156.49982,20.89545],[-156.49618,20.89725],[-156.49561,20.89912],[-156.49449,20.89995],[-156.49264,20.90223],[-156.49395,20.90261],[-156.49605,20.90221],[-156.49918,20.90016],[-156.5012,20.89706],[-156.50328,20.89519],[-156.5037,20.89576],[-156.50268,20.90153],[-156.50235,20.9032],[-156.50388,20.90551],[-156.50648,20.90594],[-156.50651,20.90491],[-156.50894,20.90344],[-156.51132,20.90702],[-156.50999,20.90879],[-156.51391,20.90907],[-156.52295,20.90921],[-156.52469,20.90908],[-156.52604,20.90978],[-156.52831,20.91007],[-156.53304,20.90943],[-156.53447,20.90968],[-156.53543,20.90902],[-156.53673,20.90932],[-156.53871,20.90782],[-156.5418,20.90937],[-156.5435,20.90852],[-156.54426,20.90168],[-156.54454,20.89209],[-156.54172,20.88211],[-156.53949,20.88252],[-156.53715,20.88363],[-156.53514,20.88375],[-156.53351,20.88268],[-156.52855,20.88317],[-156.52585,20.88303],[-156.52488,20.88249],[-156.52193,20.8819],[-156.52021,20.8819],[-156.51609,20.88288],[-156.5145,20.8829],[-156.51101,20.88475],[-156.50751,20.88628],[-156.50154,20.88783],[-156.49738,20.88871]]]},"properties":{"dp":"10-04","county":"MAUI","ballottype":"CD2-H10-S05-CC0","us_house":"CD2","state_hous":"H10","state_sena":"S05","county_cou":"CC0"}},{"type":"Feature","geometry":{"type":"Polygon","coordinates":[[[-156.49264,20.90223],[-156.49108,20.90384],[-156.48919,20.90652],[-156.48844,20.90673],[-156.48582,20.9085],[-156.4849,20.91017],[-156.48693,20.90992],[-156.48917,20.91097],[-156.4912,20.91412],[-156.49188,20.91586],[-156.49383,20.91634],[-156.49437,20.91487],[-156.49614,20.91721],[-156.49777,20.91759],[-156.50015,20.91178],[-156.50268,20.90153],[-156.5037,20.89576],[-156.50328,20.89519],[-156.5012,20.89706],[-156.49918,20.90016],[-156.49605,20.90221],[-156.49395,20.90261],[-156.49264,20.90223]]]},"properties":{"dp":"10-05","county":"MAUI","ballottype":"CD2-H10-S05-CC0","us_house":"CD2","state_hous":"H10","state_sena":"S05","county_cou":"CC0"}},{"type":"Feature","geometry":{"type":"Polygon","coordinates":[[[-156.49685,20.88987],[-156.4942,20.89388],[-156.49177,20.8964],[-156.48791,20.90087],[-156.48486,20.90254],[-156.48594,20.90482],[-156.48844,20.90673],[-156.48919,20.90652],[-156.49108,20.90384],[-156.49264,20.90223],[-156.49449,20.89995],[-156.49561,20.89912],[-156.49618,20.89725],[-156.49982,20.89545],[-156.49685,20.88987]]]},"properties":{"dp":"10-06","county":"MAUI","ballottype":"CD2-H10-S05-CC0","us_house":"CD2","state_hous":"H10","state_sena":"S05","county_cou":"CC0"}},{"type":"Feature","geometry":{"type":"Polygon","coordinates":[[[-156.48053,20.89962],[-156.48119,20.90521],[-156.48336,20.90888],[-156.4849,20.91017],[-156.48582,20.9085],[-156.48844,20.90673],[-156.48594,20.90482],[-156.48486,20.90254],[-156.48791,20.90087],[-156.49177,20.8964],[-156.4942,20.89388],[-156.49685,20.88987],[-156.49738,20.88871],[-156.49869,20.88396],[-156.49895,20.88019],[-156.49565,20.87973],[-156.4944,20.8812],[-156.493,20.88123],[-156.49187,20.88289],[-156.49185,20.88466],[-156.49122,20.88637],[-156.49122,20.88883],[-156.48425,20.88882],[-156.48381,20.89066],[-156.47784,20.89386],[-156.47945,20.896],[-156.48097,20.89929],[-156.48053,20.89962]]]},"properties":{"dp":"10-07","county":"MAUI","ballottype":"CD2-H10-S05-CC0","us_house":"CD2","state_hous":"H10","state_sena":"S05","county_cou":"CC0"}},{"type":"Feature","geometry":{"type":"Polygon","coordinates":[[[-156.41444,20.71437],[-156.41815,20.71437],[-156.42232,20.71466],[-156.4245,20.71402],[-156.42783,20.71437],[-156.43293,20.71325],[-156.43653,20.71351],[-156.43769,20.7142],[-156.43979,20.71457],[-156.44464,20.71439],[-156.44661,20.71461],[-156.44593,20.70818],[-156.44728,20.70608],[-156.44714,20.70458],[-156.44635,20.70337],[-156.44483,20.69717],[-156.44492,20.69487],[-156.44428,20.69261],[-156.44458,20.6917],[-156.44384,20.68966],[-156.44458,20.68793],[-156.44483,20.68607],[-156.44378,20.68515],[-156.44335,20.68261],[-156.44386,20.68107],[-156.44516,20.67967],[-156.44441,20.67884],[-156.44458,20.67737],[-156.44368,20.67638],[-156.44438,20.6728],[-156.44319,20.67046],[-156.44298,20.66848],[-156.44391,20.66734],[-156.44277,20.66628],[-156.4415,20.66224],[-156.44167,20.66031],[-156.44233,20.65957],[-156.44175,20.65762],[-156.44276,20.65683],[-156.44287,20.65422],[-156.4409,20.65347],[-156.44121,20.65087],[-156.44267,20.64933],[-156.4433,20.64602],[-156.44603,20.64446],[-156.44641,20.64122],[-156.44777,20.63944],[-156.45067,20.63913],[-156.45294,20.63609],[-156.45162,20.63454],[-156.45228,20.63336],[-156.44977,20.63347],[-156.44728,20.63191],[-156.44442,20.62878],[-156.4438,20.62672],[-156.44026,20.62354],[-156.43926,20.62189],[-156.43914,20.62016],[-156.43823,20.61892],[-156.43773,20.61534],[-156.43674,20.61303],[-156.43726,20.61152],[-156.43906,20.61113],[-156.44034,20.61011],[-156.4398,20.60805],[-156.44017,20.60656],[-156.4411,20.60599],[-156.44124,20.60457],[-156.43822,20.60379],[-156.43709,20.60281],[-156.43689,20.59972],[-156.43552,20.59825],[-156.43341,20.59707],[-156.43099,20.59643],[-156.42853,20.59477],[-156.42655,20.5956],[-156.42508,20.59555],[-156.4216,20.59772],[-156.42145,20.5997],[-156.42,20.59909],[-156.41867,20.59754],[-156.41715,20.59709],[-156.41727,20.59968],[-156.41999,20.60413],[-156.42153,20.60308],[-156.42318,20.60539],[-156.42057,20.60843],[-156.41984,20.61502],[-156.41608,20.62478],[-156.41742,20.6357],[-156.4217,20.63617],[-156.42404,20.63741],[-156.42573,20.63886],[-156.42679,20.64381],[-156.41797,20.64461],[-156.41416,20.64467],[-156.41303,20.6485],[-156.41203,20.6483],[-156.41444,20.71437]]]},"properties":{"dp":"11-01","county":"MAUI","ballottype":"CD2-H11-S06-CC0","us_house":"CD2","state_hous":"H11","state_sena":"S06","county_cou":"CC0"}},{"type":"Feature","geometry":{"type":"Polygon","coordinates":[[[-156.43653,20.71351],[-156.4375,20.71807],[-156.44077,20.72533],[-156.44261,20.72862],[-156.4446,20.73154],[-156.44561,20.73374],[-156.44589,20.73622],[-156.44565,20.73922],[-156.44828,20.74047],[-156.45596,20.73976],[-156.4554,20.73482],[-156.45603,20.73475],[-156.45517,20.73258],[-156.45281,20.72976],[-156.45026,20.72821],[-156.45066,20.72752],[-156.45009,20.72552],[-156.44869,20.72363],[-156.4478,20.72061],[-156.44773,20.71879],[-156.44693,20.71677],[-156.44661,20.71461],[-156.44464,20.71439],[-156.43979,20.71457],[-156.43769,20.7142],[-156.43653,20.71351]]]},"properties":{"dp":"11-02","county":"MAUI","ballottype":"CD2-H11-S06-CC0","us_house":"CD2","state_hous":"H11","state_sena":"S06","county_cou":"CC0"}},{"type":"Feature","geometry":{"type":"Polygon","coordinates":[[[-156.41444,20.71437],[-156.41245,20.71282],[-156.4104,20.71194],[-156.40708,20.71183],[-156.40485,20.71097],[-156.4024,20.71092],[-156.40071,20.71025],[-156.39775,20.70992],[-156.39896,20.71166],[-156.39866,20.7123],[-156.40007,20.71457],[-156.40097,20.71732],[-156.4049,20.72036],[-156.40784,20.72138],[-156.41012,20.72318],[-156.41566,20.72539],[-156.403,20.75465],[-156.40182,20.75725],[-156.40513,20.75882],[-156.40803,20.75962],[-156.41416,20.76328],[-156.41609,20.76239],[-156.41656,20.76409],[-156.41971,20.76538],[-156.42462,20.76563],[-156.42566,20.76596],[-156.42447,20.76755],[-156.42178,20.7689],[-156.42148,20.77624],[-156.4243,20.77871],[-156.42841,20.78215],[-156.43029,20.78272],[-156.43192,20.78223],[-156.4335,20.78298],[-156.43954,20.78216],[-156.44262,20.78286],[-156.44469,20.7845],[-156.44772,20.78602],[-156.44701,20.78716],[-156.4506,20.78721],[-156.45321,20.78663],[-156.45573,20.7828],[-156.45754,20.7818],[-156.45502,20.77902],[-156.45374,20.77638],[-156.45152,20.76753],[-156.45617,20.76593],[-156.45848,20.76631],[-156.45887,20.76919],[-156.46011,20.77367],[-156.46079,20.77493],[-156.46071,20.77361],[-156.45938,20.76968],[-156.45921,20.76737],[-156.45948,20.76271],[-156.45989,20.76074],[-156.46005,20.75716],[-156.45967,20.75519],[-156.45992,20.75286],[-156.45928,20.75052],[-156.45761,20.74664],[-156.4581,20.74541],[-156.45673,20.73988],[-156.45684,20.73792],[-156.45603,20.73475],[-156.4554,20.73482],[-156.45596,20.73976],[-156.44828,20.74047],[-156.44565,20.73922],[-156.44589,20.73622],[-156.44561,20.73374],[-156.4446,20.73154],[-156.44261,20.72862],[-156.44077,20.72533],[-156.4375,20.71807],[-156.43653,20.71351],[-156.43293,20.71325],[-156.42783,20.71437],[-156.4245,20.71402],[-156.42232,20.71466],[-156.41815,20.71437],[-156.41444,20.71437]]]},"properties":{"dp":"11-03","county":"MAUI","ballottype":"CD2-H11-S06-CC0","us_house":"CD2","state_hous":"H11","state_sena":"S06","county_cou":"CC0"}},{"type":"Feature","geometry":{"type":"Polygon","coordinates":[[[-156.48601,20.84671],[-156.49046,20.83872],[-156.49179,20.83518],[-156.49352,20.82883],[-156.49461,20.82681],[-156.49709,20.82404],[-156.49963,20.82189],[-156.50282,20.81866],[-156.5047,20.81736],[-156.50692,20.81676],[-156.50756,20.81156],[-156.50565,20.811],[-156.49758,20.80159],[-156.49482,20.79952],[-156.48784,20.79757],[-156.48658,20.79698],[-156.48828,20.79543],[-156.4858,20.79486],[-156.47973,20.79212],[-156.47602,20.79013],[-156.47277,20.78902],[-156.46898,20.78602],[-156.46782,20.78469],[-156.46619,20.78382],[-156.46354,20.78165],[-156.4617,20.77953],[-156.46114,20.77807],[-156.46079,20.77493],[-156.46011,20.77367],[-156.45887,20.76919],[-156.45848,20.76631],[-156.45617,20.76593],[-156.45152,20.76753],[-156.45374,20.77638],[-156.45502,20.77902],[-156.45754,20.7818],[-156.46167,20.78566],[-156.46281,20.78731],[-156.46572,20.79886],[-156.46647,20.80119],[-156.4681,20.80792],[-156.46841,20.81292],[-156.46629,20.83063],[-156.46333,20.84212],[-156.46277,20.8454],[-156.46768,20.84556],[-156.47081,20.84588],[-156.47764,20.84773],[-156.48204,20.84836],[-156.48288,20.84948],[-156.48443,20.84707],[-156.48601,20.84671]]]},"properties":{"dp":"11-04","county":"MAUI","ballottype":"CD2-H11-S06-CC0","us_house":"CD2","state_hous":"H11","state_sena":"S06","county_cou":"CC0"}},{"type":"Feature","geometry":{"type":"Polygon","coordinates":[[[-156.38061,20.86719],[-156.37619,20.86539],[-156.37337,20.86386],[-156.3703,20.8618],[-156.36553,20.85821],[-156.35727,20.85275],[-156.35409,20.85105],[-156.34534,20.84801],[-156.34097,20.84588],[-156.33147,20.83932],[-156.32966,20.83693],[-156.32513,20.83921],[-156.32275,20.84119],[-156.32199,20.8432],[-156.32064,20.84424],[-156.3178,20.84862],[-156.3161,20.85001],[-156.31204,20.85248],[-156.30992,20.85428],[-156.30962,20.85531],[-156.30707,20.85819],[-156.30669,20.85963],[-156.30789,20.85993],[-156.30897,20.86122],[-156.30987,20.86022],[-156.31115,20.86114],[-156.31266,20.85954],[-156.31382,20.86125],[-156.31781,20.86258],[-156.31882,20.86545],[-156.32056,20.86686],[-156.32192,20.86904],[-156.32515,20.8703],[-156.32745,20.87311],[-156.32874,20.87369],[-156.33144,20.87614],[-156.33462,20.8774],[-156.3351,20.87874],[-156.3391,20.88021],[-156.34006,20.88179],[-156.34175,20.88319],[-156.34407,20.88429],[-156.34581,20.88632],[-156.34768,20.88706],[-156.34856,20.88887],[-156.34821,20.89037],[-156.35059,20.89154],[-156.35196,20.89314],[-156.35651,20.89662],[-156.35755,20.89764],[-156.36005,20.89915],[-156.36328,20.89511],[-156.3658,20.89428],[-156.36687,20.8912],[-156.36887,20.89081],[-156.37034,20.88994],[-156.37198,20.88988],[-156.37474,20.8887],[-156.37691,20.88727],[-156.37685,20.88597],[-156.37461,20.8834],[-156.3738,20.8818],[-156.37592,20.87821],[-156.3758,20.8755],[-156.37664,20.87521],[-156.378,20.87629],[-156.37988,20.87681],[-156.3822,20.87451],[-156.38457,20.87421],[-156.38642,20.87297],[-156.38801,20.8709],[-156.38779,20.86979],[-156.38061,20.86719]]]},"properties":{"dp":"12-01","county":"MAUI","ballottype":"CD2-H12-S07-CC0","us_house":"CD2","state_hous":"H12","state_sena":"S07","county_cou":"CC0"}},{"type":"Feature","geometry":{"type":"Polygon","coordinates":[[[-156.32966,20.83693],[-156.32929,20.83491],[-156.33023,20.8296],[-156.33012,20.82578],[-156.32969,20.82376],[-156.32585,20.81444],[-156.32577,20.81394],[-156.32571,20.81299],[-156.3272,20.80895],[-156.32755,20.80591],[-156.32496,20.80426],[-156.32353,20.80408],[-156.32161,20.80279],[-156.31866,20.80277],[-156.31698,20.80087],[-156.3139,20.80049],[-156.31342,20.7995],[-156.31095,20.79953],[-156.30917,20.79813],[-156.30546,20.79585],[-156.29871,20.79338],[-156.29663,20.79123],[-156.29397,20.78912],[-156.29039,20.78725],[-156.28819,20.78705],[-156.28508,20.7845],[-156.28264,20.78014],[-156.28104,20.77946],[-156.2783,20.77723],[-156.2771,20.77579],[-156.2745,20.77465],[-156.27317,20.77312],[-156.27183,20.77249],[-156.27157,20.7714],[-156.26873,20.76923],[-156.26571,20.76857],[-156.26358,20.76689],[-156.26015,20.76506],[-156.25836,20.76497],[-156.2571,20.76664],[-156.25515,20.76788],[-156.25454,20.76905],[-156.25176,20.76974],[-156.25244,20.77096],[-156.25499,20.77378],[-156.25638,20.77656],[-156.25846,20.77959],[-156.25927,20.78209],[-156.26139,20.78408],[-156.26176,20.78516],[-156.26407,20.78731],[-156.26426,20.78804],[-156.26814,20.79172],[-156.26969,20.79283],[-156.27281,20.79404],[-156.27524,20.79628],[-156.27869,20.79739],[-156.27788,20.79805],[-156.27478,20.79887],[-156.26993,20.80276],[-156.26788,20.80303],[-156.27023,20.80767],[-156.27181,20.80989],[-156.27414,20.812],[-156.27565,20.81268],[-156.27601,20.81481],[-156.27563,20.81676],[-156.2763,20.81805],[-156.27818,20.81926],[-156.27819,20.8221],[-156.27879,20.82313],[-156.27938,20.82583],[-156.28012,20.82755],[-156.27993,20.83079],[-156.2786,20.83185],[-156.27872,20.83315],[-156.27772,20.83415],[-156.27767,20.83706],[-156.27806,20.83874],[-156.28166,20.84091],[-156.2831,20.844],[-156.28415,20.84734],[-156.28551,20.84794],[-156.28801,20.84812],[-156.28912,20.84989],[-156.29148,20.85026],[-156.29253,20.84904],[-156.29385,20.84888],[-156.2955,20.85003],[-156.29666,20.85226],[-156.2982,20.85407],[-156.29788,20.85604],[-156.29938,20.85669],[-156.30138,20.85901],[-156.30073,20.86036],[-156.30166,20.86178],[-156.30337,20.86323],[-156.3061,20.86385],[-156.30763,20.86318],[-156.30643,20.8614],[-156.30669,20.85963],[-156.30707,20.85819],[-156.30962,20.85531],[-156.30992,20.85428],[-156.31204,20.85248],[-156.3161,20.85001],[-156.3178,20.84862],[-156.32064,20.84424],[-156.32199,20.8432],[-156.32275,20.84119],[-156.32513,20.83921],[-156.32966,20.83693]]]},"properties":{"dp":"12-02","county":"MAUI","ballottype":"CD2-H12-S07-CC0","us_house":"CD2","state_hous":"H12","state_sena":"S07","county_cou":"CC0"}},{"type":"Feature","geometry":{"type":"Polygon","coordinates":[[[-156.39781,20.84062],[-156.39341,20.84009],[-156.38994,20.83826],[-156.38858,20.83882],[-156.3866,20.83854],[-156.38504,20.83748],[-156.38272,20.83732],[-156.38104,20.83608],[-156.37506,20.83639],[-156.37053,20.83575],[-156.36908,20.83432],[-156.36708,20.83448],[-156.36487,20.83332],[-156.36357,20.83397],[-156.36176,20.83065],[-156.36199,20.82959],[-156.35631,20.82621],[-156.35508,20.82656],[-156.35074,20.82394],[-156.34659,20.82202],[-156.34306,20.82067],[-156.33928,20.81761],[-156.33667,20.81731],[-156.33545,20.81649],[-156.32905,20.81497],[-156.32765,20.81392],[-156.32577,20.81394],[-156.32585,20.81444],[-156.32969,20.82376],[-156.33012,20.82578],[-156.33023,20.8296],[-156.32929,20.83491],[-156.32966,20.83693],[-156.33147,20.83932],[-156.34097,20.84588],[-156.34534,20.84801],[-156.35409,20.85105],[-156.35727,20.85275],[-156.36553,20.85821],[-156.3703,20.8618],[-156.37337,20.86386],[-156.37619,20.86539],[-156.38061,20.86719],[-156.38225,20.86518],[-156.38177,20.86443],[-156.38273,20.86313],[-156.38309,20.8599],[-156.38203,20.85903],[-156.38303,20.85743],[-156.38464,20.85711],[-156.38629,20.85602],[-156.38627,20.85477],[-156.3872,20.85347],[-156.38876,20.85504],[-156.39122,20.8542],[-156.39213,20.85168],[-156.39705,20.84971],[-156.39696,20.84826],[-156.39466,20.84558],[-156.39613,20.84288],[-156.39781,20.84062]]]},"properties":{"dp":"12-03","county":"MAUI","ballottype":"CD2-H12-S07-CC0","us_house":"CD2","state_hous":"H12","state_sena":"S07","county_cou":"CC0"}},{"type":"Feature","geometry":{"type":"Polygon","coordinates":[[[-156.40531,20.83127],[-156.40595,20.82943],[-156.40644,20.82519],[-156.40479,20.82286],[-156.40605,20.81286],[-156.40521,20.81106],[-156.40354,20.8099],[-156.40227,20.80818],[-156.40219,20.80688],[-156.40323,20.80184],[-156.40498,20.7985],[-156.40538,20.79697],[-156.40696,20.78728],[-156.40772,20.78052],[-156.40991,20.77931],[-156.41147,20.7799],[-156.41354,20.77919],[-156.41461,20.7799],[-156.41689,20.77963],[-156.4188,20.77986],[-156.42243,20.7794],[-156.4243,20.77871],[-156.42148,20.77624],[-156.42178,20.7689],[-156.42447,20.76755],[-156.42566,20.76596],[-156.42462,20.76563],[-156.41971,20.76538],[-156.41656,20.76409],[-156.41609,20.76239],[-156.41416,20.76328],[-156.40803,20.75962],[-156.40513,20.75882],[-156.40182,20.75725],[-156.403,20.75465],[-156.41566,20.72539],[-156.41012,20.72318],[-156.40784,20.72138],[-156.4049,20.72036],[-156.40097,20.71732],[-156.40007,20.71457],[-156.39866,20.7123],[-156.39896,20.71166],[-156.39775,20.70992],[-156.40071,20.71025],[-156.4024,20.71092],[-156.40485,20.71097],[-156.40708,20.71183],[-156.4104,20.71194],[-156.41245,20.71282],[-156.41444,20.71437],[-156.41203,20.6483],[-156.41303,20.6485],[-156.41416,20.64467],[-156.41797,20.64461],[-156.42679,20.64381],[-156.42573,20.63886],[-156.42404,20.63741],[-156.4217,20.63617],[-156.41742,20.6357],[-156.41608,20.62478],[-156.41984,20.61502],[-156.42057,20.60843],[-156.42318,20.60539],[-156.42153,20.60308],[-156.41999,20.60413],[-156.41727,20.59968],[-156.41715,20.59709],[-156.41467,20.59581],[-156.41385,20.59316],[-156.41284,20.59137],[-156.41284,20.58953],[-156.41374,20.58869],[-156.41422,20.58641],[-156.4133,20.58601],[-156.41294,20.58364],[-156.4106,20.58235],[-156.40914,20.58306],[-156.40423,20.58311],[-156.40265,20.58224],[-156.40291,20.58023],[-156.40035,20.57903],[-156.39858,20.58027],[-156.39864,20.58156],[-156.39751,20.58188],[-156.39623,20.57994],[-156.39154,20.57972],[-156.39109,20.57902],[-156.3875,20.57901],[-156.3858,20.5796],[-156.38407,20.58095],[-156.38307,20.57916],[-156.37818,20.57737],[-156.37566,20.5751],[-156.37409,20.57566],[-156.37221,20.57491],[-156.37081,20.57563],[-156.36732,20.57584],[-156.36509,20.57754],[-156.36418,20.57726],[-156.36226,20.5779],[-156.35712,20.57873],[-156.35637,20.5797],[-156.35405,20.58065],[-156.35223,20.58032],[-156.35025,20.58053],[-156.34948,20.58163],[-156.34963,20.58344],[-156.3465,20.58373],[-156.34403,20.58298],[-156.34306,20.58367],[-156.34137,20.58303],[-156.34077,20.58179],[-156.33913,20.58025],[-156.33824,20.58096],[-156.33542,20.58105],[-156.33545,20.58238],[-156.33357,20.58264],[-156.33276,20.58391],[-156.32936,20.5842],[-156.32846,20.58475],[-156.32581,20.58367],[-156.32363,20.58488],[-156.32297,20.58451],[-156.32051,20.58492],[-156.31655,20.58386],[-156.31373,20.58362],[-156.31259,20.58407],[-156.31159,20.58336],[-156.31068,20.58417],[-156.30961,20.58319],[-156.30773,20.58281],[-156.30495,20.58378],[-156.30375,20.58259],[-156.3002,20.58268],[-156.29935,20.58327],[-156.2976,20.58308],[-156.29662,20.5841],[-156.2938,20.58459],[-156.29301,20.58521],[-156.29076,20.58549],[-156.28643,20.58754],[-156.28315,20.5918],[-156.28155,20.5932],[-156.27929,20.59377],[-156.27678,20.59348],[-156.27313,20.59536],[-156.2705,20.59552],[-156.269,20.59666],[-156.26774,20.59694],[-156.26691,20.5983],[-156.26358,20.59865],[-156.26242,20.59803],[-156.26007,20.59993],[-156.25911,20.59965],[-156.25721,20.60062],[-156.25647,20.60164],[-156.25414,20.60306],[-156.25202,20.60385],[-156.25006,20.60594],[-156.24717,20.6062],[-156.24546,20.60671],[-156.24363,20.60828],[-156.24457,20.6105],[-156.24627,20.61082],[-156.24779,20.61204],[-156.2515,20.6174],[-156.25321,20.62282],[-156.25488,20.62635],[-156.25454,20.62853],[-156.25348,20.63004],[-156.25292,20.63271],[-156.25292,20.63446],[-156.25367,20.63672],[-156.2533,20.63851],[-156.25377,20.64082],[-156.253,20.64255],[-156.25351,20.6449],[-156.25438,20.64543],[-156.25346,20.64769],[-156.25371,20.64912],[-156.2527,20.65067],[-156.25173,20.65393],[-156.25274,20.65683],[-156.25267,20.65914],[-156.25381,20.66152],[-156.24811,20.65797],[-156.24031,20.65764],[-156.24202,20.6604],[-156.23989,20.66121],[-156.24146,20.66442],[-156.23706,20.66571],[-156.23607,20.66651],[-156.23668,20.66982],[-156.23394,20.66946],[-156.23216,20.66679],[-156.23075,20.66717],[-156.22878,20.66434],[-156.22712,20.66466],[-156.22665,20.66613],[-156.22763,20.66948],[-156.2279,20.67331],[-156.2287,20.67489],[-156.22984,20.67586],[-156.22502,20.67774],[-156.22102,20.6711],[-156.21635,20.665],[-156.20448,20.67002],[-156.19837,20.67202],[-156.18973,20.67419],[-156.17335,20.67809],[-156.16866,20.67933],[-156.1564,20.68234],[-156.15202,20.68254],[-156.13733,20.68367],[-156.13675,20.68812],[-156.13683,20.69013],[-156.13765,20.69251],[-156.13781,20.69556],[-156.1375,20.69733],[-156.13789,20.70262],[-156.13888,20.71089],[-156.13889,20.71385],[-156.13756,20.71514],[-156.13885,20.71708],[-156.13873,20.71802],[-156.1414,20.72235],[-156.14488,20.72412],[-156.14465,20.73363],[-156.14543,20.73725],[-156.15567,20.73702],[-156.15836,20.73713],[-156.17617,20.73706],[-156.19206,20.74623],[-156.20735,20.75355],[-156.21658,20.7579],[-156.22079,20.76008],[-156.22717,20.76376],[-156.23085,20.76573],[-156.24127,20.77142],[-156.24222,20.77351],[-156.24299,20.77347],[-156.24478,20.77498],[-156.24594,20.77461],[-156.24731,20.77278],[-156.2475,20.77173],[-156.25176,20.76974],[-156.25454,20.76905],[-156.25515,20.76788],[-156.2571,20.76664],[-156.25836,20.76497],[-156.26015,20.76506],[-156.26358,20.76689],[-156.26571,20.76857],[-156.26873,20.76923],[-156.27157,20.7714],[-156.27183,20.77249],[-156.27317,20.77312],[-156.2745,20.77465],[-156.2771,20.77579],[-156.2783,20.77723],[-156.28104,20.77946],[-156.28264,20.78014],[-156.28508,20.7845],[-156.28819,20.78705],[-156.29039,20.78725],[-156.29397,20.78912],[-156.29663,20.79123],[-156.29871,20.79338],[-156.30546,20.79585],[-156.30917,20.79813],[-156.31095,20.79953],[-156.31342,20.7995],[-156.3139,20.80049],[-156.31698,20.80087],[-156.31866,20.80277],[-156.32161,20.80279],[-156.32353,20.80408],[-156.32496,20.80426],[-156.32755,20.80591],[-156.3272,20.80895],[-156.32571,20.81299],[-156.32577,20.81394],[-156.32765,20.81392],[-156.32905,20.81497],[-156.33545,20.81649],[-156.33667,20.81731],[-156.33928,20.81761],[-156.34306,20.82067],[-156.34659,20.82202],[-156.35074,20.82394],[-156.35508,20.82656],[-156.35631,20.82621],[-156.36199,20.82959],[-156.36176,20.83065],[-156.36357,20.83397],[-156.36487,20.83332],[-156.36708,20.83448],[-156.36908,20.83432],[-156.37053,20.83575],[-156.37506,20.83639],[-156.38104,20.83608],[-156.38272,20.83732],[-156.38504,20.83748],[-156.3866,20.83854],[-156.38858,20.83882],[-156.38994,20.83826],[-156.39341,20.84009],[-156.39781,20.84062],[-156.3985,20.83971],[-156.39915,20.83687],[-156.40146,20.83708],[-156.40498,20.83216],[-156.40531,20.83127]]]},"properties":{"dp":"12-04","county":"MAUI","ballottype":"CD2-H12-S07-CC0","us_house":"CD2","state_hous":"H12","state_sena":"S07","county_cou":"CC0"}},{"type":"Feature","geometry":{"type":"Polygon","coordinates":[[[-156.46277,20.8454],[-156.46333,20.84212],[-156.46629,20.83063],[-156.46841,20.81292],[-156.4681,20.80792],[-156.46647,20.80119],[-156.46572,20.79886],[-156.46281,20.78731],[-156.46167,20.78566],[-156.45754,20.7818],[-156.45573,20.7828],[-156.45321,20.78663],[-156.4506,20.78721],[-156.44701,20.78716],[-156.44772,20.78602],[-156.44469,20.7845],[-156.44262,20.78286],[-156.43954,20.78216],[-156.4335,20.78298],[-156.43192,20.78223],[-156.43029,20.78272],[-156.42841,20.78215],[-156.4243,20.77871],[-156.42243,20.7794],[-156.4188,20.77986],[-156.41689,20.77963],[-156.41461,20.7799],[-156.41354,20.77919],[-156.41147,20.7799],[-156.40991,20.77931],[-156.40772,20.78052],[-156.40696,20.78728],[-156.40538,20.79697],[-156.40498,20.7985],[-156.40323,20.80184],[-156.40219,20.80688],[-156.40227,20.80818],[-156.40354,20.8099],[-156.40521,20.81106],[-156.40605,20.81286],[-156.40479,20.82286],[-156.40644,20.82519],[-156.40595,20.82943],[-156.40531,20.83127],[-156.41111,20.82938],[-156.41171,20.8294],[-156.41774,20.83153],[-156.41887,20.83219],[-156.43188,20.84673],[-156.43692,20.84732],[-156.44231,20.84711],[-156.44899,20.84662],[-156.45729,20.84551],[-156.46094,20.84478],[-156.46277,20.8454]]]},"properties":{"dp":"12-05","county":"MAUI","ballottype":"CD2-H12-S06-CC0","us_house":"CD2","state_hous":"H12","state_sena":"S06","county_cou":"CC0"}},{"type":"Feature","geometry":{"type":"Polygon","coordinates":[[[-156.38779,20.86979],[-156.38801,20.8709],[-156.38642,20.87297],[-156.38457,20.87421],[-156.3822,20.87451],[-156.37988,20.87681],[-156.378,20.87629],[-156.37664,20.87521],[-156.3758,20.8755],[-156.37592,20.87821],[-156.3738,20.8818],[-156.37461,20.8834],[-156.37685,20.88597],[-156.37691,20.88727],[-156.37474,20.8887],[-156.37198,20.88988],[-156.37034,20.88994],[-156.36887,20.89081],[-156.36687,20.8912],[-156.3658,20.89428],[-156.36328,20.89511],[-156.36005,20.89915],[-156.35755,20.89764],[-156.35651,20.89662],[-156.35196,20.89314],[-156.35059,20.89154],[-156.34821,20.89037],[-156.34856,20.88887],[-156.34768,20.88706],[-156.34581,20.88632],[-156.34407,20.88429],[-156.34175,20.88319],[-156.34006,20.88179],[-156.3391,20.88021],[-156.3351,20.87874],[-156.33462,20.8774],[-156.33144,20.87614],[-156.32874,20.87369],[-156.32745,20.87311],[-156.32515,20.8703],[-156.32192,20.86904],[-156.32056,20.86686],[-156.31882,20.86545],[-156.31781,20.86258],[-156.31382,20.86125],[-156.31266,20.85954],[-156.31115,20.86114],[-156.30987,20.86022],[-156.30897,20.86122],[-156.30789,20.85993],[-156.30669,20.85963],[-156.30643,20.8614],[-156.30763,20.86318],[-156.3061,20.86385],[-156.30881,20.86426],[-156.30966,20.86674],[-156.31174,20.86872],[-156.31306,20.86789],[-156.31534,20.87081],[-156.31679,20.87162],[-156.31775,20.87284],[-156.31911,20.8727],[-156.32175,20.87491],[-156.32144,20.87684],[-156.32296,20.87703],[-156.32404,20.87934],[-156.32495,20.88009],[-156.32317,20.88395],[-156.32346,20.88734],[-156.32231,20.88938],[-156.32266,20.89324],[-156.3243,20.89397],[-156.32424,20.89559],[-156.32565,20.89756],[-156.32593,20.89928],[-156.32718,20.9028],[-156.32872,20.90328],[-156.32838,20.90605],[-156.32966,20.90772],[-156.32927,20.91103],[-156.33083,20.91302],[-156.32925,20.91436],[-156.33137,20.91535],[-156.33414,20.91724],[-156.33423,20.92101],[-156.33362,20.92268],[-156.33513,20.92467],[-156.33496,20.92799],[-156.33683,20.93005],[-156.338,20.92992],[-156.33921,20.93251],[-156.33958,20.93431],[-156.33922,20.93586],[-156.34065,20.93804],[-156.34436,20.93842],[-156.34706,20.93786],[-156.3498,20.93788],[-156.35089,20.93639],[-156.35265,20.9358],[-156.35367,20.93648],[-156.35558,20.93626],[-156.35583,20.93449],[-156.35846,20.93332],[-156.36063,20.93336],[-156.36246,20.93152],[-156.36751,20.92942],[-156.36891,20.92954],[-156.37058,20.92867],[-156.3702,20.92682],[-156.37134,20.9239],[-156.37453,20.92239],[-156.37575,20.92303],[-156.37795,20.92191],[-156.37816,20.92015],[-156.37969,20.91951],[-156.38088,20.91984],[-156.3813,20.91749],[-156.38402,20.9159],[-156.38697,20.91584],[-156.39063,20.91537],[-156.39231,20.91551],[-156.39509,20.91373],[-156.39723,20.91309],[-156.40137,20.91276],[-156.40447,20.91314],[-156.40587,20.91168],[-156.40828,20.91098],[-156.40886,20.90999],[-156.41118,20.90943],[-156.41246,20.90807],[-156.41445,20.9087],[-156.41608,20.90801],[-156.41947,20.90816],[-156.42174,20.91033],[-156.42298,20.91045],[-156.42532,20.90981],[-156.42757,20.90878],[-156.43125,20.90634],[-156.43282,20.90443],[-156.43396,20.90368],[-156.43659,20.90318],[-156.44062,20.9006],[-156.44252,20.89971],[-156.44693,20.89908],[-156.44688,20.89734],[-156.44382,20.89439],[-156.44254,20.89258],[-156.44417,20.89173],[-156.4431,20.89017],[-156.44378,20.88849],[-156.44136,20.88736],[-156.44183,20.88435],[-156.43989,20.88306],[-156.43885,20.88298],[-156.43554,20.88734],[-156.43463,20.88757],[-156.43284,20.88656],[-156.43115,20.88733],[-156.42893,20.88632],[-156.42454,20.88568],[-156.41562,20.88245],[-156.41272,20.88165],[-156.40836,20.88094],[-156.40556,20.87985],[-156.40384,20.87871],[-156.39905,20.87461],[-156.39539,20.87257],[-156.38779,20.86979]]]},"properties":{"dp":"13-01","county":"MAUI","ballottype":"CD2-H13-S07-CC0","us_house":"CD2","state_hous":"H13","state_sena":"S07","county_cou":"CC0"}},{"type":"Feature","geometry":{"type":"Polygon","coordinates":[[[-156.25176,20.76974],[-156.2475,20.77173],[-156.24731,20.77278],[-156.24594,20.77461],[-156.24478,20.77498],[-156.24299,20.77347],[-156.24222,20.77351],[-156.24127,20.77142],[-156.23085,20.76573],[-156.23147,20.76879],[-156.23317,20.7716],[-156.23365,20.77385],[-156.23435,20.77476],[-156.23357,20.77711],[-156.23566,20.77848],[-156.23498,20.78],[-156.23558,20.78235],[-156.23495,20.78372],[-156.23569,20.78631],[-156.23449,20.78883],[-156.23443,20.79204],[-156.23405,20.79475],[-156.23182,20.79776],[-156.2311,20.80013],[-156.23141,20.80344],[-156.23101,20.80696],[-156.22985,20.80861],[-156.23201,20.81279],[-156.23107,20.81403],[-156.23146,20.81659],[-156.23037,20.81791],[-156.23006,20.81982],[-156.22719,20.8221],[-156.22696,20.82291],[-156.22218,20.82763],[-156.21975,20.82902],[-156.21939,20.83066],[-156.22095,20.83158],[-156.22006,20.83298],[-156.21845,20.83866],[-156.21607,20.84462],[-156.21584,20.84608],[-156.21385,20.85103],[-156.21058,20.8555],[-156.21016,20.85708],[-156.20754,20.85883],[-156.20603,20.8619],[-156.20618,20.86423],[-156.20509,20.86596],[-156.20543,20.86826],[-156.20516,20.87115],[-156.20366,20.87215],[-156.20332,20.8735],[-156.20107,20.87562],[-156.19936,20.87979],[-156.19795,20.87992],[-156.1985,20.88431],[-156.19761,20.88513],[-156.19617,20.88853],[-156.19316,20.89257],[-156.19442,20.89347],[-156.19825,20.89483],[-156.20054,20.89715],[-156.20357,20.898],[-156.20493,20.89907],[-156.20542,20.9007],[-156.20882,20.90291],[-156.2113,20.90273],[-156.21187,20.90471],[-156.21408,20.90694],[-156.2144,20.90908],[-156.21451,20.91329],[-156.21694,20.91387],[-156.21771,20.91482],[-156.21938,20.91527],[-156.22286,20.9155],[-156.22662,20.91884],[-156.22586,20.92078],[-156.22705,20.92099],[-156.22736,20.92391],[-156.22798,20.92474],[-156.22832,20.92781],[-156.22943,20.92774],[-156.23144,20.92859],[-156.23218,20.92774],[-156.23456,20.92884],[-156.2357,20.92984],[-156.236,20.93188],[-156.23934,20.93531],[-156.24094,20.93562],[-156.24173,20.93502],[-156.24413,20.93523],[-156.24728,20.93634],[-156.25034,20.93622],[-156.25235,20.93717],[-156.254,20.93351],[-156.25628,20.93376],[-156.2589,20.93622],[-156.25956,20.93632],[-156.26241,20.93911],[-156.26329,20.93805],[-156.26517,20.93747],[-156.26735,20.93533],[-156.27029,20.93422],[-156.27226,20.93417],[-156.27426,20.93499],[-156.27571,20.93733],[-156.27632,20.93946],[-156.27744,20.94121],[-156.27855,20.94171],[-156.27924,20.94358],[-156.28021,20.94378],[-156.28178,20.94556],[-156.28491,20.94414],[-156.28754,20.94391],[-156.28963,20.94277],[-156.29103,20.94281],[-156.29309,20.9415],[-156.29622,20.94301],[-156.29868,20.94095],[-156.30115,20.94137],[-156.30237,20.94111],[-156.30448,20.93936],[-156.30646,20.93951],[-156.31119,20.94179],[-156.31264,20.94366],[-156.3143,20.94429],[-156.31662,20.94428],[-156.31751,20.94247],[-156.31888,20.94256],[-156.3197,20.94533],[-156.32123,20.94637],[-156.32236,20.94637],[-156.32514,20.94353],[-156.32697,20.94436],[-156.32873,20.94409],[-156.3307,20.9426],[-156.3319,20.94228],[-156.33333,20.943],[-156.33416,20.94006],[-156.3367,20.93867],[-156.33936,20.93868],[-156.34065,20.93804],[-156.33922,20.93586],[-156.33958,20.93431],[-156.33921,20.93251],[-156.338,20.92992],[-156.33683,20.93005],[-156.33496,20.92799],[-156.33513,20.92467],[-156.33362,20.92268],[-156.33423,20.92101],[-156.33414,20.91724],[-156.33137,20.91535],[-156.32925,20.91436],[-156.33083,20.91302],[-156.32927,20.91103],[-156.32966,20.90772],[-156.32838,20.90605],[-156.32872,20.90328],[-156.32718,20.9028],[-156.32593,20.89928],[-156.32565,20.89756],[-156.32424,20.89559],[-156.3243,20.89397],[-156.32266,20.89324],[-156.32231,20.88938],[-156.32346,20.88734],[-156.32317,20.88395],[-156.32495,20.88009],[-156.32404,20.87934],[-156.32296,20.87703],[-156.32144,20.87684],[-156.32175,20.87491],[-156.31911,20.8727],[-156.31775,20.87284],[-156.31679,20.87162],[-156.31534,20.87081],[-156.31306,20.86789],[-156.31174,20.86872],[-156.30966,20.86674],[-156.30881,20.86426],[-156.3061,20.86385],[-156.30337,20.86323],[-156.30166,20.86178],[-156.30073,20.86036],[-156.30138,20.85901],[-156.29938,20.85669],[-156.29788,20.85604],[-156.2982,20.85407],[-156.29666,20.85226],[-156.2955,20.85003],[-156.29385,20.84888],[-156.29253,20.84904],[-156.29148,20.85026],[-156.28912,20.84989],[-156.28801,20.84812],[-156.28551,20.84794],[-156.28415,20.84734],[-156.2831,20.844],[-156.28166,20.84091],[-156.27806,20.83874],[-156.27767,20.83706],[-156.27772,20.83415],[-156.27872,20.83315],[-156.2786,20.83185],[-156.27993,20.83079],[-156.28012,20.82755],[-156.27938,20.82583],[-156.27879,20.82313],[-156.27819,20.8221],[-156.27818,20.81926],[-156.2763,20.81805],[-156.27563,20.81676],[-156.27601,20.81481],[-156.27565,20.81268],[-156.27414,20.812],[-156.27181,20.80989],[-156.27023,20.80767],[-156.26788,20.80303],[-156.26993,20.80276],[-156.27478,20.79887],[-156.27788,20.79805],[-156.27869,20.79739],[-156.27524,20.79628],[-156.27281,20.79404],[-156.26969,20.79283],[-156.26814,20.79172],[-156.26426,20.78804],[-156.26407,20.78731],[-156.26176,20.78516],[-156.26139,20.78408],[-156.25927,20.78209],[-156.25846,20.77959],[-156.25638,20.77656],[-156.25499,20.77378],[-156.25244,20.77096],[-156.25176,20.76974]]]},"properties":{"dp":"13-02","county":"MAUI","ballottype":"CD2-H13-S07-CC0","us_house":"CD2","state_hous":"H13","state_sena":"S07","county_cou":"CC0"}},{"type":"Feature","geometry":{"type":"Polygon","coordinates":[[[-156.24363,20.60828],[-156.24275,20.6089],[-156.23936,20.61],[-156.23812,20.61143],[-156.23537,20.61074],[-156.23234,20.6123],[-156.23082,20.61235],[-156.22647,20.61558],[-156.2252,20.61569],[-156.22368,20.61816],[-156.2223,20.61952],[-156.21903,20.6199],[-156.21776,20.62144],[-156.21531,20.62249],[-156.21432,20.62229],[-156.21234,20.62385],[-156.2079,20.62508],[-156.20662,20.62449],[-156.20447,20.62496],[-156.20333,20.62607],[-156.20045,20.62718],[-156.1982,20.62703],[-156.19467,20.62811],[-156.19024,20.62854],[-156.18803,20.62812],[-156.18707,20.62699],[-156.18437,20.62639],[-156.18098,20.62655],[-156.17923,20.62712],[-156.17773,20.62651],[-156.17787,20.62374],[-156.17648,20.62218],[-156.1721,20.62082],[-156.17018,20.62114],[-156.17024,20.62199],[-156.16656,20.62417],[-156.16493,20.62317],[-156.1653,20.62216],[-156.16458,20.62078],[-156.16299,20.62069],[-156.16222,20.62241],[-156.15411,20.62634],[-156.15216,20.62582],[-156.14772,20.62561],[-156.14542,20.62572],[-156.14088,20.61978],[-156.14043,20.6183],[-156.13635,20.62011],[-156.13458,20.62131],[-156.13531,20.62318],[-156.13431,20.62389],[-156.13239,20.62422],[-156.13006,20.62312],[-156.12801,20.6231],[-156.1273,20.62608],[-156.12547,20.62779],[-156.12483,20.62919],[-156.12326,20.63045],[-156.12135,20.63078],[-156.12033,20.63019],[-156.11828,20.63059],[-156.11578,20.63269],[-156.11461,20.63322],[-156.11219,20.63516],[-156.1107,20.63714],[-156.11133,20.6388],[-156.11078,20.63979],[-156.1094,20.63984],[-156.10757,20.64113],[-156.10596,20.64019],[-156.10281,20.64042],[-156.09915,20.6422],[-156.09673,20.64151],[-156.09376,20.64146],[-156.09367,20.64233],[-156.0907,20.64358],[-156.0888,20.64365],[-156.08521,20.64634],[-156.08425,20.64772],[-156.08267,20.64817],[-156.0799,20.65072],[-156.07803,20.65117],[-156.07452,20.6497],[-156.07293,20.64788],[-156.06535,20.64649],[-156.06379,20.64693],[-156.06254,20.64838],[-156.06052,20.64783],[-156.05727,20.64894],[-156.05581,20.65015],[-156.05415,20.65034],[-156.05292,20.65128],[-156.04939,20.65079],[-156.04717,20.65262],[-156.04544,20.65345],[-156.0467,20.65449],[-156.04631,20.65561],[-156.04729,20.6584],[-156.04661,20.65882],[-156.04461,20.65764],[-156.04335,20.6589],[-156.041,20.66233],[-156.04084,20.66675],[-156.03937,20.66921],[-156.03824,20.66941],[-156.03565,20.67088],[-156.03406,20.67376],[-156.03182,20.67459],[-156.03006,20.67704],[-156.02833,20.67808],[-156.02776,20.67931],[-156.02558,20.6808],[-156.02369,20.68108],[-156.0221,20.68026],[-156.01827,20.68331],[-156.01681,20.68382],[-156.01537,20.68264],[-156.01314,20.68202],[-156.01181,20.68234],[-156.01113,20.68334],[-156.00839,20.68509],[-156.00885,20.68569],[-156.00537,20.68817],[-156.00412,20.69064],[-156.00115,20.69356],[-156.00118,20.6943],[-155.99915,20.69503],[-155.99816,20.69488],[-155.9986,20.69887],[-155.99738,20.6997],[-155.99679,20.7028],[-155.99489,20.70335],[-155.99258,20.70631],[-155.99167,20.70619],[-155.99107,20.70811],[-155.98828,20.70776],[-155.98867,20.71071],[-155.98809,20.7113],[-155.98861,20.71295],[-155.98851,20.71576],[-155.98808,20.71793],[-155.98448,20.7195],[-155.98457,20.72319],[-155.98424,20.72575],[-155.98322,20.72716],[-155.98537,20.72831],[-155.98599,20.72936],[-155.98599,20.7325],[-155.98405,20.7332],[-155.98368,20.73432],[-155.98409,20.73617],[-155.98271,20.74024],[-155.98335,20.74208],[-155.98374,20.74501],[-155.98326,20.74523],[-155.98264,20.74952],[-155.9834,20.7507],[-155.98276,20.75171],[-155.98136,20.75192],[-155.98131,20.75318],[-155.97927,20.75311],[-155.97938,20.75504],[-155.98007,20.75646],[-155.98212,20.75536],[-155.98358,20.7552],[-155.9869,20.75976],[-155.98612,20.76188],[-155.985,20.76284],[-155.98198,20.76406],[-155.98064,20.76371],[-155.9795,20.76465],[-155.97964,20.76573],[-155.98178,20.76564],[-155.98335,20.76624],[-155.98438,20.76743],[-155.98529,20.77113],[-155.98511,20.77356],[-155.98628,20.77518],[-155.98839,20.77662],[-155.98882,20.77743],[-155.99145,20.77906],[-155.99314,20.78219],[-155.99513,20.78281],[-155.99697,20.78444],[-155.99674,20.78508],[-156.0009,20.78646],[-156.00088,20.78766],[-156.0034,20.78826],[-156.00019,20.79138],[-156.00136,20.79277],[-156.00454,20.79385],[-156.00546,20.7937],[-156.0084,20.79694],[-156.00992,20.79739],[-156.01247,20.79672],[-156.01778,20.79832],[-156.02223,20.80163],[-156.02362,20.80196],[-156.02898,20.80438],[-156.0316,20.80511],[-156.03613,20.80558],[-156.03871,20.80702],[-156.03981,20.80538],[-156.04179,20.80502],[-156.04461,20.80555],[-156.04571,20.80681],[-156.0479,20.80736],[-156.04889,20.80851],[-156.0501,20.80686],[-156.05297,20.80682],[-156.05343,20.80767],[-156.05525,20.807],[-156.0571,20.80738],[-156.05959,20.8099],[-156.05962,20.81101],[-156.06132,20.81113],[-156.06158,20.81214],[-156.06372,20.81224],[-156.06545,20.81605],[-156.0678,20.81677],[-156.07082,20.81861],[-156.07281,20.81883],[-156.07617,20.82142],[-156.07683,20.82267],[-156.07867,20.82225],[-156.07892,20.82352],[-156.08008,20.82362],[-156.08138,20.82517],[-156.08277,20.82495],[-156.08459,20.82645],[-156.08526,20.82759],[-156.08793,20.82877],[-156.08882,20.82776],[-156.09163,20.82711],[-156.09346,20.82802],[-156.09509,20.82729],[-156.09522,20.82579],[-156.09718,20.82521],[-156.10107,20.82513],[-156.10347,20.82549],[-156.10443,20.82521],[-156.1069,20.82312],[-156.108,20.82431],[-156.11001,20.82507],[-156.11156,20.8249],[-156.11564,20.82681],[-156.11591,20.8277],[-156.11523,20.82983],[-156.11575,20.83124],[-156.11791,20.83244],[-156.11818,20.83355],[-156.11947,20.83449],[-156.12048,20.8362],[-156.12076,20.83803],[-156.12586,20.8396],[-156.1274,20.84276],[-156.1268,20.84427],[-156.12843,20.84878],[-156.12875,20.85225],[-156.12981,20.85504],[-156.13196,20.85595],[-156.13013,20.85818],[-156.13188,20.85882],[-156.13359,20.85827],[-156.13575,20.85837],[-156.13879,20.85791],[-156.13956,20.85816],[-156.14344,20.85779],[-156.14435,20.85861],[-156.14305,20.86179],[-156.14369,20.86259],[-156.14346,20.86417],[-156.1449,20.86452],[-156.14593,20.86582],[-156.14753,20.8647],[-156.14791,20.86253],[-156.15066,20.86028],[-156.1522,20.85968],[-156.15694,20.85874],[-156.15816,20.85972],[-156.15845,20.86159],[-156.16055,20.86209],[-156.16179,20.86343],[-156.16341,20.86362],[-156.16456,20.86106],[-156.16677,20.86082],[-156.16692,20.86382],[-156.16675,20.8685],[-156.16808,20.87197],[-156.17083,20.87375],[-156.17243,20.87441],[-156.17408,20.87347],[-156.17578,20.87649],[-156.17874,20.87778],[-156.17998,20.87891],[-156.18231,20.88005],[-156.18413,20.88243],[-156.186,20.88414],[-156.18803,20.88536],[-156.19151,20.88795],[-156.193,20.89023],[-156.19215,20.89169],[-156.19316,20.89257],[-156.19617,20.88853],[-156.19761,20.88513],[-156.1985,20.88431],[-156.19795,20.87992],[-156.19936,20.87979],[-156.20107,20.87562],[-156.20332,20.8735],[-156.20366,20.87215],[-156.20516,20.87115],[-156.20543,20.86826],[-156.20509,20.86596],[-156.20618,20.86423],[-156.20603,20.8619],[-156.20754,20.85883],[-156.21016,20.85708],[-156.21058,20.8555],[-156.21385,20.85103],[-156.21584,20.84608],[-156.21607,20.84462],[-156.21845,20.83866],[-156.22006,20.83298],[-156.22095,20.83158],[-156.21939,20.83066],[-156.21975,20.82902],[-156.22218,20.82763],[-156.22696,20.82291],[-156.22719,20.8221],[-156.23006,20.81982],[-156.23037,20.81791],[-156.23146,20.81659],[-156.23107,20.81403],[-156.23201,20.81279],[-156.22985,20.80861],[-156.23101,20.80696],[-156.23141,20.80344],[-156.2311,20.80013],[-156.23182,20.79776],[-156.23405,20.79475],[-156.23443,20.79204],[-156.23449,20.78883],[-156.23569,20.78631],[-156.23495,20.78372],[-156.23558,20.78235],[-156.23498,20.78],[-156.23566,20.77848],[-156.23357,20.77711],[-156.23435,20.77476],[-156.23365,20.77385],[-156.23317,20.7716],[-156.23147,20.76879],[-156.23085,20.76573],[-156.22717,20.76376],[-156.22079,20.76008],[-156.21658,20.7579],[-156.20735,20.75355],[-156.19206,20.74623],[-156.17617,20.73706],[-156.15836,20.73713],[-156.15567,20.73702],[-156.14543,20.73725],[-156.14465,20.73363],[-156.14488,20.72412],[-156.1414,20.72235],[-156.13873,20.71802],[-156.13885,20.71708],[-156.13756,20.71514],[-156.13889,20.71385],[-156.13888,20.71089],[-156.13789,20.70262],[-156.1375,20.69733],[-156.13781,20.69556],[-156.13765,20.69251],[-156.13683,20.69013],[-156.13675,20.68812],[-156.13733,20.68367],[-156.15202,20.68254],[-156.1564,20.68234],[-156.16866,20.67933],[-156.17335,20.67809],[-156.18973,20.67419],[-156.19837,20.67202],[-156.20448,20.67002],[-156.21635,20.665],[-156.22102,20.6711],[-156.22502,20.67774],[-156.22984,20.67586],[-156.2287,20.67489],[-156.2279,20.67331],[-156.22763,20.66948],[-156.22665,20.66613],[-156.22712,20.66466],[-156.22878,20.66434],[-156.23075,20.66717],[-156.23216,20.66679],[-156.23394,20.66946],[-156.23668,20.66982],[-156.23607,20.66651],[-156.23706,20.66571],[-156.24146,20.66442],[-156.23989,20.66121],[-156.24202,20.6604],[-156.24031,20.65764],[-156.24811,20.65797],[-156.25381,20.66152],[-156.25267,20.65914],[-156.25274,20.65683],[-156.25173,20.65393],[-156.2527,20.65067],[-156.25371,20.64912],[-156.25346,20.64769],[-156.25438,20.64543],[-156.25351,20.6449],[-156.253,20.64255],[-156.25377,20.64082],[-156.2533,20.63851],[-156.25367,20.63672],[-156.25292,20.63446],[-156.25292,20.63271],[-156.25348,20.63004],[-156.25454,20.62853],[-156.25488,20.62635],[-156.25321,20.62282],[-156.2515,20.6174],[-156.24779,20.61204],[-156.24627,20.61082],[-156.24457,20.6105],[-156.24363,20.60828]]]},"properties":{"dp":"13-03","county":"MAUI","ballottype":"CD2-H13-S07-CC0","us_house":"CD2","state_hous":"H13","state_sena":"S07","county_cou":"CC0"}},{"type":"Feature","geometry":{"type":"Polygon","coordinates":[[[-156.9925,20.78652],[-156.99169,20.78081],[-156.98887,20.77884],[-156.98863,20.77538],[-156.98801,20.77269],[-156.98588,20.76812],[-156.98494,20.76464],[-156.98429,20.76104],[-156.98288,20.75636],[-156.98158,20.75308],[-156.97766,20.74921],[-156.97707,20.74767],[-156.97532,20.74739],[-156.97355,20.7464],[-156.97076,20.7429],[-156.97024,20.74174],[-156.96831,20.74033],[-156.96764,20.73923],[-156.96753,20.73728],[-156.96554,20.73618],[-156.96626,20.73344],[-156.96532,20.73205],[-156.96137,20.73201],[-156.95973,20.73325],[-156.95803,20.73304],[-156.95665,20.73437],[-156.95546,20.73373],[-156.95181,20.73384],[-156.95056,20.73507],[-156.94674,20.73492],[-156.94377,20.73578],[-156.94215,20.73504],[-156.93911,20.73607],[-156.93436,20.73412],[-156.9338,20.735],[-156.93108,20.7362],[-156.92961,20.73605],[-156.92916,20.73489],[-156.92803,20.73485],[-156.92706,20.73611],[-156.92543,20.73459],[-156.92457,20.73565],[-156.92303,20.73532],[-156.92134,20.73576],[-156.91811,20.73803],[-156.91651,20.73723],[-156.9157,20.73775],[-156.91227,20.73723],[-156.91108,20.73628],[-156.90964,20.73764],[-156.90725,20.73569],[-156.90608,20.73649],[-156.9044,20.73656],[-156.90332,20.73736],[-156.90199,20.73733],[-156.89998,20.73987],[-156.8984,20.74028],[-156.8964,20.74004],[-156.89352,20.73875],[-156.89339,20.73492],[-156.89194,20.73549],[-156.88996,20.73522],[-156.88991,20.73735],[-156.88728,20.73792],[-156.8865,20.74014],[-156.88765,20.7416],[-156.88774,20.74307],[-156.88444,20.74407],[-156.88169,20.74248],[-156.87977,20.74179],[-156.87798,20.74293],[-156.87678,20.74277],[-156.87481,20.74462],[-156.87367,20.74633],[-156.87194,20.74632],[-156.87011,20.74801],[-156.86756,20.75097],[-156.86656,20.75165],[-156.86353,20.75201],[-156.86298,20.75311],[-156.8605,20.75377],[-156.85919,20.75352],[-156.85446,20.75559],[-156.8525,20.75786],[-156.8511,20.75787],[-156.85016,20.75701],[-156.84651,20.75702],[-156.84512,20.75743],[-156.84404,20.75692],[-156.8416,20.75763],[-156.83868,20.75911],[-156.83821,20.75986],[-156.8361,20.76077],[-156.83478,20.76211],[-156.83396,20.7644],[-156.83243,20.7659],[-156.8308,20.76652],[-156.8284,20.77056],[-156.82843,20.77159],[-156.82678,20.77518],[-156.82551,20.77691],[-156.82257,20.78193],[-156.82052,20.7843],[-156.82024,20.78526],[-156.8185,20.78734],[-156.81435,20.7913],[-156.81366,20.79316],[-156.81239,20.79492],[-156.80967,20.79993],[-156.80986,20.80091],[-156.80624,20.80661],[-156.80596,20.81074],[-156.80622,20.81151],[-156.80539,20.81742],[-156.80608,20.82255],[-156.80908,20.82678],[-156.8102,20.82896],[-156.81137,20.8297],[-156.81458,20.83334],[-156.81762,20.83849],[-156.82007,20.84352],[-156.82168,20.84721],[-156.82606,20.85129],[-156.82855,20.85437],[-156.82914,20.8563],[-156.83157,20.85873],[-156.83568,20.86168],[-156.83803,20.86487],[-156.84115,20.867],[-156.84471,20.8699],[-156.84793,20.87318],[-156.85053,20.87553],[-156.85278,20.87715],[-156.85469,20.87778],[-156.85655,20.87971],[-156.85797,20.88247],[-156.86002,20.88367],[-156.86303,20.88628],[-156.86622,20.88955],[-156.86658,20.89051],[-156.86891,20.89267],[-156.86986,20.89235],[-156.87159,20.89385],[-156.87295,20.89385],[-156.87423,20.8955],[-156.87637,20.89746],[-156.87973,20.90118],[-156.881,20.9036],[-156.88336,20.90482],[-156.88437,20.90457],[-156.88594,20.90558],[-156.88774,20.9075],[-156.89508,20.91245],[-156.89745,20.91246],[-156.89857,20.91304],[-156.90052,20.91498],[-156.90272,20.91546],[-156.90362,20.91619],[-156.9067,20.91669],[-156.90825,20.91762],[-156.91022,20.9178],[-156.9119,20.91856],[-156.91595,20.91945],[-156.92243,20.9198],[-156.92707,20.92066],[-156.93076,20.92201],[-156.93294,20.92173],[-156.93486,20.9221],[-156.93767,20.9235],[-156.9424,20.92216],[-156.94459,20.92263],[-156.95016,20.92257],[-156.95231,20.92352],[-156.95388,20.92309],[-156.96012,20.92303],[-156.96409,20.92374],[-156.96757,20.9237],[-156.96878,20.92316],[-156.97282,20.92401],[-156.97763,20.92642],[-156.97898,20.9265],[-156.98267,20.92754],[-156.98506,20.9286],[-156.98759,20.92931],[-156.99384,20.9276],[-156.99731,20.92837],[-157.00109,20.92795],[-157.0034,20.92647],[-157.00483,20.92681],[-157.00645,20.92639],[-157.00929,20.92636],[-157.01053,20.92579],[-157.01634,20.92601],[-157.01741,20.9266],[-157.02333,20.92611],[-157.02642,20.92486],[-157.03022,20.92404],[-157.03157,20.92414],[-157.03338,20.92354],[-157.03663,20.92191],[-157.03985,20.91932],[-157.04097,20.91926],[-157.04217,20.91767],[-157.04411,20.91725],[-157.04804,20.91463],[-157.04944,20.91318],[-157.05117,20.91396],[-157.05227,20.91349],[-157.05322,20.9118],[-157.05451,20.91174],[-157.05694,20.91022],[-157.05694,20.90942],[-157.05851,20.9057],[-157.05831,20.90358],[-157.06029,20.90185],[-157.05881,20.90008],[-157.06,20.8992],[-157.05918,20.8977],[-157.06041,20.89656],[-157.06021,20.89239],[-157.06224,20.89118],[-157.06129,20.8889],[-157.06004,20.88894],[-157.05809,20.88546],[-157.0577,20.88398],[-157.05672,20.88329],[-157.05748,20.88153],[-157.05666,20.88013],[-157.05324,20.87872],[-157.05266,20.87718],[-157.05366,20.87621],[-157.05236,20.87468],[-157.0524,20.87291],[-157.05007,20.87162],[-157.04893,20.87018],[-157.04637,20.87028],[-157.04365,20.86882],[-157.04208,20.86669],[-157.0397,20.86726],[-157.03763,20.86604],[-157.037,20.86461],[-157.03499,20.86194],[-157.03362,20.86196],[-157.0327,20.86332],[-157.03125,20.86327],[-157.02742,20.86144],[-157.02574,20.86013],[-157.02154,20.85897],[-157.01781,20.85715],[-157.01478,20.85538],[-157.01334,20.85343],[-157.0114,20.85332],[-157.00901,20.85171],[-157.00666,20.84946],[-157.00564,20.84732],[-157.00361,20.84618],[-157.00274,20.8438],[-157.00169,20.84211],[-157.00052,20.84115],[-156.99768,20.83683],[-156.99772,20.83583],[-156.99605,20.83363],[-156.99536,20.83126],[-156.99419,20.83088],[-156.99235,20.82869],[-156.99163,20.8259],[-156.98918,20.82367],[-156.98913,20.82155],[-156.98742,20.81897],[-156.98739,20.81715],[-156.9879,20.81412],[-156.98642,20.81285],[-156.98634,20.81159],[-156.98753,20.81007],[-156.98659,20.80777],[-156.98823,20.80681],[-156.98833,20.805],[-156.98729,20.80402],[-156.98775,20.80254],[-156.99016,20.80114],[-156.98999,20.79902],[-156.98862,20.79815],[-156.98783,20.7963],[-156.99045,20.79569],[-156.98976,20.7946],[-156.99049,20.7934],[-156.98867,20.79248],[-156.98973,20.79114],[-156.98955,20.78935],[-156.99016,20.78834],[-156.99191,20.78781],[-156.9925,20.78652]]]},"properties":{"dp":"13-04","county":"MAUI","ballottype":"CD2-H13-S07-CC0","us_house":"CD2","state_hous":"H13","state_sena":"S07","county_cou":"CC0"}},{"type":"Feature","geometry":{"type":"Polygon","coordinates":[[[-156.89682,21.05511],[-156.89492,21.05521],[-156.89353,21.05451],[-156.89347,21.05172],[-156.89211,21.04984],[-156.89054,21.04896],[-156.88753,21.04874],[-156.88523,21.04906],[-156.88378,21.04731],[-156.88161,21.04655],[-156.8808,21.04709],[-156.87826,21.04672],[-156.87476,21.04677],[-156.87304,21.04895],[-156.87067,21.0505],[-156.86888,21.04936],[-156.86609,21.05022],[-156.86399,21.05225],[-156.86063,21.05266],[-156.85972,21.05515],[-156.85647,21.05601],[-156.85585,21.05661],[-156.853,21.05662],[-156.85151,21.05736],[-156.84915,21.05631],[-156.84791,21.05376],[-156.84853,21.05216],[-156.85026,21.05156],[-156.85139,21.05043],[-156.849,21.04895],[-156.8491,21.05102],[-156.84692,21.05355],[-156.84367,21.05421],[-156.84133,21.05362],[-156.83889,21.05485],[-156.83761,21.05361],[-156.83602,21.05393],[-156.83594,21.05493],[-156.83323,21.05811],[-156.83204,21.05813],[-156.8285,21.05961],[-156.82796,21.06032],[-156.82376,21.06158],[-156.82227,21.06101],[-156.82124,21.06283],[-156.8192,21.06356],[-156.81906,21.06469],[-156.81308,21.0655],[-156.81165,21.0653],[-156.80928,21.06677],[-156.80805,21.0659],[-156.80214,21.06714],[-156.80176,21.06833],[-156.8,21.07],[-156.79716,21.06926],[-156.79653,21.0707],[-156.79434,21.07217],[-156.79244,21.07288],[-156.79118,21.07258],[-156.78909,21.07468],[-156.78824,21.07836],[-156.78602,21.07965],[-156.78302,21.08039],[-156.78303,21.08146],[-156.7795,21.0827],[-156.77549,21.08247],[-156.77449,21.08488],[-156.77288,21.08669],[-156.77145,21.08679],[-156.76985,21.08958],[-156.76791,21.09022],[-156.76633,21.09177],[-156.76445,21.0925],[-156.76166,21.09479],[-156.75994,21.09542],[-156.75464,21.09961],[-156.75123,21.10189],[-156.74822,21.10473],[-156.74657,21.10524],[-156.74427,21.10836],[-156.74502,21.11039],[-156.74455,21.11117],[-156.74191,21.11071],[-156.73928,21.11208],[-156.74039,21.11422],[-156.73801,21.11365],[-156.73581,21.1148],[-156.73476,21.11606],[-156.73299,21.11951],[-156.73069,21.12262],[-156.73082,21.12387],[-156.72894,21.12494],[-156.72444,21.12892],[-156.72294,21.12969],[-156.72285,21.13065],[-156.72096,21.13393],[-156.71995,21.13463],[-156.71716,21.13906],[-156.71725,21.14017],[-156.71507,21.14184],[-156.71474,21.1432],[-156.71283,21.14458],[-156.71386,21.14564],[-156.71142,21.14773],[-156.71098,21.14891],[-156.71142,21.15046],[-156.71069,21.15267],[-156.71173,21.15367],[-156.71132,21.15589],[-156.70995,21.15657],[-156.71006,21.15842],[-156.71168,21.15967],[-156.71432,21.15988],[-156.71633,21.1606],[-156.71916,21.16022],[-156.72375,21.15895],[-156.72603,21.15806],[-156.72893,21.15757],[-156.73206,21.15944],[-156.73371,21.15901],[-156.73486,21.15777],[-156.73582,21.15892],[-156.73741,21.15907],[-156.73717,21.16045],[-156.7361,21.16054],[-156.73577,21.16851],[-156.73755,21.17153],[-156.74029,21.1733],[-156.74354,21.17356],[-156.7454,21.1742],[-156.75557,21.17483],[-156.76031,21.17463],[-156.76542,21.17601],[-156.76644,21.17566],[-156.76925,21.17645],[-156.77117,21.17572],[-156.77304,21.17373],[-156.77659,21.17442],[-156.78005,21.17313],[-156.7824,21.17409],[-156.78517,21.17379],[-156.78743,21.17171],[-156.78875,21.16883],[-156.79205,21.16792],[-156.79455,21.16764],[-156.79667,21.16853],[-156.79822,21.17036],[-156.8,21.17372],[-156.80096,21.17457],[-156.80442,21.17522],[-156.80682,21.17342],[-156.80978,21.17263],[-156.81149,21.173],[-156.81523,21.17196],[-156.81769,21.17198],[-156.8192,21.17139],[-156.82126,21.16941],[-156.82556,21.16751],[-156.83046,21.16419],[-156.83345,21.1637],[-156.83878,21.16467],[-156.84147,21.16632],[-156.8436,21.16688],[-156.84759,21.16596],[-156.85071,21.16384],[-156.85312,21.16321],[-156.85608,21.16355],[-156.85667,21.16304],[-156.86026,21.16308],[-156.86429,21.16162],[-156.86691,21.16138],[-156.86842,21.16182],[-156.87117,21.16491],[-156.87376,21.16558],[-156.87503,21.16474],[-156.87691,21.16698],[-156.87839,21.16467],[-156.87939,21.16095],[-156.88309,21.16135],[-156.884,21.16287],[-156.88408,21.16522],[-156.8854,21.16821],[-156.89007,21.16833],[-156.89254,21.16961],[-156.89369,21.16872],[-156.8927,21.16685],[-156.89416,21.16656],[-156.89572,21.16325],[-156.89848,21.16311],[-156.90132,21.16197],[-156.90235,21.16223],[-156.90227,21.16399],[-156.90414,21.16513],[-156.90684,21.16506],[-156.90756,21.16416],[-156.91104,21.16472],[-156.91342,21.16581],[-156.91472,21.16735],[-156.91407,21.1686],[-156.91459,21.16991],[-156.91724,21.17023],[-156.92104,21.16294],[-156.91941,21.16296],[-156.91711,21.16372],[-156.9163,21.16255],[-156.91334,21.15975],[-156.91261,21.15816],[-156.91153,21.15774],[-156.90884,21.15543],[-156.90866,21.15416],[-156.90705,21.15261],[-156.90553,21.15185],[-156.90236,21.14913],[-156.90033,21.14846],[-156.89833,21.14837],[-156.89642,21.1495],[-156.89638,21.14813],[-156.89889,21.14762],[-156.90029,21.14544],[-156.9005,21.14298],[-156.89922,21.14211],[-156.89896,21.14084],[-156.90081,21.13909],[-156.90167,21.13329],[-156.90025,21.13164],[-156.90939,21.13051],[-156.91495,21.12968],[-156.91809,21.12949],[-156.91969,21.13008],[-156.9226,21.13212],[-156.92429,21.13399],[-156.92534,21.13588],[-156.9273,21.13496],[-156.92857,21.13492],[-156.9308,21.13264],[-156.92814,21.13248],[-156.92646,21.13287],[-156.92463,21.13162],[-156.92156,21.12842],[-156.92022,21.12661],[-156.918,21.12098],[-156.91812,21.12036],[-156.91659,21.11839],[-156.91354,21.11631],[-156.9125,21.1132],[-156.91002,21.11293],[-156.90893,21.11224],[-156.90733,21.11218],[-156.90547,21.10888],[-156.90253,21.10877],[-156.90051,21.10797],[-156.89932,21.1064],[-156.8975,21.10772],[-156.89622,21.10726],[-156.894,21.10783],[-156.89515,21.1045],[-156.89637,21.1025],[-156.89488,21.09984],[-156.89356,21.09387],[-156.89433,21.09152],[-156.89468,21.08757],[-156.89394,21.08697],[-156.89368,21.0853],[-156.89399,21.0834],[-156.89318,21.07951],[-156.89369,21.07557],[-156.89388,21.07154],[-156.89449,21.07003],[-156.89374,21.06916],[-156.8941,21.06644],[-156.89504,21.06401],[-156.89486,21.06123],[-156.89637,21.05819],[-156.89511,21.05651],[-156.89682,21.05511]]]},"properties":{"dp":"13-05","county":"MAUI","ballottype":"CD2-H13-S07-CC0","us_house":"CD2","state_hous":"H13","state_sena":"S07","county_cou":"CC0"}},{"type":"Feature","geometry":{"type":"Polygon","coordinates":[[[-156.9308,21.13264],[-156.9324,21.13238],[-156.93381,21.13309],[-156.93554,21.13266],[-156.93811,21.13282],[-156.9449,21.13716],[-156.94628,21.13612],[-156.9474,21.13816],[-156.94929,21.13889],[-156.95023,21.13985],[-156.95146,21.13876],[-156.95512,21.13767],[-156.95985,21.13714],[-156.96337,21.13839],[-156.96448,21.13824],[-156.96547,21.13924],[-156.97285,21.13914],[-156.97392,21.13957],[-156.97715,21.13889],[-156.9792,21.13928],[-156.98291,21.13812],[-156.98785,21.13576],[-156.98922,21.13579],[-156.99281,21.13415],[-156.99479,21.13366],[-156.99681,21.13259],[-156.99971,21.13177],[-157.00234,21.13252],[-157.01071,21.13286],[-157.0247,21.13506],[-157.02619,21.13677],[-157.02763,21.13629],[-157.03253,21.13321],[-157.0413,21.12973],[-157.05405,21.12492],[-157.0556,21.12561],[-157.05688,21.12433],[-157.05931,21.12431],[-157.06057,21.1232],[-157.06311,21.12346],[-157.06684,21.12137],[-157.06819,21.11967],[-157.0711,21.11807],[-157.07232,21.11578],[-157.07388,21.11642],[-157.07506,21.11573],[-157.07606,21.11362],[-157.07751,21.11352],[-157.08005,21.11264],[-157.08174,21.1115],[-157.08439,21.11058],[-157.09188,21.10214],[-157.09154,21.10184],[-157.08728,21.10242],[-157.08519,21.10177],[-157.08143,21.10144],[-157.07932,21.10202],[-157.07739,21.10004],[-157.07426,21.1],[-157.0734,21.09919],[-157.07056,21.09935],[-157.0706,21.10069],[-157.06666,21.1005],[-157.06468,21.09952],[-157.06314,21.09994],[-157.05874,21.09976],[-157.0551,21.09879],[-157.04974,21.09658],[-157.04853,21.09583],[-157.04655,21.09563],[-157.04211,21.09604],[-157.03868,21.09581],[-157.03346,21.09412],[-157.03355,21.09322],[-157.03203,21.09173],[-157.0289,21.08733],[-157.02511,21.0874],[-157.0235,21.08573],[-157.0187,21.08543],[-157.01542,21.08394],[-157.01405,21.08375],[-157.00761,21.0806],[-157.00376,21.08019],[-157.00277,21.07776],[-157.00053,21.07677],[-156.99929,21.07693],[-156.998,21.07811],[-156.99673,21.07815],[-156.99301,21.07742],[-156.99226,21.07695],[-156.98944,21.0766],[-156.98501,21.07531],[-156.98161,21.07339],[-156.98158,21.07193],[-156.98022,21.06977],[-156.97874,21.06981],[-156.97723,21.07091],[-156.97531,21.07041],[-156.96959,21.0702],[-156.96527,21.06842],[-156.96185,21.06779],[-156.96116,21.06711],[-156.95713,21.06637],[-156.95388,21.06614],[-156.95106,21.06478],[-156.95,21.06344],[-156.9464,21.06333],[-156.94027,21.06244],[-156.93504,21.06084],[-156.93274,21.06079],[-156.92899,21.0599],[-156.9261,21.05995],[-156.92366,21.05932],[-156.92083,21.0595],[-156.91808,21.05869],[-156.91474,21.05671],[-156.91079,21.05654],[-156.90915,21.0557],[-156.90633,21.05631],[-156.90437,21.05544],[-156.902,21.05598],[-156.90073,21.05459],[-156.89919,21.05428],[-156.8984,21.05511],[-156.89682,21.05511],[-156.89511,21.05651],[-156.89637,21.05819],[-156.89486,21.06123],[-156.89504,21.06401],[-156.8941,21.06644],[-156.89374,21.06916],[-156.89449,21.07003],[-156.89388,21.07154],[-156.89369,21.07557],[-156.89318,21.07951],[-156.89399,21.0834],[-156.89368,21.0853],[-156.89394,21.08697],[-156.89468,21.08757],[-156.89433,21.09152],[-156.89356,21.09387],[-156.89488,21.09984],[-156.89637,21.1025],[-156.89515,21.1045],[-156.894,21.10783],[-156.89622,21.10726],[-156.8975,21.10772],[-156.89932,21.1064],[-156.90051,21.10797],[-156.90253,21.10877],[-156.90547,21.10888],[-156.90733,21.11218],[-156.90893,21.11224],[-156.91002,21.11293],[-156.9125,21.1132],[-156.91354,21.11631],[-156.91659,21.11839],[-156.91812,21.12036],[-156.918,21.12098],[-156.92022,21.12661],[-156.92156,21.12842],[-156.92463,21.13162],[-156.92646,21.13287],[-156.92814,21.13248],[-156.9308,21.13264]]]},"properties":{"dp":"13-06","county":"MAUI","ballottype":"CD2-H13-S07-CC0","us_house":"CD2","state_hous":"H13","state_sena":"S07","county_cou":"CC0"}},{"type":"Feature","geometry":{"type":"Polygon","coordinates":[[[-157.08005,21.11264],[-157.08222,21.11228],[-157.08726,21.11325],[-157.08858,21.11426],[-157.09282,21.11524],[-157.09561,21.11643],[-157.0973,21.11781],[-157.09825,21.12058],[-157.09814,21.12161],[-157.09623,21.12455],[-157.09376,21.12612],[-157.09368,21.12737],[-157.09102,21.12852],[-157.09089,21.13051],[-157.09322,21.13075],[-157.09455,21.1321],[-157.09467,21.13314],[-157.09356,21.13771],[-157.09386,21.14304],[-157.09482,21.14452],[-157.09716,21.14641],[-157.09755,21.14772],[-157.11208,21.14788],[-157.11172,21.1493],[-157.11279,21.15006],[-157.11798,21.15176],[-157.11975,21.15015],[-157.12177,21.15334],[-157.12357,21.15569],[-157.12713,21.15863],[-157.12839,21.16078],[-157.12836,21.16246],[-157.13022,21.16382],[-157.13445,21.16525],[-157.13472,21.16573],[-157.13405,21.16895],[-157.13081,21.172],[-157.12875,21.18065],[-157.1321,21.18212],[-157.13485,21.18382],[-157.13692,21.18369],[-157.1394,21.18674],[-157.14384,21.19177],[-157.14453,21.19306],[-157.14441,21.19686],[-157.14541,21.19761],[-157.14859,21.19715],[-157.14997,21.19867],[-157.15203,21.19906],[-157.15526,21.20089],[-157.1597,21.20216],[-157.16438,21.20108],[-157.16909,21.20125],[-157.17087,21.20106],[-157.17266,21.20142],[-157.17566,21.20294],[-157.17993,21.20342],[-157.18171,21.20255],[-157.18583,21.20299],[-157.18942,21.20458],[-157.19192,21.20658],[-157.19337,21.20846],[-157.19583,21.2127],[-157.19615,21.21405],[-157.19815,21.21427],[-157.2005,21.21714],[-157.20127,21.21544],[-157.20234,21.21485],[-157.20454,21.2163],[-157.20645,21.21692],[-157.20822,21.21849],[-157.20971,21.2191],[-157.21153,21.22089],[-157.21573,21.21803],[-157.21839,21.21787],[-157.22284,21.21716],[-157.22447,21.2175],[-157.22751,21.21722],[-157.23207,21.21805],[-157.23587,21.21756],[-157.23884,21.21784],[-157.24301,21.21994],[-157.24426,21.21961],[-157.24554,21.22106],[-157.24716,21.22089],[-157.25027,21.22226],[-157.25262,21.22387],[-157.25396,21.22417],[-157.25514,21.22313],[-157.25769,21.22239],[-157.25839,21.22038],[-157.26021,21.21753],[-157.25879,21.21621],[-157.2587,21.21449],[-157.2548,21.21246],[-157.25259,21.211],[-157.25168,21.20886],[-157.25068,21.20848],[-157.24926,21.20312],[-157.2485,21.2019],[-157.24841,21.19973],[-157.2476,21.19812],[-157.24782,21.19574],[-157.2484,21.19389],[-157.24975,21.19186],[-157.24836,21.19072],[-157.24855,21.18687],[-157.2498,21.18401],[-157.25264,21.18281],[-157.25251,21.18037],[-157.25128,21.17918],[-157.25139,21.17783],[-157.25435,21.17417],[-157.25851,21.17009],[-157.26341,21.16602],[-157.26463,21.16476],[-157.27052,21.15997],[-157.27186,21.15926],[-157.27305,21.15997],[-157.27504,21.15896],[-157.27522,21.15829],[-157.27769,21.15818],[-157.27802,21.15664],[-157.28283,21.15338],[-157.28334,21.15106],[-157.2847,21.14952],[-157.28859,21.14676],[-157.28958,21.14386],[-157.29107,21.14303],[-157.29089,21.13917],[-157.28956,21.13778],[-157.29278,21.13582],[-157.29495,21.13394],[-157.29682,21.13337],[-157.29684,21.13075],[-157.29632,21.12995],[-157.29759,21.12795],[-157.29847,21.12807],[-157.29908,21.12515],[-157.30058,21.12404],[-157.30021,21.12222],[-157.29885,21.12021],[-157.30096,21.11451],[-157.30232,21.11319],[-157.30531,21.10898],[-157.30664,21.10803],[-157.30752,21.10476],[-157.31086,21.1021],[-157.31065,21.10117],[-157.30909,21.09979],[-157.30772,21.09745],[-157.30512,21.09628],[-157.30485,21.09536],[-157.30195,21.09493],[-157.3011,21.09413],[-157.29814,21.09317],[-157.29567,21.09328],[-157.29342,21.09388],[-157.2901,21.09341],[-157.28822,21.09358],[-157.28528,21.09238],[-157.28407,21.09297],[-157.27794,21.0916],[-157.27699,21.09082],[-157.27531,21.09127],[-157.26789,21.09021],[-157.26512,21.08923],[-157.26252,21.08926],[-157.25649,21.08829],[-157.25443,21.08761],[-157.25225,21.08764],[-157.2507,21.08683],[-157.24705,21.08649],[-157.24524,21.08594],[-157.24265,21.08804],[-157.23696,21.0878],[-157.23327,21.08833],[-157.22813,21.08859],[-157.22106,21.08953],[-157.21652,21.08967],[-157.21357,21.09001],[-157.21067,21.08964],[-157.20509,21.09012],[-157.20176,21.08973],[-157.19973,21.09034],[-157.19671,21.09032],[-157.1923,21.09139],[-157.1885,21.0913],[-157.18612,21.09174],[-157.1853,21.09097],[-157.18295,21.09062],[-157.17924,21.09128],[-157.17775,21.09084],[-157.1736,21.09238],[-157.16917,21.09251],[-157.1613,21.0917],[-157.15939,21.09268],[-157.15666,21.093],[-157.15249,21.09282],[-157.14981,21.09229],[-157.14886,21.09131],[-157.14669,21.09298],[-157.14218,21.09333],[-157.13791,21.09396],[-157.13413,21.09539],[-157.13066,21.09714],[-157.12741,21.09794],[-157.12572,21.09767],[-157.12155,21.09894],[-157.11894,21.098],[-157.11805,21.09914],[-157.11643,21.0986],[-157.11287,21.10011],[-157.11267,21.10085],[-157.10922,21.10059],[-157.10797,21.10012],[-157.10638,21.10068],[-157.1055,21.10164],[-157.10342,21.10129],[-157.10119,21.10041],[-157.10017,21.10181],[-157.09799,21.10344],[-157.09514,21.10361],[-157.09188,21.10214],[-157.08439,21.11058],[-157.08174,21.1115],[-157.08005,21.11264]]]},"properties":{"dp":"13-07","county":"MAUI","ballottype":"CD2-H13-S07-CC0","us_house":"CD2","state_hous":"H13","state_sena":"S07","county_cou":"CC0"}},{"type":"Feature","geometry":{"type":"Polygon","coordinates":[[[-156.92534,21.13588],[-156.92749,21.13762],[-156.92882,21.13822],[-156.92985,21.13963],[-156.92976,21.14125],[-156.93164,21.14461],[-156.93469,21.14937],[-156.93509,21.15079],[-156.93809,21.15307],[-156.93919,21.15546],[-156.94132,21.15626],[-156.94158,21.15964],[-156.94262,21.16],[-156.94422,21.1586],[-156.94418,21.15768],[-156.94668,21.15699],[-156.94795,21.15581],[-156.94767,21.15481],[-156.95105,21.15347],[-156.95408,21.15482],[-156.95549,21.15723],[-156.95583,21.16417],[-156.9556,21.16555],[-156.95611,21.16737],[-156.95604,21.17025],[-156.95564,21.17156],[-156.95607,21.173],[-156.95772,21.17608],[-156.96022,21.17626],[-156.95875,21.16923],[-156.95984,21.16559],[-156.9597,21.16337],[-156.95903,21.16193],[-156.96172,21.16055],[-156.96252,21.15938],[-156.96539,21.15935],[-156.96563,21.16052],[-156.96765,21.16206],[-156.96934,21.16392],[-156.97165,21.16567],[-156.97211,21.1677],[-156.97143,21.16891],[-156.97417,21.17537],[-156.97557,21.17633],[-156.97747,21.17689],[-156.97934,21.17811],[-156.98082,21.17791],[-156.98403,21.1792],[-156.98669,21.17855],[-156.98878,21.17853],[-156.99295,21.1777],[-156.99546,21.17828],[-157.00001,21.17786],[-157.00322,21.17831],[-157.00349,21.17711],[-157.00542,21.17798],[-157.00614,21.17915],[-157.00796,21.18005],[-157.01095,21.18082],[-157.01404,21.18246],[-157.0146,21.18394],[-157.01801,21.18363],[-157.02415,21.18505],[-157.02601,21.18605],[-157.02911,21.18616],[-157.03651,21.18783],[-157.03805,21.18774],[-157.04033,21.18843],[-157.04362,21.18829],[-157.0493,21.18593],[-157.05591,21.18548],[-157.05766,21.18593],[-157.06146,21.18589],[-157.0667,21.18872],[-157.07103,21.18888],[-157.07379,21.18861],[-157.07814,21.19024],[-157.08062,21.19011],[-157.08319,21.19127],[-157.087,21.19227],[-157.08856,21.1934],[-157.09072,21.19377],[-157.09193,21.19484],[-157.09387,21.19524],[-157.09691,21.1945],[-157.09947,21.19498],[-157.10127,21.19603],[-157.10388,21.19493],[-157.10617,21.19524],[-157.11111,21.19438],[-157.11244,21.19534],[-157.11384,21.19524],[-157.11615,21.19669],[-157.11734,21.19638],[-157.11897,21.19706],[-157.11993,21.19659],[-157.12288,21.1969],[-157.12529,21.19843],[-157.12701,21.19834],[-157.12982,21.19955],[-157.13191,21.19817],[-157.13792,21.19939],[-157.14174,21.19925],[-157.14286,21.19955],[-157.14323,21.19701],[-157.14441,21.19686],[-157.14453,21.19306],[-157.14384,21.19177],[-157.1394,21.18674],[-157.13692,21.18369],[-157.13485,21.18382],[-157.1321,21.18212],[-157.12875,21.18065],[-157.13081,21.172],[-157.13405,21.16895],[-157.13472,21.16573],[-157.13445,21.16525],[-157.13022,21.16382],[-157.12836,21.16246],[-157.12839,21.16078],[-157.12713,21.15863],[-157.12357,21.15569],[-157.12177,21.15334],[-157.11975,21.15015],[-157.11798,21.15176],[-157.11279,21.15006],[-157.11172,21.1493],[-157.11208,21.14788],[-157.09755,21.14772],[-157.09716,21.14641],[-157.09482,21.14452],[-157.09386,21.14304],[-157.09356,21.13771],[-157.09467,21.13314],[-157.09455,21.1321],[-157.09322,21.13075],[-157.09089,21.13051],[-157.09102,21.12852],[-157.09368,21.12737],[-157.09376,21.12612],[-157.09623,21.12455],[-157.09814,21.12161],[-157.09825,21.12058],[-157.0973,21.11781],[-157.09561,21.11643],[-157.09282,21.11524],[-157.08858,21.11426],[-157.08726,21.11325],[-157.08222,21.11228],[-157.08005,21.11264],[-157.07751,21.11352],[-157.07606,21.11362],[-157.07506,21.11573],[-157.07388,21.11642],[-157.07232,21.11578],[-157.0711,21.11807],[-157.06819,21.11967],[-157.06684,21.12137],[-157.06311,21.12346],[-157.06057,21.1232],[-157.05931,21.12431],[-157.05688,21.12433],[-157.0556,21.12561],[-157.05405,21.12492],[-157.0413,21.12973],[-157.03253,21.13321],[-157.02763,21.13629],[-157.02619,21.13677],[-157.0247,21.13506],[-157.01071,21.13286],[-157.00234,21.13252],[-156.99971,21.13177],[-156.99681,21.13259],[-156.99479,21.13366],[-156.99281,21.13415],[-156.98922,21.13579],[-156.98785,21.13576],[-156.98291,21.13812],[-156.9792,21.13928],[-156.97715,21.13889],[-156.97392,21.13957],[-156.97285,21.13914],[-156.96547,21.13924],[-156.96448,21.13824],[-156.96337,21.13839],[-156.95985,21.13714],[-156.95512,21.13767],[-156.95146,21.13876],[-156.95023,21.13985],[-156.94929,21.13889],[-156.9474,21.13816],[-156.94628,21.13612],[-156.9449,21.13716],[-156.93811,21.13282],[-156.93554,21.13266],[-156.93381,21.13309],[-156.9324,21.13238],[-156.9308,21.13264],[-156.92857,21.13492],[-156.9273,21.13496],[-156.92534,21.13588]]]},"properties":{"dp":"13-08","county":"MAUI","ballottype":"CD2-H13-S07-CC0","us_house":"CD2","state_hous":"H13","state_sena":"S07","county_cou":"CC0"}},{"type":"Feature","geometry":{"type":"Polygon","coordinates":[[[-156.91724,21.17023],[-156.91788,21.16924],[-156.91942,21.16863],[-156.92165,21.16952],[-156.92673,21.16964],[-156.92727,21.17129],[-156.92858,21.17271],[-156.92946,21.17256],[-156.92896,21.1705],[-156.93139,21.16916],[-156.9356,21.16982],[-156.93828,21.17141],[-156.94228,21.17194],[-156.94436,21.1733],[-156.9445,21.17598],[-156.94647,21.17834],[-156.9481,21.17963],[-156.94802,21.18173],[-156.94862,21.18524],[-156.94841,21.18687],[-156.94964,21.19023],[-156.95151,21.19177],[-156.95247,21.19391],[-156.95276,21.19567],[-156.95609,21.1989],[-156.95597,21.20024],[-156.95721,21.20135],[-156.95778,21.203],[-156.95721,21.20438],[-156.95817,21.20645],[-156.95898,21.20675],[-156.96008,21.20905],[-156.96277,21.20968],[-156.96399,21.21101],[-156.96553,21.21174],[-156.96562,21.21294],[-156.96738,21.21405],[-156.96878,21.21359],[-156.97018,21.21471],[-156.97209,21.21503],[-156.974,21.21339],[-156.97537,21.21348],[-156.97665,21.21267],[-156.97703,21.21052],[-156.98009,21.20857],[-156.98068,21.20695],[-156.97937,21.20479],[-156.97993,21.20173],[-156.98183,21.20102],[-156.98146,21.19937],[-156.98281,21.19774],[-156.98305,21.19595],[-156.98411,21.19227],[-156.98533,21.19174],[-156.98462,21.18973],[-156.98478,21.18692],[-156.98626,21.18448],[-156.98842,21.1824],[-156.99289,21.18037],[-156.998,21.17922],[-157.00018,21.17904],[-157.00196,21.17957],[-157.00433,21.1811],[-157.01161,21.18245],[-157.0146,21.18394],[-157.01404,21.18246],[-157.01095,21.18082],[-157.00796,21.18005],[-157.00614,21.17915],[-157.00542,21.17798],[-157.00349,21.17711],[-157.00322,21.17831],[-157.00001,21.17786],[-156.99546,21.17828],[-156.99295,21.1777],[-156.98878,21.17853],[-156.98669,21.17855],[-156.98403,21.1792],[-156.98082,21.17791],[-156.97934,21.17811],[-156.97747,21.17689],[-156.97557,21.17633],[-156.97417,21.17537],[-156.97143,21.16891],[-156.97211,21.1677],[-156.97165,21.16567],[-156.96934,21.16392],[-156.96765,21.16206],[-156.96563,21.16052],[-156.96539,21.15935],[-156.96252,21.15938],[-156.96172,21.16055],[-156.95903,21.16193],[-156.9597,21.16337],[-156.95984,21.16559],[-156.95875,21.16923],[-156.96022,21.17626],[-156.95772,21.17608],[-156.95607,21.173],[-156.95564,21.17156],[-156.95604,21.17025],[-156.95611,21.16737],[-156.9556,21.16555],[-156.95583,21.16417],[-156.95549,21.15723],[-156.95408,21.15482],[-156.95105,21.15347],[-156.94767,21.15481],[-156.94795,21.15581],[-156.94668,21.15699],[-156.94418,21.15768],[-156.94422,21.1586],[-156.94262,21.16],[-156.94158,21.15964],[-156.94132,21.15626],[-156.93919,21.15546],[-156.93809,21.15307],[-156.93509,21.15079],[-156.93469,21.14937],[-156.93164,21.14461],[-156.92976,21.14125],[-156.92985,21.13963],[-156.92882,21.13822],[-156.92749,21.13762],[-156.92534,21.13588],[-156.92429,21.13399],[-156.9226,21.13212],[-156.91969,21.13008],[-156.91809,21.12949],[-156.91495,21.12968],[-156.90939,21.13051],[-156.90025,21.13164],[-156.90167,21.13329],[-156.90081,21.13909],[-156.89896,21.14084],[-156.89922,21.14211],[-156.9005,21.14298],[-156.90029,21.14544],[-156.89889,21.14762],[-156.89638,21.14813],[-156.89642,21.1495],[-156.89833,21.14837],[-156.90033,21.14846],[-156.90236,21.14913],[-156.90553,21.15185],[-156.90705,21.15261],[-156.90866,21.15416],[-156.90884,21.15543],[-156.91153,21.15774],[-156.91261,21.15816],[-156.91334,21.15975],[-156.9163,21.16255],[-156.91711,21.16372],[-156.91941,21.16296],[-156.92104,21.16294],[-156.91724,21.17023]]]},"properties":{"dp":"13-09","county":"MAUI","ballottype":"CD2-H13-S07-CC0","us_house":"CD2","state_hous":"H13","state_sena":"S07","county_cou":"CC0"}},{"type":"Feature","geometry":{"type":"Polygon","coordinates":[[[-156.70077,20.52398],[-156.69891,20.52356],[-156.69792,20.5223],[-156.69589,20.52243],[-156.6932,20.51872],[-156.69197,20.51856],[-156.69142,20.51649],[-156.68944,20.51709],[-156.68872,20.51646],[-156.68609,20.51601],[-156.68381,20.51377],[-156.68395,20.5124],[-156.68263,20.51131],[-156.68567,20.5093],[-156.68586,20.50844],[-156.68375,20.50675],[-156.68191,20.5063],[-156.68236,20.50514],[-156.68078,20.50375],[-156.67903,20.50293],[-156.67657,20.50416],[-156.67411,20.50301],[-156.67262,20.50101],[-156.67033,20.50356],[-156.66864,20.50386],[-156.6665,20.50167],[-156.66459,20.50236],[-156.6634,20.50202],[-156.66156,20.50436],[-156.65789,20.50442],[-156.65654,20.50524],[-156.65619,20.50667],[-156.65472,20.50732],[-156.65364,20.50875],[-156.64478,20.50857],[-156.6438,20.50721],[-156.64118,20.50585],[-156.64046,20.50491],[-156.63894,20.50637],[-156.63798,20.50646],[-156.63401,20.5081],[-156.6302,20.51025],[-156.62902,20.51143],[-156.62656,20.51207],[-156.62447,20.51325],[-156.62376,20.51226],[-156.62227,20.51264],[-156.62224,20.51393],[-156.62111,20.51447],[-156.61905,20.51448],[-156.61101,20.5164],[-156.60809,20.51328],[-156.6046,20.51462],[-156.60334,20.51575],[-156.59296,20.51528],[-156.59195,20.51231],[-156.59028,20.51055],[-156.58826,20.50957],[-156.58589,20.50769],[-156.58361,20.5081],[-156.58339,20.5095],[-156.57838,20.51134],[-156.57524,20.51166],[-156.57425,20.51105],[-156.57292,20.51244],[-156.57328,20.51366],[-156.57186,20.51471],[-156.56898,20.51506],[-156.56704,20.51614],[-156.56414,20.51509],[-156.56219,20.51486],[-156.55879,20.51566],[-156.55825,20.51814],[-156.55674,20.51835],[-156.55289,20.51738],[-156.55138,20.51613],[-156.54957,20.51529],[-156.54902,20.51343],[-156.54765,20.51206],[-156.54459,20.51209],[-156.54257,20.51514],[-156.54121,20.51552],[-156.54078,20.51728],[-156.54162,20.51872],[-156.54144,20.51992],[-156.53881,20.52221],[-156.53659,20.52299],[-156.53323,20.52527],[-156.53273,20.5273],[-156.53178,20.52822],[-156.53324,20.53106],[-156.53309,20.53266],[-156.53425,20.53464],[-156.53662,20.53416],[-156.53973,20.53403],[-156.541,20.5348],[-156.54095,20.53602],[-156.5439,20.53706],[-156.54761,20.53517],[-156.54902,20.5341],[-156.5514,20.53348],[-156.55378,20.53518],[-156.55442,20.53669],[-156.55437,20.5393],[-156.5538,20.54131],[-156.55257,20.54343],[-156.55329,20.54498],[-156.55308,20.54655],[-156.55122,20.54824],[-156.55144,20.54883],[-156.54915,20.55129],[-156.54848,20.55254],[-156.54843,20.55637],[-156.5466,20.5597],[-156.54821,20.56184],[-156.54834,20.56413],[-156.54781,20.5655],[-156.54629,20.56501],[-156.5454,20.5665],[-156.54257,20.56653],[-156.54182,20.56747],[-156.53992,20.56807],[-156.5386,20.56793],[-156.53731,20.56923],[-156.53926,20.56952],[-156.53963,20.57355],[-156.53917,20.5764],[-156.5447,20.58306],[-156.54899,20.58694],[-156.54983,20.58821],[-156.55028,20.59081],[-156.55108,20.5921],[-156.55329,20.59261],[-156.55411,20.59387],[-156.55643,20.59576],[-156.55957,20.59765],[-156.56114,20.59788],[-156.56368,20.59973],[-156.56501,20.60201],[-156.56845,20.60311],[-156.57192,20.60281],[-156.57406,20.60385],[-156.57741,20.60276],[-156.5795,20.60284],[-156.58423,20.60104],[-156.58466,20.60039],[-156.58681,20.6],[-156.58952,20.5989],[-156.5905,20.59783],[-156.59277,20.59755],[-156.59522,20.596],[-156.59647,20.59623],[-156.59837,20.59557],[-156.59991,20.5943],[-156.60076,20.59272],[-156.60295,20.59277],[-156.60486,20.59196],[-156.60512,20.59119],[-156.60958,20.5897],[-156.60892,20.58834],[-156.61045,20.58786],[-156.61182,20.58812],[-156.61097,20.58556],[-156.61195,20.58453],[-156.61348,20.58426],[-156.617,20.5827],[-156.61837,20.58168],[-156.61957,20.58169],[-156.62142,20.58087],[-156.62179,20.57992],[-156.62352,20.57968],[-156.62455,20.57759],[-156.62643,20.57744],[-156.62817,20.57493],[-156.63046,20.57349],[-156.63084,20.57268],[-156.63447,20.57057],[-156.63591,20.57136],[-156.63652,20.56952],[-156.63891,20.56891],[-156.63986,20.56674],[-156.64134,20.56703],[-156.64329,20.56637],[-156.64369,20.56441],[-156.64656,20.56301],[-156.64723,20.56167],[-156.64902,20.56244],[-156.6524,20.56203],[-156.65334,20.56107],[-156.65693,20.56004],[-156.6591,20.56131],[-156.65978,20.55952],[-156.66103,20.55861],[-156.66264,20.55879],[-156.66385,20.55748],[-156.66613,20.55802],[-156.66819,20.55762],[-156.66984,20.55629],[-156.67291,20.55657],[-156.67355,20.55573],[-156.67641,20.55566],[-156.6779,20.55447],[-156.67714,20.55365],[-156.677,20.5515],[-156.67815,20.55197],[-156.67877,20.54997],[-156.68057,20.54943],[-156.68118,20.54808],[-156.68273,20.54792],[-156.68462,20.54692],[-156.68524,20.54579],[-156.68704,20.54485],[-156.68675,20.54297],[-156.68871,20.54212],[-156.68921,20.54103],[-156.69123,20.54047],[-156.69383,20.53846],[-156.6947,20.53608],[-156.69589,20.53436],[-156.69844,20.53329],[-156.69813,20.53187],[-156.69945,20.52946],[-156.7004,20.5292],[-156.69971,20.52586],[-156.70077,20.52398]]]},"properties":{"dp":"13-04","county":"MAUI","ballottype":"CD2-H13-S07-CC0","us_house":"CD2","state_hous":"H13","state_sena":"S07","county_cou":"CC0"}},{"type":"Feature","geometry":{"type":"Polygon","coordinates":[[[-156.56565,20.85622],[-156.56694,20.85726],[-156.56819,20.86001],[-156.57106,20.86311],[-156.57352,20.8645],[-156.57687,20.86495],[-156.57854,20.86438],[-156.57962,20.86492],[-156.58142,20.86815],[-156.58293,20.8683],[-156.58498,20.86961],[-156.58739,20.87007],[-156.58846,20.87144],[-156.59085,20.87081],[-156.59392,20.87245],[-156.5967,20.87245],[-156.59783,20.87307],[-156.60106,20.87295],[-156.6041,20.87452],[-156.60473,20.87526],[-156.60793,20.87555],[-156.60899,20.87625],[-156.61114,20.87565],[-156.61393,20.87616],[-156.61611,20.87778],[-156.61985,20.87727],[-156.62417,20.87777],[-156.62781,20.8768],[-156.62948,20.87527],[-156.63228,20.87456],[-156.63905,20.87439],[-156.64064,20.87292],[-156.64218,20.8737],[-156.64605,20.8731],[-156.64776,20.87239],[-156.65144,20.86928],[-156.65234,20.86677],[-156.65478,20.86668],[-156.6564,20.86578],[-156.65907,20.86582],[-156.66053,20.86544],[-156.6635,20.86348],[-156.66542,20.86125],[-156.66706,20.86059],[-156.66839,20.86247],[-156.6688,20.86677],[-156.67415,20.87521],[-156.67629,20.87808],[-156.677,20.87747],[-156.68078,20.88128],[-156.682,20.8839],[-156.68347,20.88426],[-156.68625,20.88562],[-156.68692,20.88523],[-156.68789,20.88287],[-156.68754,20.88186],[-156.68253,20.87815],[-156.68119,20.87612],[-156.67893,20.87385],[-156.6789,20.87252],[-156.67716,20.86894],[-156.67368,20.86496],[-156.67249,20.86329],[-156.67043,20.86145],[-156.66952,20.85888],[-156.66703,20.8576],[-156.66268,20.85365],[-156.66165,20.85244],[-156.65724,20.84888],[-156.65402,20.84474],[-156.65322,20.84273],[-156.6515,20.84113],[-156.65137,20.84018],[-156.64793,20.83517],[-156.64656,20.83409],[-156.64173,20.83274],[-156.63979,20.83152],[-156.636,20.82858],[-156.6336,20.82636],[-156.63096,20.82312],[-156.62894,20.81863],[-156.62846,20.81531],[-156.62696,20.81261],[-156.62437,20.81061],[-156.62319,20.80916],[-156.62089,20.8091],[-156.61805,20.80738],[-156.61345,20.80983],[-156.60982,20.81018],[-156.60752,20.80959],[-156.60404,20.80825],[-156.60021,20.8063],[-156.59748,20.80445],[-156.59435,20.80142],[-156.58982,20.79799],[-156.58532,20.79554],[-156.58196,20.79428],[-156.57576,20.7936],[-156.57134,20.79279],[-156.56702,20.79255],[-156.5649,20.79169],[-156.56295,20.79009],[-156.56147,20.79004],[-156.56048,20.78863],[-156.55738,20.78688],[-156.55582,20.78712],[-156.55578,20.78584],[-156.55288,20.78493],[-156.55179,20.78387],[-156.55066,20.78436],[-156.54848,20.78179],[-156.54566,20.7803],[-156.54435,20.78054],[-156.54203,20.77881],[-156.53932,20.77599],[-156.53891,20.77512],[-156.53664,20.77401],[-156.53489,20.77526],[-156.53251,20.7756],[-156.53031,20.77517],[-156.52768,20.7765],[-156.52545,20.77705],[-156.5243,20.77782],[-156.52352,20.77683],[-156.5217,20.77946],[-156.51784,20.78236],[-156.51658,20.78489],[-156.51529,20.7857],[-156.51562,20.7873],[-156.51295,20.79102],[-156.51014,20.79234],[-156.50907,20.79214],[-156.50609,20.79516],[-156.50292,20.79622],[-156.50081,20.79618],[-156.49659,20.79678],[-156.49448,20.79659],[-156.48998,20.79541],[-156.48828,20.79543],[-156.48658,20.79698],[-156.48784,20.79757],[-156.49482,20.79952],[-156.49758,20.80159],[-156.50565,20.811],[-156.50756,20.81156],[-156.50692,20.81676],[-156.51486,20.81394],[-156.51734,20.81406],[-156.52071,20.81341],[-156.52394,20.81409],[-156.52552,20.81475],[-156.53243,20.81479],[-156.53389,20.81563],[-156.53466,20.81727],[-156.53611,20.81747],[-156.53817,20.81917],[-156.5405,20.81976],[-156.54256,20.82122],[-156.54504,20.82426],[-156.54559,20.82647],[-156.54658,20.8271],[-156.54932,20.83044],[-156.54981,20.832],[-156.54989,20.83471],[-156.55214,20.83721],[-156.55212,20.83985],[-156.55282,20.84038],[-156.55305,20.84237],[-156.55847,20.84819],[-156.55907,20.8491],[-156.55861,20.85149],[-156.56028,20.85255],[-156.5617,20.85588],[-156.56565,20.85622]]]},"properties":{"dp":"14-01","county":"MAUI","ballottype":"CD2-H14-S06-CC0","us_house":"CD2","state_hous":"H14","state_sena":"S06","county_cou":"CC0"}},{"type":"Feature","geometry":{"type":"Polygon","coordinates":[[[-156.59392,20.87245],[-156.58962,20.87774],[-156.58911,20.88137],[-156.58905,20.88422],[-156.59305,20.88542],[-156.5994,20.88682],[-156.60323,20.88616],[-156.60542,20.88722],[-156.60671,20.8887],[-156.6092,20.88826],[-156.61443,20.88879],[-156.61573,20.88976],[-156.61927,20.8901],[-156.6205,20.88971],[-156.62276,20.89012],[-156.62768,20.88997],[-156.63035,20.89072],[-156.63384,20.8926],[-156.63709,20.89267],[-156.63857,20.89239],[-156.64155,20.89292],[-156.64208,20.89227],[-156.64478,20.89158],[-156.64598,20.89187],[-156.64956,20.89073],[-156.65386,20.89148],[-156.65606,20.89226],[-156.6592,20.89228],[-156.66139,20.89117],[-156.66437,20.8911],[-156.66744,20.8889],[-156.6688,20.88701],[-156.66964,20.88686],[-156.67333,20.88425],[-156.67599,20.88315],[-156.67746,20.88306],[-156.682,20.8839],[-156.68078,20.88128],[-156.677,20.87747],[-156.67629,20.87808],[-156.67415,20.87521],[-156.6688,20.86677],[-156.66839,20.86247],[-156.66706,20.86059],[-156.66542,20.86125],[-156.6635,20.86348],[-156.66053,20.86544],[-156.65907,20.86582],[-156.6564,20.86578],[-156.65478,20.86668],[-156.65234,20.86677],[-156.65144,20.86928],[-156.64776,20.87239],[-156.64605,20.8731],[-156.64218,20.8737],[-156.64064,20.87292],[-156.63905,20.87439],[-156.63228,20.87456],[-156.62948,20.87527],[-156.62781,20.8768],[-156.62417,20.87777],[-156.61985,20.87727],[-156.61611,20.87778],[-156.61393,20.87616],[-156.61114,20.87565],[-156.60899,20.87625],[-156.60793,20.87555],[-156.60473,20.87526],[-156.6041,20.87452],[-156.60106,20.87295],[-156.59783,20.87307],[-156.5967,20.87245],[-156.59392,20.87245]]]},"properties":{"dp":"14-02","county":"MAUI","ballottype":"CD2-H14-S06-CC0","us_house":"CD2","state_hous":"H14","state_sena":"S06","county_cou":"CC0"}},{"type":"Feature","geometry":{"type":"Polygon","coordinates":[[[-156.682,20.8839],[-156.67746,20.88306],[-156.67599,20.88315],[-156.67333,20.88425],[-156.66964,20.88686],[-156.6688,20.88701],[-156.66744,20.8889],[-156.66437,20.8911],[-156.66139,20.89117],[-156.6592,20.89228],[-156.65606,20.89226],[-156.65386,20.89148],[-156.64956,20.89073],[-156.64598,20.89187],[-156.64478,20.89158],[-156.64208,20.89227],[-156.64155,20.89292],[-156.63857,20.89239],[-156.63709,20.89267],[-156.63384,20.8926],[-156.63035,20.89072],[-156.62768,20.88997],[-156.62276,20.89012],[-156.6205,20.88971],[-156.61927,20.8901],[-156.61573,20.88976],[-156.61443,20.88879],[-156.6092,20.88826],[-156.60671,20.8887],[-156.60542,20.88722],[-156.60323,20.88616],[-156.5994,20.88682],[-156.59305,20.88542],[-156.58905,20.88422],[-156.58881,20.88592],[-156.58932,20.88681],[-156.58853,20.88899],[-156.58723,20.89098],[-156.58721,20.8933],[-156.58883,20.89498],[-156.58906,20.89645],[-156.59178,20.89905],[-156.59244,20.9011],[-156.5938,20.90091],[-156.59648,20.90147],[-156.59821,20.90081],[-156.60169,20.90164],[-156.60395,20.90173],[-156.60496,20.90279],[-156.60896,20.9043],[-156.61358,20.90535],[-156.61632,20.90706],[-156.61822,20.90894],[-156.62031,20.90944],[-156.62608,20.91023],[-156.62794,20.90992],[-156.62994,20.90881],[-156.63173,20.90983],[-156.63281,20.90988],[-156.63422,20.91093],[-156.63521,20.91047],[-156.63874,20.91039],[-156.64212,20.91139],[-156.64434,20.91055],[-156.64807,20.91077],[-156.65019,20.91216],[-156.65229,20.91305],[-156.65411,20.91276],[-156.65685,20.91405],[-156.65827,20.91419],[-156.66151,20.91519],[-156.66599,20.91508],[-156.66877,20.91402],[-156.67214,20.91445],[-156.67671,20.91408],[-156.67815,20.91476],[-156.68069,20.91319],[-156.68229,20.91282],[-156.68365,20.91349],[-156.68461,20.91265],[-156.6876,20.9134],[-156.68939,20.91327],[-156.68788,20.9087],[-156.68777,20.90715],[-156.68586,20.90395],[-156.68505,20.90199],[-156.68507,20.89497],[-156.68565,20.89062],[-156.68514,20.88823],[-156.68625,20.88562],[-156.68347,20.88426],[-156.682,20.8839]]]},"properties":{"dp":"14-03","county":"MAUI","ballottype":"CD2-H14-S06-CC0","us_house":"CD2","state_hous":"H14","state_sena":"S06","county_cou":"CC0"}},{"type":"Feature","geometry":{"type":"Polygon","coordinates":[[[-156.58723,20.89098],[-156.5859,20.89151],[-156.58393,20.89127],[-156.57772,20.89179],[-156.5752,20.89264],[-156.57495,20.89353],[-156.57618,20.89478],[-156.57831,20.8957],[-156.5814,20.89778],[-156.58298,20.90045],[-156.583,20.90197],[-156.58203,20.90409],[-156.58058,20.9058],[-156.57941,20.90629],[-156.57664,20.90986],[-156.57516,20.90945],[-156.57277,20.91245],[-156.57322,20.91513],[-156.57159,20.91732],[-156.57202,20.91806],[-156.57432,20.91852],[-156.57509,20.91986],[-156.57488,20.92088],[-156.5787,20.92598],[-156.57903,20.92895],[-156.57772,20.93012],[-156.57878,20.93391],[-156.57871,20.93585],[-156.57972,20.93878],[-156.57879,20.9416],[-156.57904,20.9424],[-156.57826,20.94583],[-156.57881,20.94798],[-156.57963,20.94844],[-156.58008,20.95018],[-156.58147,20.95084],[-156.5821,20.95349],[-156.5832,20.96082],[-156.58281,20.96325],[-156.58339,20.96639],[-156.58314,20.96887],[-156.58476,20.971],[-156.58515,20.97245],[-156.58506,20.97858],[-156.58657,20.98073],[-156.58724,20.98239],[-156.5882,20.98325],[-156.58787,20.98482],[-156.58884,20.98849],[-156.58536,20.99442],[-156.58489,20.99663],[-156.58363,20.99946],[-156.58523,21.00387],[-156.58442,21.00632],[-156.58487,21.00717],[-156.58473,21.01969],[-156.58501,21.02142],[-156.58724,21.02219],[-156.58843,21.02436],[-156.58884,21.02605],[-156.58816,21.02676],[-156.58854,21.02855],[-156.58967,21.02943],[-156.59153,21.02949],[-156.59666,21.03093],[-156.59922,21.03052],[-156.6011,21.03133],[-156.6033,21.03124],[-156.60398,21.03049],[-156.60433,21.02832],[-156.60554,21.02793],[-156.60757,21.02602],[-156.60812,21.0247],[-156.60927,21.02379],[-156.60897,21.02162],[-156.61051,21.02129],[-156.61245,21.0231],[-156.61581,21.02429],[-156.61847,21.0242],[-156.62058,21.02367],[-156.62118,21.02266],[-156.62399,21.02224],[-156.62763,21.02259],[-156.63007,21.02413],[-156.63464,21.02536],[-156.63734,21.02412],[-156.63935,21.02503],[-156.64106,21.02255],[-156.64141,21.01922],[-156.63798,21.01488],[-156.63795,21.01334],[-156.64078,21.01343],[-156.64172,21.01158],[-156.64282,21.01118],[-156.64533,21.01158],[-156.64588,21.01015],[-156.64867,21.00722],[-156.65,21.0054],[-156.65357,21.00466],[-156.65652,21.00771],[-156.65635,21.00542],[-156.65777,21.00457],[-156.66278,21.00394],[-156.66419,21.00465],[-156.66639,21.00667],[-156.66711,21.00336],[-156.66666,20.99928],[-156.66775,20.9977],[-156.6664,20.99689],[-156.6668,20.99519],[-156.66906,20.99417],[-156.66996,20.99122],[-156.66956,20.99029],[-156.67031,20.9889],[-156.67135,20.98874],[-156.67309,20.98712],[-156.67234,20.98622],[-156.67376,20.98274],[-156.67399,20.98133],[-156.67615,20.97962],[-156.67652,20.97824],[-156.67811,20.97739],[-156.6784,20.97584],[-156.67942,20.97453],[-156.68067,20.97145],[-156.68095,20.9688],[-156.68212,20.96681],[-156.68339,20.96598],[-156.68426,20.96352],[-156.68428,20.96135],[-156.68516,20.95975],[-156.68707,20.95469],[-156.69067,20.95044],[-156.69204,20.9484],[-156.6923,20.94711],[-156.69264,20.94078],[-156.69302,20.93838],[-156.69303,20.93452],[-156.69338,20.93173],[-156.69465,20.92891],[-156.69563,20.92891],[-156.69717,20.92709],[-156.69593,20.92673],[-156.69527,20.92475],[-156.69723,20.91727],[-156.69602,20.91472],[-156.69444,20.913],[-156.69083,20.9109],[-156.68881,20.90927],[-156.68777,20.90715],[-156.68788,20.9087],[-156.68939,20.91327],[-156.6876,20.9134],[-156.68461,20.91265],[-156.68365,20.91349],[-156.68229,20.91282],[-156.68069,20.91319],[-156.67815,20.91476],[-156.67671,20.91408],[-156.67214,20.91445],[-156.66877,20.91402],[-156.66599,20.91508],[-156.66151,20.91519],[-156.65827,20.91419],[-156.65685,20.91405],[-156.65411,20.91276],[-156.65229,20.91305],[-156.65019,20.91216],[-156.64807,20.91077],[-156.64434,20.91055],[-156.64212,20.91139],[-156.63874,20.91039],[-156.63521,20.91047],[-156.63422,20.91093],[-156.63281,20.90988],[-156.63173,20.90983],[-156.62994,20.90881],[-156.62794,20.90992],[-156.62608,20.91023],[-156.62031,20.90944],[-156.61822,20.90894],[-156.61632,20.90706],[-156.61358,20.90535],[-156.60896,20.9043],[-156.60496,20.90279],[-156.60395,20.90173],[-156.60169,20.90164],[-156.59821,20.90081],[-156.59648,20.90147],[-156.5938,20.90091],[-156.59244,20.9011],[-156.59178,20.89905],[-156.58906,20.89645],[-156.58883,20.89498],[-156.58721,20.8933],[-156.58723,20.89098]]]},"properties":{"dp":"14-04","county":"MAUI","ballottype":"CD2-H14-S06-CC0","us_house":"CD2","state_hous":"H14","state_sena":"S06","county_cou":"CC0"}},{"type":"Feature","geometry":{"type":"Polygon","coordinates":[[[-156.53996,20.85559],[-156.54027,20.87192],[-156.54209,20.88174],[-156.54172,20.88211],[-156.54454,20.89209],[-156.54426,20.90168],[-156.5435,20.90852],[-156.5418,20.90937],[-156.53871,20.90782],[-156.53673,20.90932],[-156.53543,20.90902],[-156.53447,20.90968],[-156.53304,20.90943],[-156.52831,20.91007],[-156.52604,20.90978],[-156.52469,20.90908],[-156.52295,20.90921],[-156.51391,20.90907],[-156.50999,20.90879],[-156.51132,20.90702],[-156.50894,20.90344],[-156.50651,20.90491],[-156.50648,20.90594],[-156.50388,20.90551],[-156.50235,20.9032],[-156.50268,20.90153],[-156.50015,20.91178],[-156.49777,20.91759],[-156.49614,20.91721],[-156.49437,20.91487],[-156.49383,20.91634],[-156.49188,20.91586],[-156.49134,20.91803],[-156.49201,20.91878],[-156.49264,20.92342],[-156.49378,20.9262],[-156.49544,20.9279],[-156.49642,20.93088],[-156.49747,20.93201],[-156.50045,20.93324],[-156.50509,20.9348],[-156.50769,20.93756],[-156.50777,20.93977],[-156.50881,20.94098],[-156.50837,20.94333],[-156.50877,20.9445],[-156.50869,20.94804],[-156.51061,20.94864],[-156.51203,20.95029],[-156.51586,20.95158],[-156.51607,20.95451],[-156.51713,20.95537],[-156.51792,20.95731],[-156.51966,20.95835],[-156.5194,20.96036],[-156.52419,20.96337],[-156.52517,20.96547],[-156.52645,20.96941],[-156.52685,20.97151],[-156.52641,20.97217],[-156.52688,20.97533],[-156.52624,20.97714],[-156.52465,20.97753],[-156.52467,20.97926],[-156.52679,20.97969],[-156.52671,20.98305],[-156.52573,20.98518],[-156.52732,20.98571],[-156.5293,20.98459],[-156.53168,20.98448],[-156.53556,20.98482],[-156.53701,20.98616],[-156.53745,20.98905],[-156.53939,20.98925],[-156.54108,20.99218],[-156.54125,20.99389],[-156.54245,20.99547],[-156.54223,20.99869],[-156.54376,20.99957],[-156.54346,21.00161],[-156.54567,21.00232],[-156.54708,21.00162],[-156.54783,20.99964],[-156.54929,20.99814],[-156.55096,20.99809],[-156.55262,20.9996],[-156.55288,21.00103],[-156.55418,21.00313],[-156.55502,21.00573],[-156.55513,21.00773],[-156.55598,21.00957],[-156.55767,21.01059],[-156.55733,21.01183],[-156.55994,21.01296],[-156.5617,21.01191],[-156.56476,21.01223],[-156.56555,21.01181],[-156.5673,21.01299],[-156.56901,21.01581],[-156.57195,21.01795],[-156.5772,21.01745],[-156.57766,21.0168],[-156.58051,21.01664],[-156.58198,21.01745],[-156.58473,21.01969],[-156.58487,21.00717],[-156.58442,21.00632],[-156.58523,21.00387],[-156.58363,20.99946],[-156.58489,20.99663],[-156.58536,20.99442],[-156.58884,20.98849],[-156.58787,20.98482],[-156.5882,20.98325],[-156.58724,20.98239],[-156.58657,20.98073],[-156.58506,20.97858],[-156.58515,20.97245],[-156.58476,20.971],[-156.58314,20.96887],[-156.58339,20.96639],[-156.58281,20.96325],[-156.5832,20.96082],[-156.5821,20.95349],[-156.58147,20.95084],[-156.58008,20.95018],[-156.57963,20.94844],[-156.57881,20.94798],[-156.57826,20.94583],[-156.57904,20.9424],[-156.57879,20.9416],[-156.57972,20.93878],[-156.57871,20.93585],[-156.57878,20.93391],[-156.57772,20.93012],[-156.57903,20.92895],[-156.5787,20.92598],[-156.57488,20.92088],[-156.57509,20.91986],[-156.57432,20.91852],[-156.57202,20.91806],[-156.57159,20.91732],[-156.57322,20.91513],[-156.57277,20.91245],[-156.57516,20.90945],[-156.57664,20.90986],[-156.57941,20.90629],[-156.58058,20.9058],[-156.58203,20.90409],[-156.583,20.90197],[-156.58298,20.90045],[-156.5814,20.89778],[-156.57831,20.8957],[-156.57618,20.89478],[-156.57495,20.89353],[-156.5752,20.89264],[-156.57772,20.89179],[-156.58393,20.89127],[-156.5859,20.89151],[-156.58723,20.89098],[-156.58853,20.88899],[-156.58932,20.88681],[-156.58881,20.88592],[-156.58905,20.88422],[-156.58911,20.88137],[-156.58962,20.87774],[-156.59392,20.87245],[-156.59085,20.87081],[-156.58846,20.87144],[-156.58739,20.87007],[-156.58498,20.86961],[-156.58293,20.8683],[-156.58142,20.86815],[-156.57962,20.86492],[-156.57854,20.86438],[-156.57687,20.86495],[-156.57352,20.8645],[-156.57106,20.86311],[-156.56819,20.86001],[-156.56694,20.85726],[-156.56565,20.85622],[-156.56372,20.85776],[-156.56112,20.85807],[-156.55932,20.85922],[-156.55515,20.85854],[-156.55296,20.85792],[-156.55103,20.85788],[-156.54999,20.85713],[-156.54765,20.8565],[-156.54538,20.85657],[-156.54308,20.85541],[-156.53996,20.85559]]]},"properties":{"dp":"14-05","county":"MAUI","ballottype":"CD2-H14-S05-CC0","us_house":"CD2","state_hous":"H14","state_sena":"S05","county_cou":"CC0"}},{"type":"Feature","geometry":{"type":"Polygon","coordinates":[[[-159.50113,22.07178],[-159.4932,22.0597],[-159.49233,22.06102],[-159.49228,22.06292],[-159.49134,22.06551],[-159.49009,22.06609],[-159.48692,22.06632],[-159.48532,22.06534],[-159.48285,22.06628],[-159.48177,22.06564],[-159.47902,22.06553],[-159.47643,22.0649],[-159.47477,22.06513],[-159.47205,22.06452],[-159.47002,22.06321],[-159.46715,22.0627],[-159.46439,22.06111],[-159.46224,22.06114],[-159.46061,22.06],[-159.45916,22.06045],[-159.45663,22.06255],[-159.45429,22.06234],[-159.4527,22.0615],[-159.45149,22.0625],[-159.44727,22.06357],[-159.44555,22.06591],[-159.44294,22.06665],[-159.44054,22.06635],[-159.43966,22.06514],[-159.43904,22.06492],[-159.43761,22.06383],[-159.43592,22.06433],[-159.43319,22.06439],[-159.43119,22.06336],[-159.42812,22.06491],[-159.42602,22.06449],[-159.42443,22.06251],[-159.42119,22.06343],[-159.42137,22.06528],[-159.41981,22.06724],[-159.42108,22.069],[-159.42104,22.06998],[-159.42193,22.07143],[-159.42384,22.07261],[-159.42409,22.07678],[-159.42583,22.08095],[-159.4265,22.08329],[-159.42771,22.08585],[-159.43047,22.08914],[-159.43459,22.09337],[-159.44359,22.10109],[-159.44411,22.10184],[-159.44489,22.10956],[-159.44345,22.11184],[-159.44305,22.11486],[-159.44121,22.11546],[-159.44067,22.11699],[-159.43784,22.11804],[-159.43459,22.11802],[-159.43294,22.11638],[-159.43256,22.11883],[-159.43172,22.12115],[-159.42934,22.12394],[-159.42998,22.12446],[-159.42984,22.12814],[-159.43078,22.12829],[-159.43083,22.12988],[-159.42943,22.13083],[-159.43052,22.13179],[-159.43073,22.13365],[-159.43195,22.13413],[-159.4317,22.13529],[-159.43355,22.13672],[-159.43457,22.13817],[-159.43627,22.13853],[-159.43712,22.14012],[-159.43828,22.14035],[-159.44049,22.13968],[-159.44026,22.14186],[-159.44267,22.14221],[-159.4424,22.14356],[-159.44406,22.14435],[-159.4446,22.14561],[-159.44727,22.14731],[-159.44784,22.14899],[-159.44959,22.15188],[-159.44996,22.15469],[-159.45136,22.15641],[-159.45052,22.1578],[-159.45172,22.15878],[-159.45177,22.16055],[-159.45029,22.16213],[-159.45232,22.1635],[-159.45241,22.16568],[-159.45049,22.16618],[-159.45053,22.16757],[-159.44945,22.16824],[-159.44634,22.16927],[-159.4462,22.17081],[-159.44374,22.17256],[-159.44462,22.17325],[-159.4443,22.1749],[-159.44055,22.17605],[-159.44032,22.17725],[-159.44207,22.18035],[-159.44129,22.18159],[-159.43994,22.18026],[-159.43903,22.18155],[-159.43756,22.18585],[-159.43552,22.18674],[-159.43609,22.1884],[-159.43568,22.18974],[-159.43295,22.1889],[-159.43263,22.19084],[-159.43194,22.19172],[-159.43207,22.19324],[-159.43511,22.19389],[-159.43527,22.19548],[-159.43351,22.19632],[-159.43333,22.19726],[-159.43504,22.19798],[-159.43362,22.20079],[-159.43369,22.20196],[-159.43608,22.20273],[-159.43712,22.20355],[-159.43717,22.20496],[-159.43474,22.20668],[-159.4335,22.2069],[-159.43383,22.2088],[-159.43349,22.2098],[-159.43068,22.21077],[-159.4289,22.21301],[-159.42868,22.21465],[-159.4295,22.21561],[-159.42894,22.21745],[-159.43181,22.21796],[-159.43577,22.22344],[-159.43823,22.22385],[-159.43927,22.2229],[-159.44118,22.22285],[-159.44303,22.22349],[-159.44779,22.22412],[-159.44935,22.22541],[-159.45206,22.22547],[-159.45499,22.22645],[-159.45923,22.2252],[-159.4624,22.22345],[-159.46418,22.22338],[-159.46599,22.22389],[-159.46763,22.22543],[-159.46878,22.22584],[-159.47092,22.2257],[-159.47228,22.22613],[-159.47438,22.22842],[-159.47701,22.22976],[-159.47763,22.22888],[-159.47945,22.22935],[-159.48081,22.22853],[-159.484,22.22893],[-159.48575,22.22957],[-159.48738,22.22892],[-159.4889,22.22762],[-159.48914,22.22661],[-159.49185,22.22564],[-159.49386,22.22369],[-159.49493,22.22386],[-159.49761,22.22219],[-159.49848,22.21991],[-159.49816,22.21879],[-159.49869,22.21669],[-159.49852,22.21527],[-159.49731,22.21416],[-159.49727,22.21012],[-159.49795,22.20778],[-159.49947,22.20577],[-159.501,22.20452],[-159.50412,22.20293],[-159.50606,22.20252],[-159.50907,22.20314],[-159.51014,22.20272],[-159.5131,22.20372],[-159.5161,22.20645],[-159.51668,22.20765],[-159.51698,22.21005],[-159.51773,22.21166],[-159.51714,22.21362],[-159.51936,22.21465],[-159.52121,22.21412],[-159.5237,22.21431],[-159.52563,22.21513],[-159.53008,22.21562],[-159.53221,22.21652],[-159.53294,22.21738],[-159.53583,22.21462],[-159.53852,22.21376],[-159.54109,22.21442],[-159.54234,22.21799],[-159.54406,22.21974],[-159.54445,22.22173],[-159.54573,22.22312],[-159.54836,22.22426],[-159.55096,22.22497],[-159.55233,22.22436],[-159.55474,22.22456],[-159.55656,22.2259],[-159.55856,22.22626],[-159.56096,22.224],[-159.56457,22.22118],[-159.56687,22.22067],[-159.56981,22.22268],[-159.57333,22.22366],[-159.57582,22.22396],[-159.58031,22.22376],[-159.58173,22.2231],[-159.58375,22.22054],[-159.58522,22.22057],[-159.58564,22.21941],[-159.58706,22.21853],[-159.58956,22.21551],[-159.59202,22.21426],[-159.59472,22.21214],[-159.5964,22.21121],[-159.59828,22.20846],[-159.59944,22.20859],[-159.60514,22.20603],[-159.60603,22.20407],[-159.60901,22.20322],[-159.61429,22.20051],[-159.61519,22.19947],[-159.61654,22.19922],[-159.61867,22.19788],[-159.62116,22.19691],[-159.6232,22.19699],[-159.6237,22.19547],[-159.62546,22.19591],[-159.62698,22.1946],[-159.63121,22.19237],[-159.63387,22.18905],[-159.63565,22.1873],[-159.63666,22.18691],[-159.63727,22.18532],[-159.63975,22.18335],[-159.6448,22.18035],[-159.64811,22.17984],[-159.65219,22.17833],[-159.65465,22.17543],[-159.65701,22.17354],[-159.66083,22.17208],[-159.66237,22.17116],[-159.66532,22.17042],[-159.6668,22.16938],[-159.66689,22.16784],[-159.66954,22.16682],[-159.67081,22.16829],[-159.67223,22.16752],[-159.67176,22.16659],[-159.67348,22.16589],[-159.67432,22.1672],[-159.6781,22.16675],[-159.68017,22.16606],[-159.68342,22.16436],[-159.68445,22.1645],[-159.68573,22.16341],[-159.68778,22.16303],[-159.68884,22.16382],[-159.69124,22.16303],[-159.69196,22.16208],[-159.69096,22.15698],[-159.68667,22.15537],[-159.6848,22.15435],[-159.68083,22.15323],[-159.67813,22.15277],[-159.67725,22.15307],[-159.67526,22.15138],[-159.67016,22.15149],[-159.66877,22.15026],[-159.66708,22.15046],[-159.66501,22.14908],[-159.66242,22.14932],[-159.66062,22.14832],[-159.65779,22.1459],[-159.65444,22.14413],[-159.65025,22.14275],[-159.64802,22.1428],[-159.64662,22.14186],[-159.64121,22.14279],[-159.64006,22.14367],[-159.63826,22.14342],[-159.6368,22.14501],[-159.6343,22.14615],[-159.63352,22.14604],[-159.63087,22.14699],[-159.63093,22.15128],[-159.62961,22.15096],[-159.62702,22.15111],[-159.62552,22.15182],[-159.6219,22.15435],[-159.61859,22.15569],[-159.61645,22.15772],[-159.61424,22.15725],[-159.6128,22.15795],[-159.61151,22.15762],[-159.60897,22.15902],[-159.60683,22.15891],[-159.60404,22.1605],[-159.60338,22.16219],[-159.6011,22.16257],[-159.59855,22.16083],[-159.59708,22.16055],[-159.59682,22.15792],[-159.59594,22.15726],[-159.59328,22.15227],[-159.59089,22.14931],[-159.59027,22.14896],[-159.58905,22.14741],[-159.58782,22.1477],[-159.58462,22.14725],[-159.58336,22.1455],[-159.58332,22.14437],[-159.58043,22.14141],[-159.58133,22.13914],[-159.58009,22.13584],[-159.57762,22.13339],[-159.57637,22.13316],[-159.57428,22.13149],[-159.57272,22.13191],[-159.57093,22.13025],[-159.57076,22.12871],[-159.5668,22.12634],[-159.56663,22.124],[-159.56461,22.12274],[-159.56425,22.12149],[-159.5614,22.12038],[-159.56072,22.1196],[-159.55817,22.11834],[-159.55836,22.11629],[-159.55468,22.1149],[-159.55358,22.11235],[-159.551,22.1096],[-159.55066,22.10846],[-159.54742,22.10733],[-159.54611,22.10518],[-159.54601,22.10258],[-159.54437,22.09936],[-159.54223,22.09611],[-159.54006,22.0946],[-159.53962,22.09286],[-159.53856,22.09193],[-159.53864,22.09079],[-159.53719,22.08975],[-159.53657,22.08772],[-159.53918,22.08766],[-159.53991,22.08617],[-159.53642,22.08412],[-159.53527,22.08264],[-159.53396,22.08204],[-159.52913,22.08163],[-159.5266,22.08062],[-159.52441,22.07913],[-159.5233,22.07757],[-159.52193,22.07708],[-159.51869,22.07952],[-159.51469,22.07767],[-159.51447,22.0765],[-159.51106,22.07415],[-159.50924,22.07439],[-159.50614,22.07318],[-159.50474,22.07327],[-159.50222,22.07256],[-159.50113,22.07178]]]},"properties":{"dp":"15-01","county":"KAUAI","ballottype":"CD2-H15-S08-CC0","us_house":"CD2","state_hous":"H15","state_sena":"S08","county_cou":"CC0"}},{"type":"Feature","geometry":{"type":"Polygon","coordinates":[[[-159.43294,22.11638],[-159.43219,22.11557],[-159.43022,22.11506],[-159.42639,22.11479],[-159.42525,22.11606],[-159.42315,22.11674],[-159.42057,22.11906],[-159.42051,22.12075],[-159.41959,22.12242],[-159.4186,22.12279],[-159.41794,22.12501],[-159.41406,22.12709],[-159.41233,22.12914],[-159.41276,22.13113],[-159.4122,22.13275],[-159.41298,22.13534],[-159.41656,22.13861],[-159.4194,22.14266],[-159.41937,22.14358],[-159.42052,22.14531],[-159.42208,22.14599],[-159.42407,22.14829],[-159.42433,22.14958],[-159.42564,22.15086],[-159.42547,22.15269],[-159.42288,22.15299],[-159.42065,22.15178],[-159.4192,22.15275],[-159.41484,22.15276],[-159.41277,22.1537],[-159.41061,22.15244],[-159.4083,22.15156],[-159.40477,22.15154],[-159.39929,22.15062],[-159.39756,22.15095],[-159.39538,22.15216],[-159.39326,22.15469],[-159.3924,22.15686],[-159.38882,22.15704],[-159.38722,22.15796],[-159.38632,22.15937],[-159.38387,22.16058],[-159.38265,22.15939],[-159.3805,22.1595],[-159.37865,22.15969],[-159.3768,22.15895],[-159.37579,22.15918],[-159.37399,22.16907],[-159.37369,22.17225],[-159.37262,22.17516],[-159.3708,22.17402],[-159.36752,22.17626],[-159.3645,22.1777],[-159.36297,22.1801],[-159.36222,22.17932],[-159.35955,22.18164],[-159.35828,22.18181],[-159.35684,22.18374],[-159.35464,22.18268],[-159.35425,22.18391],[-159.35206,22.18487],[-159.35192,22.18627],[-159.34989,22.18956],[-159.34865,22.18933],[-159.34879,22.1922],[-159.34676,22.19359],[-159.3388,22.20058],[-159.33623,22.2031],[-159.33575,22.20404],[-159.34337,22.20997],[-159.34796,22.21186],[-159.34791,22.21287],[-159.35323,22.21466],[-159.35438,22.21428],[-159.35574,22.21253],[-159.35804,22.2115],[-159.36088,22.21182],[-159.36209,22.2112],[-159.36412,22.21145],[-159.36703,22.21251],[-159.3677,22.2134],[-159.37072,22.21468],[-159.37137,22.21531],[-159.37734,22.21678],[-159.38074,22.21551],[-159.38363,22.21619],[-159.38488,22.21732],[-159.38583,22.21523],[-159.38724,22.21443],[-159.39115,22.21426],[-159.39143,22.21479],[-159.38741,22.21534],[-159.38621,22.21582],[-159.38701,22.21748],[-159.38708,22.21966],[-159.38354,22.22088],[-159.38191,22.22387],[-159.38237,22.22491],[-159.38451,22.22309],[-159.38751,22.22206],[-159.39099,22.2234],[-159.39022,22.22456],[-159.3908,22.22538],[-159.39243,22.2242],[-159.39417,22.22419],[-159.39536,22.22488],[-159.39653,22.22645],[-159.39665,22.22852],[-159.39746,22.23008],[-159.39933,22.23019],[-159.40142,22.22967],[-159.40097,22.23175],[-159.40218,22.23272],[-159.4048,22.22877],[-159.40468,22.22724],[-159.40774,22.22512],[-159.41281,22.22368],[-159.41554,22.22352],[-159.41841,22.22239],[-159.42084,22.22237],[-159.42233,22.22351],[-159.42386,22.22377],[-159.42487,22.22276],[-159.42588,22.22019],[-159.42551,22.21756],[-159.42638,22.21676],[-159.42913,22.21573],[-159.42821,22.21497],[-159.42863,22.21264],[-159.43122,22.20991],[-159.4331,22.20979],[-159.43383,22.2088],[-159.4335,22.2069],[-159.43474,22.20668],[-159.43717,22.20496],[-159.43712,22.20355],[-159.43608,22.20273],[-159.43369,22.20196],[-159.43362,22.20079],[-159.43504,22.19798],[-159.43333,22.19726],[-159.43351,22.19632],[-159.43527,22.19548],[-159.43511,22.19389],[-159.43207,22.19324],[-159.43194,22.19172],[-159.43263,22.19084],[-159.43295,22.1889],[-159.43568,22.18974],[-159.43609,22.1884],[-159.43552,22.18674],[-159.43756,22.18585],[-159.43903,22.18155],[-159.43994,22.18026],[-159.44129,22.18159],[-159.44207,22.18035],[-159.44032,22.17725],[-159.44055,22.17605],[-159.4443,22.1749],[-159.44462,22.17325],[-159.44374,22.17256],[-159.4462,22.17081],[-159.44634,22.16927],[-159.44945,22.16824],[-159.45053,22.16757],[-159.45049,22.16618],[-159.45241,22.16568],[-159.45232,22.1635],[-159.45029,22.16213],[-159.45177,22.16055],[-159.45172,22.15878],[-159.45052,22.1578],[-159.45136,22.15641],[-159.44996,22.15469],[-159.44959,22.15188],[-159.44784,22.14899],[-159.44727,22.14731],[-159.4446,22.14561],[-159.44406,22.14435],[-159.4424,22.14356],[-159.44267,22.14221],[-159.44026,22.14186],[-159.44049,22.13968],[-159.43828,22.14035],[-159.43712,22.14012],[-159.43627,22.13853],[-159.43457,22.13817],[-159.43355,22.13672],[-159.4317,22.13529],[-159.43195,22.13413],[-159.43073,22.13365],[-159.43052,22.13179],[-159.42943,22.13083],[-159.43083,22.12988],[-159.43078,22.12829],[-159.42984,22.12814],[-159.42998,22.12446],[-159.42934,22.12394],[-159.43172,22.12115],[-159.43256,22.11883],[-159.43294,22.11638]]]},"properties":{"dp":"15-02","county":"KAUAI","ballottype":"CD2-H15-S08-CC0","us_house":"CD2","state_hous":"H15","state_sena":"S08","county_cou":"CC0"}},{"type":"Feature","geometry":{"type":"Polygon","coordinates":[[[-159.42104,22.06998],[-159.42117,22.07284],[-159.42044,22.07348],[-159.41885,22.0718],[-159.4172,22.07188],[-159.41504,22.07008],[-159.41412,22.07017],[-159.41204,22.06719],[-159.40445,22.07613],[-159.40027,22.07851],[-159.38859,22.08545],[-159.39021,22.0856],[-159.39213,22.08718],[-159.39265,22.0882],[-159.39409,22.08886],[-159.39769,22.08951],[-159.39894,22.09071],[-159.40198,22.09222],[-159.40198,22.09402],[-159.39868,22.09652],[-159.39625,22.10089],[-159.39377,22.10194],[-159.39263,22.10282],[-159.38796,22.10463],[-159.3848,22.10555],[-159.37433,22.10538],[-159.37349,22.10562],[-159.36947,22.10462],[-159.36725,22.10569],[-159.36947,22.1079],[-159.36796,22.10937],[-159.36385,22.10843],[-159.36376,22.10763],[-159.36118,22.10672],[-159.35955,22.10687],[-159.35776,22.10631],[-159.3572,22.10483],[-159.35531,22.10638],[-159.35424,22.10546],[-159.35447,22.10384],[-159.35311,22.10332],[-159.35184,22.1039],[-159.34763,22.10692],[-159.34638,22.10589],[-159.34329,22.10614],[-159.34334,22.1081],[-159.33952,22.10816],[-159.33895,22.10748],[-159.33928,22.10576],[-159.33756,22.10543],[-159.33705,22.10715],[-159.33526,22.10656],[-159.33454,22.10736],[-159.33274,22.10696],[-159.3324,22.10906],[-159.33291,22.11028],[-159.33164,22.11254],[-159.33113,22.11449],[-159.32981,22.11712],[-159.32953,22.11842],[-159.33017,22.12218],[-159.32926,22.12222],[-159.32457,22.11835],[-159.32348,22.11704],[-159.31887,22.11496],[-159.3161,22.11282],[-159.31473,22.11372],[-159.31196,22.11319],[-159.31154,22.11167],[-159.30971,22.1113],[-159.30736,22.10998],[-159.30554,22.11016],[-159.30347,22.11157],[-159.30223,22.10932],[-159.29879,22.10894],[-159.29663,22.1075],[-159.29579,22.10807],[-159.29468,22.111],[-159.29654,22.11338],[-159.29646,22.11621],[-159.29535,22.11746],[-159.29535,22.11932],[-159.29588,22.12165],[-159.29478,22.12248],[-159.29296,22.12476],[-159.29242,22.12736],[-159.29298,22.12941],[-159.29428,22.12953],[-159.29437,22.13228],[-159.29486,22.13333],[-159.29332,22.13428],[-159.29417,22.13525],[-159.2942,22.13698],[-159.2935,22.13808],[-159.29312,22.14138],[-159.29437,22.14527],[-159.29587,22.14798],[-159.29706,22.14785],[-159.29791,22.14626],[-159.30213,22.14632],[-159.30385,22.14695],[-159.30543,22.14842],[-159.3058,22.15526],[-159.30522,22.1584],[-159.30725,22.15987],[-159.30951,22.16282],[-159.30862,22.1648],[-159.30851,22.16629],[-159.31046,22.16999],[-159.31192,22.1719],[-159.31386,22.17191],[-159.31301,22.17575],[-159.31116,22.17752],[-159.31129,22.17899],[-159.31223,22.18197],[-159.31307,22.1836],[-159.31477,22.18544],[-159.3169,22.18654],[-159.31748,22.18753],[-159.32081,22.18858],[-159.32253,22.18977],[-159.32341,22.19121],[-159.32691,22.19393],[-159.33093,22.19856],[-159.33185,22.2005],[-159.33482,22.20209],[-159.33575,22.20404],[-159.33623,22.2031],[-159.3388,22.20058],[-159.34676,22.19359],[-159.34879,22.1922],[-159.34865,22.18933],[-159.34989,22.18956],[-159.35192,22.18627],[-159.35206,22.18487],[-159.35425,22.18391],[-159.35464,22.18268],[-159.35684,22.18374],[-159.35828,22.18181],[-159.35955,22.18164],[-159.36222,22.17932],[-159.36297,22.1801],[-159.3645,22.1777],[-159.36752,22.17626],[-159.3708,22.17402],[-159.37262,22.17516],[-159.37369,22.17225],[-159.37399,22.16907],[-159.37579,22.15918],[-159.3768,22.15895],[-159.37865,22.15969],[-159.3805,22.1595],[-159.38265,22.15939],[-159.38387,22.16058],[-159.38632,22.15937],[-159.38722,22.15796],[-159.38882,22.15704],[-159.3924,22.15686],[-159.39326,22.15469],[-159.39538,22.15216],[-159.39756,22.15095],[-159.39929,22.15062],[-159.40477,22.15154],[-159.4083,22.15156],[-159.41061,22.15244],[-159.41277,22.1537],[-159.41484,22.15276],[-159.4192,22.15275],[-159.42065,22.15178],[-159.42288,22.15299],[-159.42547,22.15269],[-159.42564,22.15086],[-159.42433,22.14958],[-159.42407,22.14829],[-159.42208,22.14599],[-159.42052,22.14531],[-159.41937,22.14358],[-159.4194,22.14266],[-159.41656,22.13861],[-159.41298,22.13534],[-159.4122,22.13275],[-159.41276,22.13113],[-159.41233,22.12914],[-159.41406,22.12709],[-159.41794,22.12501],[-159.4186,22.12279],[-159.41959,22.12242],[-159.42051,22.12075],[-159.42057,22.11906],[-159.42315,22.11674],[-159.42525,22.11606],[-159.42639,22.11479],[-159.43022,22.11506],[-159.43219,22.11557],[-159.43294,22.11638],[-159.43459,22.11802],[-159.43784,22.11804],[-159.44067,22.11699],[-159.44121,22.11546],[-159.44305,22.11486],[-159.44345,22.11184],[-159.44489,22.10956],[-159.44411,22.10184],[-159.44359,22.10109],[-159.43459,22.09337],[-159.43047,22.08914],[-159.42771,22.08585],[-159.4265,22.08329],[-159.42583,22.08095],[-159.42409,22.07678],[-159.42384,22.07261],[-159.42193,22.07143],[-159.42104,22.06998]]]},"properties":{"dp":"15-03","county":"KAUAI","ballottype":"CD2-H15-S08-CC0","us_house":"CD2","state_hous":"H15","state_sena":"S08","county_cou":"CC0"}},{"type":"Feature","geometry":{"type":"Polygon","coordinates":[[[-159.38859,22.08545],[-159.38398,22.08305],[-159.3786,22.08438],[-159.37753,22.08553],[-159.37515,22.08635],[-159.37397,22.08624],[-159.37242,22.08716],[-159.37131,22.08915],[-159.37158,22.09054],[-159.36931,22.09058],[-159.36862,22.09274],[-159.36633,22.09215],[-159.36325,22.09194],[-159.36111,22.09099],[-159.35942,22.09115],[-159.35519,22.08935],[-159.3533,22.08951],[-159.35282,22.09054],[-159.35141,22.09042],[-159.3499,22.09137],[-159.34789,22.08999],[-159.34774,22.08723],[-159.34444,22.08804],[-159.34375,22.08618],[-159.34281,22.08595],[-159.34212,22.08282],[-159.33683,22.08053],[-159.33488,22.08045],[-159.33378,22.08171],[-159.33005,22.08097],[-159.32889,22.07971],[-159.3275,22.07929],[-159.32554,22.07954],[-159.32245,22.07724],[-159.32038,22.07984],[-159.3175,22.08102],[-159.31623,22.08214],[-159.31388,22.08245],[-159.31274,22.08201],[-159.31524,22.07852],[-159.31494,22.07725],[-159.31291,22.07986],[-159.31161,22.08269],[-159.30827,22.08606],[-159.30788,22.0874],[-159.30623,22.08824],[-159.30464,22.09029],[-159.30574,22.09061],[-159.3062,22.09299],[-159.30509,22.09769],[-159.30334,22.09958],[-159.30144,22.1006],[-159.29776,22.10329],[-159.29634,22.10592],[-159.29663,22.1075],[-159.29879,22.10894],[-159.30223,22.10932],[-159.30347,22.11157],[-159.30554,22.11016],[-159.30736,22.10998],[-159.30971,22.1113],[-159.31154,22.11167],[-159.31196,22.11319],[-159.31473,22.11372],[-159.3161,22.11282],[-159.31887,22.11496],[-159.32348,22.11704],[-159.32457,22.11835],[-159.32926,22.12222],[-159.33017,22.12218],[-159.32953,22.11842],[-159.32981,22.11712],[-159.33113,22.11449],[-159.33164,22.11254],[-159.33291,22.11028],[-159.3324,22.10906],[-159.33274,22.10696],[-159.33454,22.10736],[-159.33526,22.10656],[-159.33705,22.10715],[-159.33756,22.10543],[-159.33928,22.10576],[-159.33895,22.10748],[-159.33952,22.10816],[-159.34334,22.1081],[-159.34329,22.10614],[-159.34638,22.10589],[-159.34763,22.10692],[-159.35184,22.1039],[-159.35311,22.10332],[-159.35447,22.10384],[-159.35424,22.10546],[-159.35531,22.10638],[-159.3572,22.10483],[-159.35776,22.10631],[-159.35955,22.10687],[-159.36118,22.10672],[-159.36376,22.10763],[-159.36385,22.10843],[-159.36796,22.10937],[-159.36947,22.1079],[-159.36725,22.10569],[-159.36947,22.10462],[-159.37349,22.10562],[-159.37433,22.10538],[-159.3848,22.10555],[-159.38796,22.10463],[-159.39263,22.10282],[-159.39377,22.10194],[-159.39625,22.10089],[-159.39868,22.09652],[-159.40198,22.09402],[-159.40198,22.09222],[-159.39894,22.09071],[-159.39769,22.08951],[-159.39409,22.08886],[-159.39265,22.0882],[-159.39213,22.08718],[-159.39021,22.0856],[-159.38859,22.08545]]]},"properties":{"dp":"15-04","county":"KAUAI","ballottype":"CD2-H15-S08-CC0","us_house":"CD2","state_hous":"H15","state_sena":"S08","county_cou":"CC0"}},{"type":"Feature","geometry":{"type":"Polygon","coordinates":[[[-159.33683,22.08053],[-159.33813,22.07956],[-159.33768,22.07824],[-159.33527,22.07735],[-159.33386,22.07557],[-159.334,22.07436],[-159.33165,22.07275],[-159.33247,22.07209],[-159.33289,22.07027],[-159.33392,22.06837],[-159.33629,22.06627],[-159.33625,22.06267],[-159.33788,22.061],[-159.3417,22.062],[-159.34131,22.06385],[-159.34373,22.06256],[-159.34481,22.06315],[-159.34721,22.06312],[-159.35168,22.06036],[-159.35294,22.05591],[-159.35792,22.05292],[-159.35628,22.04881],[-159.35498,22.04758],[-159.35411,22.04906],[-159.35084,22.05013],[-159.34894,22.05003],[-159.34697,22.05118],[-159.34434,22.04973],[-159.3425,22.04958],[-159.34037,22.05003],[-159.33564,22.04732],[-159.33664,22.0452],[-159.33582,22.04483],[-159.33516,22.04726],[-159.33391,22.05001],[-159.33202,22.05106],[-159.32982,22.05092],[-159.32717,22.05242],[-159.32628,22.05349],[-159.32213,22.05519],[-159.32119,22.05636],[-159.31834,22.06099],[-159.31784,22.06497],[-159.3162,22.0701],[-159.31709,22.07139],[-159.31702,22.07431],[-159.31654,22.0756],[-159.31494,22.07725],[-159.31524,22.07852],[-159.31274,22.08201],[-159.31388,22.08245],[-159.31623,22.08214],[-159.3175,22.08102],[-159.32038,22.07984],[-159.32245,22.07724],[-159.32554,22.07954],[-159.3275,22.07929],[-159.32889,22.07971],[-159.33005,22.08097],[-159.33378,22.08171],[-159.33488,22.08045],[-159.33683,22.08053]]]},"properties":{"dp":"15-05","county":"KAUAI","ballottype":"CD2-H15-S08-CC0","us_house":"CD2","state_hous":"H15","state_sena":"S08","county_cou":"CC0"}},{"type":"Feature","geometry":{"type":"Polygon","coordinates":[[[-159.42119,22.06343],[-159.42041,22.0582],[-159.42146,22.05576],[-159.42148,22.05239],[-159.42041,22.04875],[-159.41067,22.04447],[-159.40769,22.04345],[-159.40782,22.0485],[-159.4094,22.05447],[-159.4099,22.05551],[-159.4088,22.05652],[-159.40497,22.05582],[-159.40172,22.05696],[-159.4001,22.05795],[-159.39567,22.05824],[-159.39474,22.05608],[-159.39245,22.05484],[-159.39067,22.05492],[-159.38829,22.0537],[-159.38778,22.05213],[-159.38226,22.0529],[-159.38022,22.05499],[-159.37923,22.0544],[-159.37916,22.05305],[-159.37723,22.05265],[-159.37535,22.05124],[-159.37357,22.05134],[-159.37117,22.05008],[-159.36786,22.04645],[-159.36615,22.04525],[-159.36296,22.04546],[-159.3631,22.04395],[-159.36411,22.04293],[-159.36392,22.04139],[-159.3606,22.04183],[-159.35882,22.04485],[-159.35671,22.0452],[-159.35401,22.04401],[-159.35137,22.04474],[-159.34945,22.0478],[-159.34702,22.04883],[-159.34431,22.04929],[-159.33952,22.04724],[-159.33664,22.0452],[-159.33564,22.04732],[-159.34037,22.05003],[-159.3425,22.04958],[-159.34434,22.04973],[-159.34697,22.05118],[-159.34894,22.05003],[-159.35084,22.05013],[-159.35411,22.04906],[-159.35498,22.04758],[-159.35628,22.04881],[-159.35792,22.05292],[-159.35294,22.05591],[-159.35168,22.06036],[-159.34721,22.06312],[-159.34481,22.06315],[-159.34373,22.06256],[-159.34131,22.06385],[-159.3417,22.062],[-159.33788,22.061],[-159.33625,22.06267],[-159.33629,22.06627],[-159.33392,22.06837],[-159.33289,22.07027],[-159.33247,22.07209],[-159.33165,22.07275],[-159.334,22.07436],[-159.33386,22.07557],[-159.33527,22.07735],[-159.33768,22.07824],[-159.33813,22.07956],[-159.33683,22.08053],[-159.34212,22.08282],[-159.34281,22.08595],[-159.34375,22.08618],[-159.34444,22.08804],[-159.34774,22.08723],[-159.34789,22.08999],[-159.3499,22.09137],[-159.35141,22.09042],[-159.35282,22.09054],[-159.3533,22.08951],[-159.35519,22.08935],[-159.35942,22.09115],[-159.36111,22.09099],[-159.36325,22.09194],[-159.36633,22.09215],[-159.36862,22.09274],[-159.36931,22.09058],[-159.37158,22.09054],[-159.37131,22.08915],[-159.37242,22.08716],[-159.37397,22.08624],[-159.37515,22.08635],[-159.37753,22.08553],[-159.3786,22.08438],[-159.38398,22.08305],[-159.38859,22.08545],[-159.40027,22.07851],[-159.40445,22.07613],[-159.41204,22.06719],[-159.41412,22.07017],[-159.41504,22.07008],[-159.4172,22.07188],[-159.41885,22.0718],[-159.42044,22.07348],[-159.42117,22.07284],[-159.42104,22.06998],[-159.42108,22.069],[-159.41981,22.06724],[-159.42137,22.06528],[-159.42119,22.06343]]]},"properties":{"dp":"16-01","county":"KAUAI","ballottype":"CD2-H16-S08-CC0","us_house":"CD2","state_hous":"H16","state_sena":"S08","county_cou":"CC0"}},{"type":"Feature","geometry":{"type":"Polygon","coordinates":[[[-159.50113,22.07178],[-159.50176,22.06926],[-159.50128,22.06788],[-159.5006,22.0631],[-159.49934,22.06208],[-159.49998,22.05681],[-159.50098,22.05572],[-159.50283,22.05497],[-159.50526,22.05509],[-159.50527,22.05232],[-159.50431,22.05005],[-159.5025,22.04874],[-159.50264,22.04591],[-159.50233,22.04383],[-159.50349,22.0423],[-159.50376,22.04029],[-159.50496,22.03893],[-159.50479,22.03758],[-159.50255,22.03307],[-159.50297,22.03097],[-159.50387,22.02988],[-159.50538,22.0257],[-159.50674,22.02385],[-159.50695,22.0227],[-159.50845,22.0214],[-159.5084,22.01967],[-159.50696,22.0183],[-159.5049,22.01463],[-159.50508,22.01365],[-159.50408,22.01171],[-159.50477,22.00827],[-159.50473,22.00657],[-159.50339,22.00389],[-159.50312,22.00239],[-159.50329,21.99953],[-159.50288,21.99736],[-159.50058,21.99557],[-159.49879,21.99525],[-159.49733,21.9899],[-159.49794,21.9864],[-159.49698,21.98347],[-159.4907,21.98144],[-159.48931,21.98186],[-159.48734,21.98332],[-159.48563,21.98368],[-159.48403,21.98296],[-159.48288,21.98135],[-159.48107,21.981],[-159.4805,21.97986],[-159.4771,21.97872],[-159.47619,21.97876],[-159.47436,21.97611],[-159.47483,21.97478],[-159.47377,21.97214],[-159.47413,21.97033],[-159.47207,21.96674],[-159.46944,21.96418],[-159.46815,21.96057],[-159.46662,21.96374],[-159.46112,21.96763],[-159.46228,21.96896],[-159.46212,21.9699],[-159.45991,21.97458],[-159.45842,21.97622],[-159.45659,21.97659],[-159.45492,21.97632],[-159.45462,21.97745],[-159.45026,21.98467],[-159.4487,21.98767],[-159.4475,21.9879],[-159.44331,21.99073],[-159.44161,21.99391],[-159.43952,21.99647],[-159.43947,21.99771],[-159.44097,21.99984],[-159.44221,21.99949],[-159.44404,21.99769],[-159.44535,21.99721],[-159.44683,21.99758],[-159.4481,22.00033],[-159.44783,22.00165],[-159.44582,22.0019],[-159.44509,22.00339],[-159.44648,22.0046],[-159.4481,22.00494],[-159.44968,22.00601],[-159.45043,22.00725],[-159.45018,22.00842],[-159.4507,22.01003],[-159.4495,22.01111],[-159.44915,22.00908],[-159.44711,22.00958],[-159.44697,22.01126],[-159.44577,22.01232],[-159.4438,22.01218],[-159.44191,22.0108],[-159.44171,22.00941],[-159.44019,22.0094],[-159.44002,22.01097],[-159.44067,22.01491],[-159.43949,22.01648],[-159.44419,22.01784],[-159.44332,22.01945],[-159.4418,22.01971],[-159.44076,22.02147],[-159.43848,22.01944],[-159.43867,22.02199],[-159.43961,22.0232],[-159.43902,22.02439],[-159.4362,22.02555],[-159.43659,22.02734],[-159.43622,22.02832],[-159.43398,22.02804],[-159.4329,22.0284],[-159.43244,22.0305],[-159.4308,22.03096],[-159.42941,22.0328],[-159.42597,22.03359],[-159.42545,22.03251],[-159.42269,22.03214],[-159.41994,22.03048],[-159.41831,22.03103],[-159.41788,22.02997],[-159.41871,22.02838],[-159.41641,22.02796],[-159.41514,22.02562],[-159.41363,22.02634],[-159.41065,22.02494],[-159.40795,22.02287],[-159.40366,22.02309],[-159.39836,22.02462],[-159.39179,22.02258],[-159.39141,22.0239],[-159.38662,22.02237],[-159.38589,22.01937],[-159.38399,22.0169],[-159.38287,22.01631],[-159.38274,22.0138],[-159.38156,22.01117],[-159.37827,22.00861],[-159.37635,22.00629],[-159.37549,22.00243],[-159.37422,21.99944],[-159.37218,21.99843],[-159.37092,21.99651],[-159.36871,21.99584],[-159.36605,21.99338],[-159.36591,21.99194],[-159.36454,21.99142],[-159.36472,21.98843],[-159.36229,21.98937],[-159.36186,21.98767],[-159.36012,21.98758],[-159.35759,21.9882],[-159.35623,21.98734],[-159.35413,21.98894],[-159.34911,21.98984],[-159.34659,21.99104],[-159.34486,21.99338],[-159.3436,21.99365],[-159.34075,21.99185],[-159.3412,21.99363],[-159.34041,21.99522],[-159.33703,21.99525],[-159.33617,21.99484],[-159.33431,21.99718],[-159.33284,21.99782],[-159.33262,21.99975],[-159.33346,22.00239],[-159.33536,22.00411],[-159.33579,22.00798],[-159.33712,22.01278],[-159.33749,22.01574],[-159.33841,22.0172],[-159.3382,22.01962],[-159.33873,22.02503],[-159.33826,22.02834],[-159.33614,22.03352],[-159.33565,22.03519],[-159.33534,22.03846],[-159.33449,22.04082],[-159.33448,22.04272],[-159.33582,22.04483],[-159.33664,22.0452],[-159.33952,22.04724],[-159.34431,22.04929],[-159.34702,22.04883],[-159.34945,22.0478],[-159.35137,22.04474],[-159.35401,22.04401],[-159.35671,22.0452],[-159.35882,22.04485],[-159.3606,22.04183],[-159.36392,22.04139],[-159.36411,22.04293],[-159.3631,22.04395],[-159.36296,22.04546],[-159.36615,22.04525],[-159.36786,22.04645],[-159.37117,22.05008],[-159.37357,22.05134],[-159.37535,22.05124],[-159.37723,22.05265],[-159.37916,22.05305],[-159.37923,22.0544],[-159.38022,22.05499],[-159.38226,22.0529],[-159.38778,22.05213],[-159.38829,22.0537],[-159.39067,22.05492],[-159.39245,22.05484],[-159.39474,22.05608],[-159.39567,22.05824],[-159.4001,22.05795],[-159.40172,22.05696],[-159.40497,22.05582],[-159.4088,22.05652],[-159.4099,22.05551],[-159.4094,22.05447],[-159.40782,22.0485],[-159.40769,22.04345],[-159.41067,22.04447],[-159.42041,22.04875],[-159.42148,22.05239],[-159.42146,22.05576],[-159.42041,22.0582],[-159.42119,22.06343],[-159.42443,22.06251],[-159.42602,22.06449],[-159.42812,22.06491],[-159.43119,22.06336],[-159.43319,22.06439],[-159.43592,22.06433],[-159.43761,22.06383],[-159.43904,22.06492],[-159.43966,22.06514],[-159.44054,22.06635],[-159.44294,22.06665],[-159.44555,22.06591],[-159.44727,22.06357],[-159.45149,22.0625],[-159.4527,22.0615],[-159.45429,22.06234],[-159.45663,22.06255],[-159.45916,22.06045],[-159.46061,22.06],[-159.46224,22.06114],[-159.46439,22.06111],[-159.46715,22.0627],[-159.47002,22.06321],[-159.47205,22.06452],[-159.47477,22.06513],[-159.47643,22.0649],[-159.47902,22.06553],[-159.48177,22.06564],[-159.48285,22.06628],[-159.48532,22.06534],[-159.48692,22.06632],[-159.49009,22.06609],[-159.49134,22.06551],[-159.49228,22.06292],[-159.49233,22.06102],[-159.4932,22.0597],[-159.50113,22.07178]]]},"properties":{"dp":"16-02","county":"KAUAI","ballottype":"CD2-H16-S08-CC0","us_house":"CD2","state_hous":"H16","state_sena":"S08","county_cou":"CC0"}},{"type":"Feature","geometry":{"type":"Polygon","coordinates":[[[-159.36591,21.99194],[-159.36715,21.99116],[-159.36643,21.98933],[-159.36789,21.98824],[-159.36945,21.98873],[-159.36975,21.99007],[-159.37156,21.99119],[-159.37119,21.99249],[-159.37287,21.99281],[-159.37591,21.99153],[-159.37689,21.98999],[-159.37635,21.98839],[-159.37463,21.98697],[-159.37429,21.98607],[-159.37725,21.98407],[-159.37647,21.98209],[-159.379,21.98221],[-159.37869,21.97935],[-159.37731,21.97926],[-159.37654,21.97765],[-159.3745,21.97735],[-159.37278,21.97529],[-159.37239,21.97354],[-159.37284,21.97211],[-159.36925,21.97054],[-159.368,21.97076],[-159.36712,21.96835],[-159.3657,21.96719],[-159.36539,21.9656],[-159.36153,21.9617],[-159.35762,21.96404],[-159.35397,21.96218],[-159.35288,21.96081],[-159.35241,21.96009],[-159.35012,21.96038],[-159.34844,21.96005],[-159.34796,21.95627],[-159.34418,21.957],[-159.34203,21.9585],[-159.33823,21.95785],[-159.33542,21.95463],[-159.33487,21.95604],[-159.33193,21.9578],[-159.33093,21.95928],[-159.33023,21.96195],[-159.3302,21.96725],[-159.33095,21.96888],[-159.3305,21.97043],[-159.33338,21.97859],[-159.33313,21.98233],[-159.33384,21.98452],[-159.33365,21.98626],[-159.33283,21.98793],[-159.33324,21.98909],[-159.33118,21.98941],[-159.32994,21.99167],[-159.33207,21.99271],[-159.33329,21.9913],[-159.33699,21.99093],[-159.33867,21.99148],[-159.33989,21.99088],[-159.3436,21.99365],[-159.34486,21.99338],[-159.34659,21.99104],[-159.34911,21.98984],[-159.35413,21.98894],[-159.35623,21.98734],[-159.35759,21.9882],[-159.36012,21.98758],[-159.36186,21.98767],[-159.36229,21.98937],[-159.36472,21.98843],[-159.36454,21.99142],[-159.36591,21.99194]]]},"properties":{"dp":"16-03","county":"KAUAI","ballottype":"CD2-H16-S08-CC0","us_house":"CD2","state_hous":"H16","state_sena":"S08","county_cou":"CC0"}},{"type":"Feature","geometry":{"type":"Polygon","coordinates":[[[-159.45492,21.97632],[-159.4537,21.97614],[-159.44932,21.97286],[-159.44559,21.97161],[-159.44439,21.97025],[-159.44339,21.96633],[-159.44044,21.96509],[-159.43948,21.96329],[-159.43732,21.96397],[-159.43524,21.96583],[-159.43336,21.96576],[-159.43177,21.96435],[-159.43552,21.96346],[-159.43593,21.96253],[-159.43612,21.95943],[-159.43576,21.95783],[-159.43484,21.95668],[-159.43112,21.9562],[-159.43053,21.95741],[-159.42868,21.9558],[-159.42726,21.957],[-159.42535,21.95507],[-159.42625,21.95342],[-159.42471,21.95242],[-159.42461,21.951],[-159.42077,21.9501],[-159.42185,21.95243],[-159.42029,21.95246],[-159.41968,21.95079],[-159.41877,21.95037],[-159.41626,21.95065],[-159.41479,21.94867],[-159.41323,21.94914],[-159.41257,21.95066],[-159.4107,21.95058],[-159.40911,21.94929],[-159.40787,21.94952],[-159.40668,21.95182],[-159.40534,21.95202],[-159.40433,21.95131],[-159.40229,21.94839],[-159.40111,21.94502],[-159.39811,21.94321],[-159.39479,21.94329],[-159.39169,21.94394],[-159.38822,21.9441],[-159.38482,21.94528],[-159.38037,21.94568],[-159.37486,21.94589],[-159.37361,21.94771],[-159.37455,21.94908],[-159.37158,21.95001],[-159.37012,21.94934],[-159.36922,21.94755],[-159.36704,21.94661],[-159.36406,21.94652],[-159.36251,21.94759],[-159.36187,21.94893],[-159.36225,21.95028],[-159.35826,21.94993],[-159.35807,21.9508],[-159.35863,21.95388],[-159.35364,21.95505],[-159.35251,21.953],[-159.35218,21.95966],[-159.35288,21.96081],[-159.35397,21.96218],[-159.35762,21.96404],[-159.36153,21.9617],[-159.36539,21.9656],[-159.3657,21.96719],[-159.36712,21.96835],[-159.368,21.97076],[-159.36925,21.97054],[-159.37284,21.97211],[-159.37239,21.97354],[-159.37278,21.97529],[-159.3745,21.97735],[-159.37654,21.97765],[-159.37731,21.97926],[-159.37869,21.97935],[-159.379,21.98221],[-159.37647,21.98209],[-159.37725,21.98407],[-159.37429,21.98607],[-159.37463,21.98697],[-159.37635,21.98839],[-159.37689,21.98999],[-159.37591,21.99153],[-159.37287,21.99281],[-159.37119,21.99249],[-159.37156,21.99119],[-159.36975,21.99007],[-159.36945,21.98873],[-159.36789,21.98824],[-159.36643,21.98933],[-159.36715,21.99116],[-159.36591,21.99194],[-159.36605,21.99338],[-159.36871,21.99584],[-159.37092,21.99651],[-159.37218,21.99843],[-159.37422,21.99944],[-159.37549,22.00243],[-159.37635,22.00629],[-159.37827,22.00861],[-159.38156,22.01117],[-159.38274,22.0138],[-159.38287,22.01631],[-159.38399,22.0169],[-159.38589,22.01937],[-159.38662,22.02237],[-159.39141,22.0239],[-159.39179,22.02258],[-159.39836,22.02462],[-159.40366,22.02309],[-159.40795,22.02287],[-159.41065,22.02494],[-159.41363,22.02634],[-159.41514,22.02562],[-159.41641,22.02796],[-159.41871,22.02838],[-159.41788,22.02997],[-159.41831,22.03103],[-159.41994,22.03048],[-159.42269,22.03214],[-159.42545,22.03251],[-159.42597,22.03359],[-159.42941,22.0328],[-159.4308,22.03096],[-159.43244,22.0305],[-159.4329,22.0284],[-159.43398,22.02804],[-159.43622,22.02832],[-159.43659,22.02734],[-159.4362,22.02555],[-159.43902,22.02439],[-159.43961,22.0232],[-159.43867,22.02199],[-159.43848,22.01944],[-159.44076,22.02147],[-159.4418,22.01971],[-159.44332,22.01945],[-159.44419,22.01784],[-159.43949,22.01648],[-159.44067,22.01491],[-159.44002,22.01097],[-159.44019,22.0094],[-159.44171,22.00941],[-159.44191,22.0108],[-159.4438,22.01218],[-159.44577,22.01232],[-159.44697,22.01126],[-159.44711,22.00958],[-159.44915,22.00908],[-159.4495,22.01111],[-159.4507,22.01003],[-159.45018,22.00842],[-159.45043,22.00725],[-159.44968,22.00601],[-159.4481,22.00494],[-159.44648,22.0046],[-159.44509,22.00339],[-159.44582,22.0019],[-159.44783,22.00165],[-159.4481,22.00033],[-159.44683,21.99758],[-159.44535,21.99721],[-159.44404,21.99769],[-159.44221,21.99949],[-159.44097,21.99984],[-159.43947,21.99771],[-159.43952,21.99647],[-159.44161,21.99391],[-159.44331,21.99073],[-159.4475,21.9879],[-159.4487,21.98767],[-159.45026,21.98467],[-159.45462,21.97745],[-159.45492,21.97632]]]},"properties":{"dp":"16-04","county":"KAUAI","ballottype":"CD2-H16-S08-CC0","us_house":"CD2","state_hous":"H16","state_sena":"S08","county_cou":"CC0"}},{"type":"Feature","geometry":{"type":"Polygon","coordinates":[[[-159.46815,21.96057],[-159.47019,21.9588],[-159.47124,21.95466],[-159.47267,21.95349],[-159.47606,21.94933],[-159.47629,21.9486],[-159.47855,21.9475],[-159.48143,21.94698],[-159.4848,21.94284],[-159.4892,21.93776],[-159.48756,21.93413],[-159.49026,21.93384],[-159.49091,21.93237],[-159.49316,21.92995],[-159.49299,21.92878],[-159.49359,21.92648],[-159.49314,21.92425],[-159.49251,21.92468],[-159.49083,21.92373],[-159.48845,21.92388],[-159.48543,21.92224],[-159.48498,21.92443],[-159.48541,21.92641],[-159.48193,21.92754],[-159.48121,21.92979],[-159.48299,21.93555],[-159.4805,21.93987],[-159.47702,21.92788],[-159.47182,21.93309],[-159.47063,21.93236],[-159.47022,21.9343],[-159.46866,21.93581],[-159.46751,21.93459],[-159.46376,21.93273],[-159.46149,21.92658],[-159.4607,21.92185],[-159.45827,21.91973],[-159.4557,21.9204],[-159.45413,21.92261],[-159.45121,21.92496],[-159.44864,21.92867],[-159.44685,21.93275],[-159.44584,21.93608],[-159.44426,21.93635],[-159.44172,21.93598],[-159.44078,21.93504],[-159.43922,21.93483],[-159.43803,21.93395],[-159.43423,21.93368],[-159.43134,21.93293],[-159.42955,21.93282],[-159.42775,21.93105],[-159.42555,21.93023],[-159.42054,21.93068],[-159.41877,21.92998],[-159.41477,21.93024],[-159.41126,21.93003],[-159.40459,21.92798],[-159.4019,21.92573],[-159.40182,21.92296],[-159.39994,21.92056],[-159.39987,21.91898],[-159.4009,21.91366],[-159.40063,21.90949],[-159.39889,21.90727],[-159.39729,21.9072],[-159.39202,21.90501],[-159.39136,21.90437],[-159.38765,21.90298],[-159.38732,21.90417],[-159.39005,21.90663],[-159.38994,21.90939],[-159.38858,21.91245],[-159.38636,21.91323],[-159.38526,21.91244],[-159.38419,21.91364],[-159.38503,21.91505],[-159.38266,21.9163],[-159.38204,21.91785],[-159.38353,21.91849],[-159.38318,21.91949],[-159.38068,21.92023],[-159.37987,21.92118],[-159.37572,21.92303],[-159.37383,21.92351],[-159.37221,21.92319],[-159.37113,21.92501],[-159.36786,21.92569],[-159.36793,21.92646],[-159.3665,21.92915],[-159.36524,21.93007],[-159.36106,21.93175],[-159.35776,21.93121],[-159.35596,21.93129],[-159.35437,21.93287],[-159.35518,21.93425],[-159.35468,21.93568],[-159.35335,21.93643],[-159.34931,21.93649],[-159.34789,21.93627],[-159.34626,21.93759],[-159.34734,21.93925],[-159.34981,21.94038],[-159.35051,21.94192],[-159.34958,21.94363],[-159.348,21.94406],[-159.34873,21.94516],[-159.34775,21.94672],[-159.34814,21.94784],[-159.35018,21.94843],[-159.35854,21.94735],[-159.36019,21.94769],[-159.36228,21.94629],[-159.3645,21.94554],[-159.36806,21.94606],[-159.37067,21.94696],[-159.37344,21.94674],[-159.37594,21.94513],[-159.38047,21.94538],[-159.38497,21.94499],[-159.38754,21.94401],[-159.39479,21.94329],[-159.39811,21.94321],[-159.40111,21.94502],[-159.40229,21.94839],[-159.40433,21.95131],[-159.40534,21.95202],[-159.40668,21.95182],[-159.40787,21.94952],[-159.40911,21.94929],[-159.4107,21.95058],[-159.41257,21.95066],[-159.41323,21.94914],[-159.41479,21.94867],[-159.41626,21.95065],[-159.41877,21.95037],[-159.41968,21.95079],[-159.42029,21.95246],[-159.42185,21.95243],[-159.42077,21.9501],[-159.42461,21.951],[-159.42471,21.95242],[-159.42625,21.95342],[-159.42535,21.95507],[-159.42726,21.957],[-159.42868,21.9558],[-159.43053,21.95741],[-159.43112,21.9562],[-159.43484,21.95668],[-159.43576,21.95783],[-159.43612,21.95943],[-159.43593,21.96253],[-159.43552,21.96346],[-159.43177,21.96435],[-159.43336,21.96576],[-159.43524,21.96583],[-159.43732,21.96397],[-159.43948,21.96329],[-159.44044,21.96509],[-159.44339,21.96633],[-159.44439,21.97025],[-159.44559,21.97161],[-159.44932,21.97286],[-159.4537,21.97614],[-159.45492,21.97632],[-159.45659,21.97659],[-159.45842,21.97622],[-159.45991,21.97458],[-159.46212,21.9699],[-159.46228,21.96896],[-159.46112,21.96763],[-159.46662,21.96374],[-159.46815,21.96057]]]},"properties":{"dp":"16-05","county":"KAUAI","ballottype":"CD2-H16-S08-CC0","us_house":"CD2","state_hous":"H16","state_sena":"S08","county_cou":"CC0"}},{"type":"Feature","geometry":{"type":"Polygon","coordinates":[[[-159.49314,21.92425],[-159.49517,21.92363],[-159.49933,21.92302],[-159.50318,21.9233],[-159.50456,21.92379],[-159.50609,21.92558],[-159.50818,21.92649],[-159.50741,21.92234],[-159.50746,21.92084],[-159.50624,21.91962],[-159.50467,21.91962],[-159.50529,21.91733],[-159.50512,21.91539],[-159.50657,21.91497],[-159.50762,21.91551],[-159.50797,21.91182],[-159.50872,21.90991],[-159.51,21.90904],[-159.50939,21.90781],[-159.50689,21.90499],[-159.50715,21.90306],[-159.5052,21.89963],[-159.50291,21.89912],[-159.50416,21.89701],[-159.50426,21.89578],[-159.5035,21.89369],[-159.50225,21.8928],[-159.50334,21.88939],[-159.50276,21.88541],[-159.50139,21.88464],[-159.49946,21.88433],[-159.49719,21.88532],[-159.49679,21.88484],[-159.49282,21.88444],[-159.49184,21.88565],[-159.488,21.88582],[-159.48717,21.88488],[-159.48789,21.88397],[-159.48638,21.88322],[-159.48481,21.88354],[-159.48203,21.88183],[-159.4792,21.88218],[-159.47617,21.88155],[-159.47545,21.88057],[-159.4733,21.88091],[-159.47141,21.87958],[-159.47101,21.87822],[-159.46763,21.87803],[-159.46573,21.87679],[-159.46325,21.87626],[-159.4618,21.8754],[-159.45974,21.87565],[-159.45629,21.87392],[-159.45521,21.87295],[-159.45264,21.87243],[-159.45125,21.87297],[-159.44872,21.87036],[-159.44442,21.86826],[-159.44243,21.86919],[-159.44116,21.87054],[-159.44129,21.87164],[-159.44048,21.87327],[-159.43828,21.87435],[-159.43656,21.87457],[-159.43505,21.87379],[-159.43215,21.87565],[-159.42939,21.8793],[-159.42934,21.88021],[-159.42702,21.88126],[-159.42447,21.88151],[-159.42141,21.88143],[-159.41889,21.88221],[-159.41796,21.88525],[-159.41835,21.88684],[-159.4173,21.88802],[-159.41362,21.88922],[-159.41186,21.88914],[-159.41007,21.8901],[-159.40615,21.89312],[-159.40508,21.8957],[-159.40347,21.89728],[-159.40336,21.89921],[-159.40227,21.89931],[-159.40044,21.90094],[-159.39771,21.90227],[-159.39706,21.90305],[-159.39441,21.90268],[-159.39133,21.90146],[-159.38999,21.90246],[-159.38765,21.90298],[-159.39136,21.90437],[-159.39202,21.90501],[-159.39729,21.9072],[-159.39889,21.90727],[-159.40063,21.90949],[-159.4009,21.91366],[-159.39987,21.91898],[-159.39994,21.92056],[-159.40182,21.92296],[-159.4019,21.92573],[-159.40459,21.92798],[-159.41126,21.93003],[-159.41477,21.93024],[-159.41877,21.92998],[-159.42054,21.93068],[-159.42555,21.93023],[-159.42775,21.93105],[-159.42955,21.93282],[-159.43134,21.93293],[-159.43423,21.93368],[-159.43803,21.93395],[-159.43922,21.93483],[-159.44078,21.93504],[-159.44172,21.93598],[-159.44426,21.93635],[-159.44584,21.93608],[-159.44685,21.93275],[-159.44864,21.92867],[-159.45121,21.92496],[-159.45413,21.92261],[-159.4557,21.9204],[-159.45827,21.91973],[-159.4607,21.92185],[-159.46149,21.92658],[-159.46376,21.93273],[-159.46751,21.93459],[-159.46866,21.93581],[-159.47022,21.9343],[-159.47063,21.93236],[-159.47182,21.93309],[-159.47702,21.92788],[-159.4805,21.93987],[-159.48299,21.93555],[-159.48121,21.92979],[-159.48193,21.92754],[-159.48541,21.92641],[-159.48498,21.92443],[-159.48543,21.92224],[-159.48845,21.92388],[-159.49083,21.92373],[-159.49251,21.92468],[-159.49314,21.92425]]]},"properties":{"dp":"17-01","county":"KAUAI","ballottype":"CD2-H17-S08-CC0","us_house":"CD2","state_hous":"H17","state_sena":"S08","county_cou":"CC0"}},{"type":"Feature","geometry":{"type":"Polygon","coordinates":[[[-159.50431,22.05005],[-159.50381,22.04698],[-159.5029,22.04539],[-159.50263,22.04371],[-159.50454,22.04281],[-159.50608,22.04125],[-159.50751,22.04106],[-159.5085,22.03919],[-159.51126,22.03757],[-159.51057,22.03604],[-159.51201,22.03551],[-159.5112,22.03352],[-159.51178,22.03083],[-159.51286,22.03035],[-159.51516,22.02649],[-159.51627,22.02576],[-159.51766,22.02325],[-159.51947,22.02162],[-159.52014,22.02011],[-159.52285,22.01929],[-159.52379,22.01972],[-159.52548,22.01827],[-159.52568,22.01686],[-159.52858,22.01471],[-159.52913,22.01346],[-159.52718,22.01257],[-159.52916,22.01045],[-159.52733,22.00903],[-159.52903,22.0074],[-159.52833,22.00524],[-159.5294,22.00216],[-159.53101,21.9992],[-159.53028,21.99765],[-159.53084,21.9956],[-159.52913,21.99528],[-159.52783,21.99264],[-159.5288,21.99156],[-159.52773,21.98707],[-159.52916,21.98651],[-159.53015,21.98387],[-159.52961,21.98243],[-159.53036,21.98102],[-159.53323,21.98053],[-159.53428,21.97989],[-159.53724,21.97916],[-159.53988,21.97816],[-159.53982,21.9759],[-159.54237,21.97149],[-159.54422,21.97088],[-159.54329,21.96908],[-159.5448,21.96729],[-159.54387,21.96514],[-159.54551,21.96248],[-159.54516,21.96102],[-159.5464,21.95947],[-159.54644,21.95796],[-159.54943,21.95561],[-159.5514,21.95471],[-159.55196,21.95351],[-159.55118,21.95278],[-159.55027,21.95051],[-159.55375,21.94787],[-159.55446,21.94548],[-159.55523,21.94432],[-159.55582,21.9418],[-159.55698,21.93903],[-159.55723,21.93606],[-159.55876,21.9338],[-159.55955,21.92926],[-159.5589,21.92571],[-159.55934,21.92467],[-159.56209,21.92307],[-159.5666,21.92182],[-159.56791,21.92174],[-159.56926,21.92029],[-159.56829,21.91966],[-159.56861,21.91833],[-159.56536,21.9182],[-159.56389,21.91725],[-159.56134,21.91689],[-159.56063,21.91595],[-159.5577,21.91576],[-159.55659,21.91489],[-159.55597,21.91202],[-159.55323,21.91061],[-159.55166,21.90938],[-159.55117,21.90813],[-159.54848,21.90716],[-159.54728,21.90582],[-159.54534,21.90466],[-159.54505,21.90351],[-159.54386,21.90268],[-159.54166,21.90325],[-159.53872,21.90284],[-159.53829,21.90137],[-159.5368,21.90204],[-159.5366,21.89962],[-159.53788,21.89883],[-159.53818,21.89679],[-159.53706,21.89541],[-159.53711,21.89407],[-159.5384,21.89263],[-159.53869,21.8911],[-159.53779,21.88751],[-159.53693,21.88642],[-159.53516,21.88701],[-159.53161,21.88684],[-159.53094,21.88567],[-159.52953,21.88576],[-159.52894,21.88401],[-159.52605,21.88335],[-159.52549,21.88483],[-159.51891,21.88719],[-159.51787,21.88674],[-159.51487,21.88792],[-159.5122,21.88809],[-159.50918,21.88648],[-159.50828,21.88693],[-159.50504,21.8867],[-159.50276,21.88541],[-159.50334,21.88939],[-159.50225,21.8928],[-159.5035,21.89369],[-159.50426,21.89578],[-159.50416,21.89701],[-159.50291,21.89912],[-159.5052,21.89963],[-159.50715,21.90306],[-159.50689,21.90499],[-159.50939,21.90781],[-159.51,21.90904],[-159.50872,21.90991],[-159.50797,21.91182],[-159.50762,21.91551],[-159.50657,21.91497],[-159.50512,21.91539],[-159.50529,21.91733],[-159.50467,21.91962],[-159.50624,21.91962],[-159.50746,21.92084],[-159.50741,21.92234],[-159.50818,21.92649],[-159.50609,21.92558],[-159.50456,21.92379],[-159.50318,21.9233],[-159.49933,21.92302],[-159.49517,21.92363],[-159.49314,21.92425],[-159.49359,21.92648],[-159.49299,21.92878],[-159.49316,21.92995],[-159.49091,21.93237],[-159.49026,21.93384],[-159.48756,21.93413],[-159.4892,21.93776],[-159.4848,21.94284],[-159.48143,21.94698],[-159.47855,21.9475],[-159.47629,21.9486],[-159.47606,21.94933],[-159.47267,21.95349],[-159.47124,21.95466],[-159.47019,21.9588],[-159.46815,21.96057],[-159.46944,21.96418],[-159.47207,21.96674],[-159.47413,21.97033],[-159.47377,21.97214],[-159.47483,21.97478],[-159.47436,21.97611],[-159.47619,21.97876],[-159.4771,21.97872],[-159.4805,21.97986],[-159.48107,21.981],[-159.48288,21.98135],[-159.48403,21.98296],[-159.48563,21.98368],[-159.48734,21.98332],[-159.48931,21.98186],[-159.4907,21.98144],[-159.49698,21.98347],[-159.49794,21.9864],[-159.49733,21.9899],[-159.49879,21.99525],[-159.50058,21.99557],[-159.50288,21.99736],[-159.50329,21.99953],[-159.50312,22.00239],[-159.50339,22.00389],[-159.50473,22.00657],[-159.50477,22.00827],[-159.50408,22.01171],[-159.50508,22.01365],[-159.5049,22.01463],[-159.50696,22.0183],[-159.5084,22.01967],[-159.50845,22.0214],[-159.50695,22.0227],[-159.50674,22.02385],[-159.50538,22.0257],[-159.50387,22.02988],[-159.50297,22.03097],[-159.50255,22.03307],[-159.50479,22.03758],[-159.50496,22.03893],[-159.50376,22.04029],[-159.50349,22.0423],[-159.50233,22.04383],[-159.50264,22.04591],[-159.5025,22.04874],[-159.50431,22.05005]]]},"properties":{"dp":"17-02","county":"KAUAI","ballottype":"CD2-H17-S08-CC0","us_house":"CD2","state_hous":"H17","state_sena":"S08","county_cou":"CC0"}},{"type":"Feature","geometry":{"type":"Polygon","coordinates":[[[-159.56926,21.92029],[-159.57054,21.91955],[-159.57264,21.91922],[-159.57513,21.91983],[-159.57853,21.91929],[-159.57939,21.91871],[-159.58359,21.91854],[-159.58437,21.92192],[-159.58356,21.92391],[-159.58529,21.92458],[-159.58607,21.92579],[-159.58541,21.92735],[-159.58672,21.9304],[-159.58646,21.93426],[-159.58572,21.93549],[-159.58585,21.93722],[-159.58773,21.93946],[-159.58846,21.94152],[-159.58695,21.94383],[-159.58584,21.94396],[-159.58468,21.94576],[-159.58311,21.94642],[-159.58228,21.94742],[-159.57867,21.95019],[-159.57604,21.95153],[-159.57476,21.95334],[-159.57552,21.95549],[-159.577,21.95386],[-159.57946,21.95417],[-159.58099,21.95375],[-159.58216,21.95442],[-159.58314,21.95276],[-159.58577,21.95242],[-159.58543,21.95516],[-159.58416,21.95601],[-159.57885,21.96375],[-159.57921,21.96475],[-159.58093,21.96448],[-159.58103,21.96551],[-159.58443,21.96445],[-159.58822,21.96493],[-159.58871,21.96581],[-159.58675,21.96778],[-159.58675,21.96887],[-159.58575,21.97071],[-159.58561,21.97198],[-159.5873,21.97187],[-159.58901,21.97036],[-159.5929,21.96985],[-159.59425,21.97046],[-159.59521,21.96977],[-159.59626,21.97049],[-159.59742,21.97309],[-159.602,21.97102],[-159.6072,21.96917],[-159.61303,21.96482],[-159.6146,21.96246],[-159.61614,21.95933],[-159.61666,21.95748],[-159.61707,21.95326],[-159.61758,21.9515],[-159.62081,21.94982],[-159.62293,21.94836],[-159.62591,21.94752],[-159.62204,21.94649],[-159.63046,21.93938],[-159.63323,21.93824],[-159.63417,21.93674],[-159.63296,21.93438],[-159.63468,21.93419],[-159.63623,21.93494],[-159.63932,21.9343],[-159.64102,21.93143],[-159.64432,21.92974],[-159.6452,21.9296],[-159.64495,21.92804],[-159.64315,21.92622],[-159.64248,21.92488],[-159.64041,21.92426],[-159.6402,21.9232],[-159.63811,21.92198],[-159.63785,21.91895],[-159.63605,21.91681],[-159.63549,21.91485],[-159.63357,21.91305],[-159.63161,21.91312],[-159.63157,21.91156],[-159.62844,21.91083],[-159.62827,21.90873],[-159.62609,21.90902],[-159.62632,21.9077],[-159.62392,21.90763],[-159.62208,21.90713],[-159.62087,21.90558],[-159.61695,21.90208],[-159.6093,21.90044],[-159.6074,21.89883],[-159.60819,21.89469],[-159.6052,21.89317],[-159.60473,21.89225],[-159.60259,21.89228],[-159.5999,21.89296],[-159.5971,21.89615],[-159.59921,21.89877],[-159.59763,21.89975],[-159.59744,21.90242],[-159.59536,21.90347],[-159.59113,21.90395],[-159.58861,21.90152],[-159.58819,21.89987],[-159.58552,21.89822],[-159.58396,21.89798],[-159.58392,21.89657],[-159.58298,21.89617],[-159.57989,21.89632],[-159.57858,21.89535],[-159.57696,21.89601],[-159.57528,21.89753],[-159.57427,21.89599],[-159.57571,21.89503],[-159.57586,21.89361],[-159.57495,21.89263],[-159.56977,21.8942],[-159.56623,21.89211],[-159.56199,21.89082],[-159.5591,21.88937],[-159.55468,21.8891],[-159.55289,21.88833],[-159.55179,21.8873],[-159.54939,21.88759],[-159.54796,21.88832],[-159.54639,21.88798],[-159.54556,21.88863],[-159.54327,21.88762],[-159.54066,21.88721],[-159.53779,21.88751],[-159.53869,21.8911],[-159.5384,21.89263],[-159.53711,21.89407],[-159.53706,21.89541],[-159.53818,21.89679],[-159.53788,21.89883],[-159.5366,21.89962],[-159.5368,21.90204],[-159.53829,21.90137],[-159.53872,21.90284],[-159.54166,21.90325],[-159.54386,21.90268],[-159.54505,21.90351],[-159.54534,21.90466],[-159.54728,21.90582],[-159.54848,21.90716],[-159.55117,21.90813],[-159.55166,21.90938],[-159.55323,21.91061],[-159.55597,21.91202],[-159.55659,21.91489],[-159.5577,21.91576],[-159.56063,21.91595],[-159.56134,21.91689],[-159.56389,21.91725],[-159.56536,21.9182],[-159.56861,21.91833],[-159.56829,21.91966],[-159.56926,21.92029]]]},"properties":{"dp":"17-03","county":"KAUAI","ballottype":"CD2-H17-S08-CC0","us_house":"CD2","state_hous":"H17","state_sena":"S08","county_cou":"CC0"}},{"type":"Feature","geometry":{"type":"Polygon","coordinates":[[[-159.64662,22.14186],[-159.65044,22.14049],[-159.65183,22.13942],[-159.65191,22.1385],[-159.6535,22.13744],[-159.65449,22.13611],[-159.65555,22.13579],[-159.65587,22.13396],[-159.65505,22.13294],[-159.65268,22.13294],[-159.65201,22.13185],[-159.65461,22.13068],[-159.65683,22.12915],[-159.6593,22.12925],[-159.66117,22.12828],[-159.66384,22.12548],[-159.66435,22.12277],[-159.66603,22.11972],[-159.66726,22.1191],[-159.6686,22.11728],[-159.66905,22.11589],[-159.67071,22.11384],[-159.67125,22.11223],[-159.67024,22.11022],[-159.67123,22.10833],[-159.67302,22.10629],[-159.67446,22.10578],[-159.67615,22.10344],[-159.67735,22.10265],[-159.67732,22.10162],[-159.67614,22.0959],[-159.67351,22.09392],[-159.67342,22.09144],[-159.67037,22.08737],[-159.66888,22.08286],[-159.6677,22.08137],[-159.66775,22.08008],[-159.66585,22.07734],[-159.66557,22.0759],[-159.66411,22.07437],[-159.66595,22.07285],[-159.66572,22.07182],[-159.66443,22.07148],[-159.66383,22.07011],[-159.66245,22.06876],[-159.6621,22.06681],[-159.66231,22.06474],[-159.66454,22.06255],[-159.66338,22.06106],[-159.66393,22.05855],[-159.66258,22.05453],[-159.66,22.05155],[-159.65879,22.04947],[-159.65862,22.04934],[-159.65951,22.04854],[-159.66141,22.0488],[-159.66221,22.04766],[-159.66142,22.04622],[-159.66333,22.04513],[-159.66256,22.04251],[-159.6629,22.04111],[-159.66449,22.03912],[-159.66659,22.03854],[-159.66515,22.0369],[-159.66677,22.03605],[-159.66795,22.03457],[-159.67179,22.03145],[-159.67202,22.02903],[-159.67301,22.02694],[-159.67282,22.02412],[-159.67522,22.02235],[-159.67404,22.02018],[-159.67412,22.01868],[-159.67643,22.01404],[-159.67734,22.01336],[-159.67747,22.012],[-159.67587,22.01035],[-159.67817,22.00516],[-159.67746,22.00251],[-159.6776,22.00076],[-159.67654,21.99595],[-159.67526,21.99335],[-159.67241,21.99085],[-159.67247,21.98749],[-159.67156,21.98473],[-159.6705,21.9838],[-159.66909,21.98133],[-159.66749,21.97982],[-159.66412,21.97773],[-159.66377,21.97466],[-159.66419,21.97167],[-159.6638,21.96829],[-159.66421,21.96313],[-159.6674,21.96501],[-159.66811,21.96385],[-159.66781,21.96268],[-159.66928,21.96201],[-159.67011,21.96389],[-159.67396,21.96633],[-159.67653,21.96736],[-159.67773,21.96578],[-159.67997,21.96093],[-159.69175,21.96132],[-159.69227,21.95939],[-159.69095,21.95865],[-159.6877,21.95801],[-159.68188,21.95757],[-159.67766,21.95665],[-159.67134,21.95473],[-159.66685,21.95248],[-159.66576,21.95134],[-159.6655,21.94905],[-159.66238,21.94665],[-159.66141,21.94536],[-159.66117,21.94318],[-159.66024,21.9425],[-159.65791,21.94232],[-159.65619,21.94159],[-159.65278,21.94141],[-159.65098,21.94035],[-159.64935,21.93871],[-159.65011,21.93472],[-159.64883,21.93165],[-159.64649,21.93115],[-159.6452,21.9296],[-159.64432,21.92974],[-159.64102,21.93143],[-159.63932,21.9343],[-159.63623,21.93494],[-159.63468,21.93419],[-159.63296,21.93438],[-159.63417,21.93674],[-159.63323,21.93824],[-159.63046,21.93938],[-159.62204,21.94649],[-159.62591,21.94752],[-159.62293,21.94836],[-159.62081,21.94982],[-159.61758,21.9515],[-159.61707,21.95326],[-159.61666,21.95748],[-159.61614,21.95933],[-159.6146,21.96246],[-159.61303,21.96482],[-159.6072,21.96917],[-159.602,21.97102],[-159.59742,21.97309],[-159.59626,21.97049],[-159.59521,21.96977],[-159.59425,21.97046],[-159.5929,21.96985],[-159.58901,21.97036],[-159.5873,21.97187],[-159.58561,21.97198],[-159.58575,21.97071],[-159.58675,21.96887],[-159.58675,21.96778],[-159.58871,21.96581],[-159.58822,21.96493],[-159.58443,21.96445],[-159.58103,21.96551],[-159.58093,21.96448],[-159.57921,21.96475],[-159.57885,21.96375],[-159.58416,21.95601],[-159.58543,21.95516],[-159.58577,21.95242],[-159.58314,21.95276],[-159.58216,21.95442],[-159.58099,21.95375],[-159.57946,21.95417],[-159.577,21.95386],[-159.57552,21.95549],[-159.57476,21.95334],[-159.57604,21.95153],[-159.57867,21.95019],[-159.58228,21.94742],[-159.58311,21.94642],[-159.58468,21.94576],[-159.58584,21.94396],[-159.58695,21.94383],[-159.58846,21.94152],[-159.58773,21.93946],[-159.58585,21.93722],[-159.58572,21.93549],[-159.58646,21.93426],[-159.58672,21.9304],[-159.58541,21.92735],[-159.58607,21.92579],[-159.58529,21.92458],[-159.58356,21.92391],[-159.58437,21.92192],[-159.58359,21.91854],[-159.57939,21.91871],[-159.57853,21.91929],[-159.57513,21.91983],[-159.57264,21.91922],[-159.57054,21.91955],[-159.56926,21.92029],[-159.56791,21.92174],[-159.5666,21.92182],[-159.56209,21.92307],[-159.55934,21.92467],[-159.5589,21.92571],[-159.55955,21.92926],[-159.55876,21.9338],[-159.55723,21.93606],[-159.55698,21.93903],[-159.55582,21.9418],[-159.55523,21.94432],[-159.55446,21.94548],[-159.55375,21.94787],[-159.55027,21.95051],[-159.55118,21.95278],[-159.55196,21.95351],[-159.5514,21.95471],[-159.54943,21.95561],[-159.54644,21.95796],[-159.5464,21.95947],[-159.54516,21.96102],[-159.54551,21.96248],[-159.54387,21.96514],[-159.5448,21.96729],[-159.54329,21.96908],[-159.54422,21.97088],[-159.54237,21.97149],[-159.53982,21.9759],[-159.53988,21.97816],[-159.53724,21.97916],[-159.53428,21.97989],[-159.53323,21.98053],[-159.53036,21.98102],[-159.52961,21.98243],[-159.53015,21.98387],[-159.52916,21.98651],[-159.52773,21.98707],[-159.5288,21.99156],[-159.52783,21.99264],[-159.52913,21.99528],[-159.53084,21.9956],[-159.53028,21.99765],[-159.53101,21.9992],[-159.5294,22.00216],[-159.52833,22.00524],[-159.52903,22.0074],[-159.52733,22.00903],[-159.52916,22.01045],[-159.52718,22.01257],[-159.52913,22.01346],[-159.52858,22.01471],[-159.52568,22.01686],[-159.52548,22.01827],[-159.52379,22.01972],[-159.52285,22.01929],[-159.52014,22.02011],[-159.51947,22.02162],[-159.51766,22.02325],[-159.51627,22.02576],[-159.51516,22.02649],[-159.51286,22.03035],[-159.51178,22.03083],[-159.5112,22.03352],[-159.51201,22.03551],[-159.51057,22.03604],[-159.51126,22.03757],[-159.5085,22.03919],[-159.50751,22.04106],[-159.50608,22.04125],[-159.50454,22.04281],[-159.50263,22.04371],[-159.5029,22.04539],[-159.50381,22.04698],[-159.50431,22.05005],[-159.50527,22.05232],[-159.50526,22.05509],[-159.50283,22.05497],[-159.50098,22.05572],[-159.49998,22.05681],[-159.49934,22.06208],[-159.5006,22.0631],[-159.50128,22.06788],[-159.50176,22.06926],[-159.50113,22.07178],[-159.50222,22.07256],[-159.50474,22.07327],[-159.50614,22.07318],[-159.50924,22.07439],[-159.51106,22.07415],[-159.51447,22.0765],[-159.51469,22.07767],[-159.51869,22.07952],[-159.52193,22.07708],[-159.5233,22.07757],[-159.52441,22.07913],[-159.5266,22.08062],[-159.52913,22.08163],[-159.53396,22.08204],[-159.53527,22.08264],[-159.53642,22.08412],[-159.53991,22.08617],[-159.53918,22.08766],[-159.53657,22.08772],[-159.53719,22.08975],[-159.53864,22.09079],[-159.53856,22.09193],[-159.53962,22.09286],[-159.54006,22.0946],[-159.54223,22.09611],[-159.54437,22.09936],[-159.54601,22.10258],[-159.54611,22.10518],[-159.54742,22.10733],[-159.55066,22.10846],[-159.551,22.1096],[-159.55358,22.11235],[-159.55468,22.1149],[-159.55836,22.11629],[-159.55817,22.11834],[-159.56072,22.1196],[-159.5614,22.12038],[-159.56425,22.12149],[-159.56461,22.12274],[-159.56663,22.124],[-159.5668,22.12634],[-159.57076,22.12871],[-159.57093,22.13025],[-159.57272,22.13191],[-159.57428,22.13149],[-159.57637,22.13316],[-159.57762,22.13339],[-159.58009,22.13584],[-159.58133,22.13914],[-159.58043,22.14141],[-159.58332,22.14437],[-159.58336,22.1455],[-159.58462,22.14725],[-159.58782,22.1477],[-159.58905,22.14741],[-159.59027,22.14896],[-159.59089,22.14931],[-159.59328,22.15227],[-159.59594,22.15726],[-159.59682,22.15792],[-159.59708,22.16055],[-159.59855,22.16083],[-159.6011,22.16257],[-159.60338,22.16219],[-159.60404,22.1605],[-159.60683,22.15891],[-159.60897,22.15902],[-159.61151,22.15762],[-159.6128,22.15795],[-159.61424,22.15725],[-159.61645,22.15772],[-159.61859,22.15569],[-159.6219,22.15435],[-159.62552,22.15182],[-159.62702,22.15111],[-159.62961,22.15096],[-159.63093,22.15128],[-159.63087,22.14699],[-159.63352,22.14604],[-159.6343,22.14615],[-159.6368,22.14501],[-159.63826,22.14342],[-159.64006,22.14367],[-159.64121,22.14279],[-159.64662,22.14186]]]},"properties":{"dp":"17-04","county":"KAUAI","ballottype":"CD2-H17-S08-CC0","us_house":"CD2","state_hous":"H17","state_sena":"S08","county_cou":"CC0"}},{"type":"Feature","geometry":{"type":"Polygon","coordinates":[[[-159.69124,22.16303],[-159.69551,22.16279],[-159.69872,22.16079],[-159.70103,22.15902],[-159.70365,22.15759],[-159.70502,22.15783],[-159.70549,22.15915],[-159.70763,22.15844],[-159.70774,22.15667],[-159.70986,22.15544],[-159.71344,22.15454],[-159.71507,22.15331],[-159.7189,22.15112],[-159.72177,22.15055],[-159.72286,22.14981],[-159.72664,22.14359],[-159.72862,22.1413],[-159.73082,22.13942],[-159.73244,22.13482],[-159.73289,22.13201],[-159.733,22.12724],[-159.73447,22.12393],[-159.73744,22.11972],[-159.73811,22.11756],[-159.73843,22.11323],[-159.73895,22.11168],[-159.74062,22.11],[-159.7411,22.10834],[-159.74092,22.10685],[-159.74154,22.10536],[-159.74364,22.10368],[-159.7447,22.09877],[-159.746,22.09658],[-159.74743,22.09572],[-159.75095,22.09282],[-159.75364,22.0896],[-159.7547,22.08916],[-159.75778,22.08659],[-159.75891,22.085],[-159.76072,22.08406],[-159.76481,22.08082],[-159.76703,22.07868],[-159.7694,22.07554],[-159.77273,22.0726],[-159.77594,22.07023],[-159.77942,22.06908],[-159.78113,22.06726],[-159.7836,22.06521],[-159.78423,22.06287],[-159.78297,22.05865],[-159.78477,22.05072],[-159.78381,22.04836],[-159.7858,22.04193],[-159.78648,22.03591],[-159.78706,22.03433],[-159.78794,22.03011],[-159.78809,22.02789],[-159.78759,22.02551],[-159.78734,22.0219],[-159.78619,22.01922],[-159.78531,22.01526],[-159.7837,22.01379],[-159.78238,22.01183],[-159.77754,22.00778],[-159.77552,22.0071],[-159.77352,22.00505],[-159.77044,21.99966],[-159.7693,21.9963],[-159.76645,21.99028],[-159.76552,21.98773],[-159.76404,21.98477],[-159.76243,21.98258],[-159.76012,21.98013],[-159.75725,21.97824],[-159.74705,21.97507],[-159.7428,21.97439],[-159.73658,21.97282],[-159.73392,21.97155],[-159.72486,21.96962],[-159.71497,21.96686],[-159.71157,21.96423],[-159.71066,21.96275],[-159.70655,21.96061],[-159.70482,21.96015],[-159.70239,21.96031],[-159.69495,21.95934],[-159.69227,21.95939],[-159.69175,21.96132],[-159.67997,21.96093],[-159.67773,21.96578],[-159.67653,21.96736],[-159.67396,21.96633],[-159.67011,21.96389],[-159.66928,21.96201],[-159.66781,21.96268],[-159.66811,21.96385],[-159.6674,21.96501],[-159.66421,21.96313],[-159.6638,21.96829],[-159.66419,21.97167],[-159.66377,21.97466],[-159.66412,21.97773],[-159.66749,21.97982],[-159.66909,21.98133],[-159.6705,21.9838],[-159.67156,21.98473],[-159.67247,21.98749],[-159.67241,21.99085],[-159.67526,21.99335],[-159.67654,21.99595],[-159.6776,22.00076],[-159.67746,22.00251],[-159.67817,22.00516],[-159.67587,22.01035],[-159.67747,22.012],[-159.67734,22.01336],[-159.67643,22.01404],[-159.67412,22.01868],[-159.67404,22.02018],[-159.67522,22.02235],[-159.67282,22.02412],[-159.67301,22.02694],[-159.67202,22.02903],[-159.67179,22.03145],[-159.66795,22.03457],[-159.66677,22.03605],[-159.66515,22.0369],[-159.66659,22.03854],[-159.66449,22.03912],[-159.6629,22.04111],[-159.66256,22.04251],[-159.66333,22.04513],[-159.66142,22.04622],[-159.66221,22.04766],[-159.66141,22.0488],[-159.65951,22.04854],[-159.65862,22.04934],[-159.65879,22.04947],[-159.66,22.05155],[-159.66258,22.05453],[-159.66393,22.05855],[-159.66338,22.06106],[-159.66454,22.06255],[-159.66231,22.06474],[-159.6621,22.06681],[-159.66245,22.06876],[-159.66383,22.07011],[-159.66443,22.07148],[-159.66572,22.07182],[-159.66595,22.07285],[-159.66411,22.07437],[-159.66557,22.0759],[-159.66585,22.07734],[-159.66775,22.08008],[-159.6677,22.08137],[-159.66888,22.08286],[-159.67037,22.08737],[-159.67342,22.09144],[-159.67351,22.09392],[-159.67614,22.0959],[-159.67732,22.10162],[-159.67735,22.10265],[-159.67615,22.10344],[-159.67446,22.10578],[-159.67302,22.10629],[-159.67123,22.10833],[-159.67024,22.11022],[-159.67125,22.11223],[-159.67071,22.11384],[-159.66905,22.11589],[-159.6686,22.11728],[-159.66726,22.1191],[-159.66603,22.11972],[-159.66435,22.12277],[-159.66384,22.12548],[-159.66117,22.12828],[-159.6593,22.12925],[-159.65683,22.12915],[-159.65461,22.13068],[-159.65201,22.13185],[-159.65268,22.13294],[-159.65505,22.13294],[-159.65587,22.13396],[-159.65555,22.13579],[-159.65449,22.13611],[-159.6535,22.13744],[-159.65191,22.1385],[-159.65183,22.13942],[-159.65044,22.14049],[-159.64662,22.14186],[-159.64802,22.1428],[-159.65025,22.14275],[-159.65444,22.14413],[-159.65779,22.1459],[-159.66062,22.14832],[-159.66242,22.14932],[-159.66501,22.14908],[-159.66708,22.15046],[-159.66877,22.15026],[-159.67016,22.15149],[-159.67526,22.15138],[-159.67725,22.15307],[-159.67813,22.15277],[-159.68083,22.15323],[-159.6848,22.15435],[-159.68667,22.15537],[-159.69096,22.15698],[-159.69196,22.16208],[-159.69124,22.16303]]]},"properties":{"dp":"17-05","county":"KAUAI","ballottype":"CD2-H17-S08-CC0","us_house":"CD2","state_hous":"H17","state_sena":"S08","county_cou":"CC0"}},{"type":"Feature","geometry":{"type":"Polygon","coordinates":[[[-160.24583,21.84114],[-160.24543,21.8402],[-160.23694,21.80368],[-160.23541,21.80253],[-160.23502,21.80111],[-160.23264,21.79731],[-160.23237,21.79538],[-160.23278,21.79266],[-160.23231,21.79152],[-160.23258,21.78959],[-160.22954,21.78764],[-160.2282,21.7878],[-160.22584,21.78995],[-160.22278,21.79052],[-160.221,21.78767],[-160.2179,21.78697],[-160.2172,21.78524],[-160.21435,21.78223],[-160.21375,21.78265],[-160.21162,21.78199],[-160.21096,21.78258],[-160.20826,21.7828],[-160.20609,21.78235],[-160.20353,21.77918],[-160.20226,21.77979],[-160.20159,21.78196],[-160.20068,21.78327],[-160.19856,21.78475],[-160.19851,21.78564],[-160.20293,21.78754],[-160.20303,21.78849],[-160.20152,21.78959],[-160.20153,21.79175],[-160.20034,21.79367],[-160.20025,21.79471],[-160.19869,21.79803],[-160.19526,21.8009],[-160.19413,21.80276],[-160.19253,21.80389],[-160.19271,21.8049],[-160.1941,21.80662],[-160.19405,21.80833],[-160.19134,21.81163],[-160.191,21.81412],[-160.19003,21.81523],[-160.18999,21.81652],[-160.18708,21.8196],[-160.1876,21.82045],[-160.18664,21.82266],[-160.18488,21.8254],[-160.18414,21.8257],[-160.18331,21.82764],[-160.18214,21.82871],[-160.1816,21.83071],[-160.17994,21.83264],[-160.17838,21.83532],[-160.17582,21.83827],[-160.1742,21.83928],[-160.17274,21.84199],[-160.17361,21.84277],[-160.17266,21.84432],[-160.17295,21.84511],[-160.16978,21.84925],[-160.16729,21.85055],[-160.16779,21.85226],[-160.16668,21.85466],[-160.16468,21.8572],[-160.16335,21.85937],[-160.15932,21.86424],[-160.15647,21.86673],[-160.15258,21.8683],[-160.14614,21.87113],[-160.14495,21.87276],[-160.14097,21.87351],[-160.14007,21.87221],[-160.13883,21.87279],[-160.13497,21.87302],[-160.13285,21.87427],[-160.13117,21.87364],[-160.12847,21.87434],[-160.1271,21.87814],[-160.12577,21.87875],[-160.12447,21.87624],[-160.12319,21.87623],[-160.12206,21.87745],[-160.11974,21.8766],[-160.11738,21.8778],[-160.11565,21.87809],[-160.11462,21.87954],[-160.11337,21.87861],[-160.1116,21.88096],[-160.11019,21.88116],[-160.10941,21.87951],[-160.10702,21.87861],[-160.10534,21.88006],[-160.10348,21.88248],[-160.10258,21.88249],[-160.10011,21.88434],[-160.0995,21.88561],[-160.09768,21.88547],[-160.09736,21.88407],[-160.09634,21.88364],[-160.09171,21.88709],[-160.08927,21.89025],[-160.08681,21.88975],[-160.0845,21.88992],[-160.08389,21.89137],[-160.08028,21.89445],[-160.07871,21.89446],[-160.07809,21.89533],[-160.07349,21.89379],[-160.07297,21.89519],[-160.0739,21.89687],[-160.0731,21.89996],[-160.07573,21.9056],[-160.07661,21.90672],[-160.07802,21.91023],[-160.07988,21.9132],[-160.08044,21.91828],[-160.08142,21.92019],[-160.08134,21.92173],[-160.0825,21.92377],[-160.08218,21.92675],[-160.08092,21.93069],[-160.08095,21.93205],[-160.07913,21.93728],[-160.07913,21.93856],[-160.07821,21.94154],[-160.07677,21.94496],[-160.07574,21.94899],[-160.07526,21.95222],[-160.07242,21.95562],[-160.07064,21.95662],[-160.0697,21.95792],[-160.06965,21.95985],[-160.06899,21.96307],[-160.06722,21.96712],[-160.06462,21.96898],[-160.06357,21.97047],[-160.06325,21.97299],[-160.06196,21.97439],[-160.0603,21.97541],[-160.05799,21.97516],[-160.05751,21.9738],[-160.05601,21.97455],[-160.05423,21.97458],[-160.05229,21.97609],[-160.04971,21.9774],[-160.04898,21.98076],[-160.05165,21.98697],[-160.05253,21.98828],[-160.05419,21.99189],[-160.05515,21.99295],[-160.05753,21.99428],[-160.0606,21.99473],[-160.06055,21.99678],[-160.06233,21.99736],[-160.06444,21.99707],[-160.06995,22.00057],[-160.07099,21.99858],[-160.07188,21.99793],[-160.07471,21.99698],[-160.07972,21.99688],[-160.0817,21.99633],[-160.08514,21.99696],[-160.0867,21.99849],[-160.08638,22.00056],[-160.08731,22.00237],[-160.08865,22.00278],[-160.09116,22.00267],[-160.0934,21.99843],[-160.09447,21.99806],[-160.09934,21.99391],[-160.10143,21.99422],[-160.10359,21.99527],[-160.10537,21.99387],[-160.10589,21.99269],[-160.10714,21.99198],[-160.10916,21.99263],[-160.11045,21.99058],[-160.11081,21.98665],[-160.10982,21.98627],[-160.11016,21.98411],[-160.11239,21.98273],[-160.11368,21.98239],[-160.11291,21.97887],[-160.11331,21.97695],[-160.11409,21.97588],[-160.11317,21.97451],[-160.11326,21.97292],[-160.11427,21.971],[-160.11552,21.96988],[-160.11768,21.96625],[-160.11894,21.96299],[-160.11907,21.95983],[-160.12246,21.95515],[-160.12408,21.95246],[-160.12706,21.95047],[-160.13097,21.94717],[-160.13518,21.94463],[-160.13631,21.94451],[-160.14183,21.94207],[-160.14464,21.94054],[-160.1461,21.94018],[-160.15241,21.93776],[-160.1571,21.93752],[-160.16203,21.93594],[-160.16263,21.93229],[-160.16488,21.92897],[-160.17074,21.92635],[-160.17277,21.92562],[-160.17591,21.92497],[-160.17691,21.92427],[-160.18156,21.92292],[-160.18526,21.9229],[-160.18663,21.92253],[-160.18697,21.91952],[-160.18915,21.9172],[-160.18969,21.91611],[-160.19243,21.91426],[-160.19509,21.9132],[-160.19769,21.9101],[-160.19926,21.90927],[-160.20054,21.90579],[-160.20176,21.90508],[-160.2025,21.90382],[-160.20604,21.90043],[-160.20712,21.90009],[-160.2084,21.89831],[-160.20958,21.89775],[-160.21002,21.89635],[-160.21105,21.89537],[-160.21678,21.89109],[-160.21928,21.88975],[-160.22202,21.88776],[-160.22458,21.88741],[-160.22684,21.88347],[-160.22854,21.88243],[-160.22803,21.88023],[-160.22872,21.87584],[-160.22991,21.87383],[-160.23202,21.8724],[-160.23151,21.8705],[-160.23283,21.86563],[-160.23215,21.86489],[-160.23143,21.86245],[-160.23333,21.85653],[-160.23798,21.85101],[-160.23905,21.84858],[-160.24153,21.84591],[-160.24514,21.84397],[-160.24492,21.8427],[-160.24583,21.84114]]]},"properties":{"dp":"17-06","county":"KAUAI","ballottype":"CD2-H17-S08-CC0","us_house":"CD2","state_hous":"H17","state_sena":"S08","county_cou":"CC0"}},{"type":"Feature","geometry":{"type":"Polygon","coordinates":[[[-157.70647,21.25947],[-157.70338,21.25948],[-157.70065,21.25995],[-157.69777,21.26148],[-157.69599,21.2617],[-157.69181,21.2637],[-157.69191,21.26503],[-157.69388,21.26613],[-157.69513,21.26734],[-157.69727,21.26811],[-157.69692,21.27089],[-157.69545,21.27272],[-157.69362,21.27249],[-157.692,21.271],[-157.6915,21.26958],[-157.68935,21.26871],[-157.68756,21.27171],[-157.68621,21.27578],[-157.68443,21.27565],[-157.68438,21.27667],[-157.68186,21.27787],[-157.67805,21.28049],[-157.67444,21.285],[-157.67027,21.28587],[-157.66906,21.28662],[-157.66808,21.28825],[-157.6662,21.28895],[-157.66531,21.28999],[-157.66139,21.29162],[-157.65733,21.29567],[-157.65534,21.29663],[-157.65412,21.29781],[-157.65085,21.29895],[-157.64963,21.30319],[-157.64866,21.3041],[-157.64907,21.30885],[-157.64897,21.31102],[-157.65145,21.30865],[-157.65434,21.3095],[-157.6573,21.30865],[-157.65719,21.30662],[-157.65648,21.30325],[-157.65723,21.30206],[-157.66036,21.30073],[-157.66234,21.29883],[-157.66293,21.30036],[-157.66343,21.30332],[-157.66493,21.3037],[-157.66518,21.29655],[-157.66855,21.29645],[-157.66972,21.2979],[-157.67339,21.29801],[-157.67332,21.29593],[-157.67553,21.29563],[-157.68309,21.29289],[-157.68421,21.29299],[-157.68901,21.29611],[-157.69476,21.29079],[-157.69676,21.28784],[-157.6979,21.28558],[-157.70476,21.27597],[-157.7019,21.275],[-157.69799,21.2749],[-157.69998,21.27232],[-157.70278,21.27062],[-157.70257,21.27004],[-157.70731,21.26519],[-157.70803,21.26341],[-157.70735,21.26094],[-157.70647,21.25947]]]},"properties":{"dp":"18-01","county":"OAHU","ballottype":"CD1-H18-S25-CC4","us_house":"CD1","state_hous":"H18","state_sena":"S25","county_cou":"CC4"}},{"type":"Feature","geometry":{"type":"Polygon","coordinates":[[[-157.69676,21.28784],[-157.69809,21.28852],[-157.70007,21.28855],[-157.70271,21.28656],[-157.70421,21.28609],[-157.70512,21.28509],[-157.70764,21.28389],[-157.70905,21.28525],[-157.70939,21.28511],[-157.70888,21.28326],[-157.71144,21.28259],[-157.71186,21.28153],[-157.70943,21.27801],[-157.70876,21.27529],[-157.7091,21.27335],[-157.70861,21.27027],[-157.70916,21.26806],[-157.71013,21.26684],[-157.7116,21.2633],[-157.71113,21.26108],[-157.70917,21.25969],[-157.70647,21.25947],[-157.70735,21.26094],[-157.70803,21.26341],[-157.70731,21.26519],[-157.70257,21.27004],[-157.70278,21.27062],[-157.69998,21.27232],[-157.69799,21.2749],[-157.7019,21.275],[-157.70476,21.27597],[-157.6979,21.28558],[-157.69676,21.28784]]]},"properties":{"dp":"18-02","county":"OAHU","ballottype":"CD1-H18-S25-CC4","us_house":"CD1","state_hous":"H18","state_sena":"S25","county_cou":"CC4"}},{"type":"Feature","geometry":{"type":"Polygon","coordinates":[[[-157.6573,21.30865],[-157.65861,21.30895],[-157.66043,21.30815],[-157.66225,21.30955],[-157.66305,21.30935],[-157.66568,21.31155],[-157.668,21.31254],[-157.67124,21.31574],[-157.67235,21.31726],[-157.67442,21.31776],[-157.67816,21.32018],[-157.68121,21.32064],[-157.68483,21.31993],[-157.68434,21.31538],[-157.68486,21.3135],[-157.6833,21.31173],[-157.68331,21.30915],[-157.68443,21.30626],[-157.68482,21.30247],[-157.6859,21.30136],[-157.68659,21.29941],[-157.68901,21.29611],[-157.68421,21.29299],[-157.68309,21.29289],[-157.67553,21.29563],[-157.67332,21.29593],[-157.67339,21.29801],[-157.66972,21.2979],[-157.66855,21.29645],[-157.66518,21.29655],[-157.66493,21.3037],[-157.66343,21.30332],[-157.66293,21.30036],[-157.66234,21.29883],[-157.66036,21.30073],[-157.65723,21.30206],[-157.65648,21.30325],[-157.65719,21.30662],[-157.6573,21.30865]]]},"properties":{"dp":"18-03","county":"OAHU","ballottype":"CD1-H18-S25-CC4","us_house":"CD1","state_hous":"H18","state_sena":"S25","county_cou":"CC4"}},{"type":"Feature","geometry":{"type":"Polygon","coordinates":[[[-157.68901,21.29611],[-157.68659,21.29941],[-157.6859,21.30136],[-157.68482,21.30247],[-157.68443,21.30626],[-157.68331,21.30915],[-157.6833,21.31173],[-157.68486,21.3135],[-157.68434,21.31538],[-157.68483,21.31993],[-157.68533,21.32104],[-157.68741,21.3216],[-157.6895,21.32123],[-157.69155,21.32004],[-157.69506,21.32044],[-157.69696,21.31906],[-157.70347,21.31736],[-157.70457,21.31658],[-157.70636,21.31666],[-157.70677,21.31441],[-157.70584,21.31248],[-157.7047,21.3113],[-157.70469,21.30946],[-157.70403,21.30731],[-157.70259,21.30694],[-157.70074,21.30576],[-157.70379,21.30208],[-157.7031,21.29999],[-157.70365,21.29845],[-157.70296,21.29736],[-157.70227,21.29425],[-157.70283,21.29137],[-157.70441,21.29029],[-157.70338,21.28886],[-157.70202,21.28966],[-157.70007,21.28855],[-157.69809,21.28852],[-157.69676,21.28784],[-157.69476,21.29079],[-157.68901,21.29611]]]},"properties":{"dp":"18-04","county":"OAHU","ballottype":"CD1-H18-S25-CC4","us_house":"CD1","state_hous":"H18","state_sena":"S25","county_cou":"CC4"}},{"type":"Feature","geometry":{"type":"Polygon","coordinates":[[[-157.70905,21.28525],[-157.71005,21.28729],[-157.70751,21.28898],[-157.70815,21.28983],[-157.70816,21.2926],[-157.71095,21.2948],[-157.71049,21.29714],[-157.71144,21.29838],[-157.71062,21.3022],[-157.71059,21.30444],[-157.70926,21.30519],[-157.71076,21.30693],[-157.71328,21.31077],[-157.71417,21.31422],[-157.71537,21.31628],[-157.71496,21.31704],[-157.71686,21.31715],[-157.71896,21.31844],[-157.72136,21.31865],[-157.72586,21.32414],[-157.72766,21.32324],[-157.73096,21.32264],[-157.73226,21.32274],[-157.73291,21.32064],[-157.73285,21.31895],[-157.73344,21.31716],[-157.73314,21.31616],[-157.73358,21.31255],[-157.73298,21.30919],[-157.733,21.30696],[-157.73407,21.30435],[-157.73415,21.30304],[-157.73326,21.30076],[-157.73275,21.29564],[-157.73315,21.29306],[-157.73155,21.28916],[-157.7309,21.28273],[-157.73307,21.28243],[-157.73785,21.28114],[-157.73816,21.28012],[-157.73632,21.28055],[-157.73556,21.27978],[-157.73362,21.27996],[-157.7334,21.28166],[-157.73215,21.28203],[-157.72779,21.28118],[-157.72789,21.28274],[-157.72391,21.28406],[-157.72051,21.28401],[-157.71857,21.28523],[-157.71758,21.28455],[-157.71647,21.28576],[-157.71511,21.28458],[-157.71251,21.28453],[-157.70982,21.2855],[-157.70939,21.28511],[-157.70905,21.28525]]]},"properties":{"dp":"19-01","county":"OAHU","ballottype":"CD1-H19-S09-CC4","us_house":"CD1","state_hous":"H19","state_sena":"S09","county_cou":"CC4"}},{"type":"Feature","geometry":{"type":"Polygon","coordinates":[[[-157.73226,21.32274],[-157.73486,21.32334],[-157.73706,21.32305],[-157.73929,21.32381],[-157.74381,21.32475],[-157.74777,21.32591],[-157.74919,21.32723],[-157.75267,21.32784],[-157.75666,21.32365],[-157.75696,21.32245],[-157.75896,21.31895],[-157.75956,21.31725],[-157.75986,21.31455],[-157.76156,21.31045],[-157.76186,21.30715],[-157.76296,21.30555],[-157.76174,21.29855],[-157.76088,21.29814],[-157.76206,21.29655],[-157.76126,21.29555],[-157.76136,21.29425],[-157.76046,21.29255],[-157.76039,21.29039],[-157.75822,21.28274],[-157.75754,21.2798],[-157.76007,21.27905],[-157.75951,21.27582],[-157.75869,21.27398],[-157.75714,21.27349],[-157.75488,21.2742],[-157.75441,21.27619],[-157.75128,21.27706],[-157.74812,21.27747],[-157.74424,21.27898],[-157.74283,21.27997],[-157.73816,21.28012],[-157.73785,21.28114],[-157.73307,21.28243],[-157.7309,21.28273],[-157.73155,21.28916],[-157.73315,21.29306],[-157.73275,21.29564],[-157.73326,21.30076],[-157.73415,21.30304],[-157.73407,21.30435],[-157.733,21.30696],[-157.73298,21.30919],[-157.73358,21.31255],[-157.73314,21.31616],[-157.73344,21.31716],[-157.73285,21.31895],[-157.73291,21.32064],[-157.73226,21.32274]]]},"properties":{"dp":"19-02","county":"OAHU","ballottype":"CD1-H19-S09-CC4","us_house":"CD1","state_hous":"H19","state_sena":"S09","county_cou":"CC4"}},{"type":"Feature","geometry":{"type":"Polygon","coordinates":[[[-157.75267,21.32784],[-157.75578,21.33064],[-157.7581,21.3313],[-157.75915,21.33001],[-157.76169,21.32493],[-157.76322,21.32396],[-157.76429,21.3212],[-157.76684,21.31818],[-157.76881,21.31482],[-157.76966,21.31134],[-157.76971,21.30933],[-157.77228,21.306],[-157.7772,21.30408],[-157.78057,21.30103],[-157.78129,21.29902],[-157.78435,21.29815],[-157.78445,21.29584],[-157.78499,21.29466],[-157.78488,21.29255],[-157.7853,21.29038],[-157.78675,21.28635],[-157.78726,21.28305],[-157.78808,21.27872],[-157.78783,21.2787],[-157.78454,21.27835],[-157.78482,21.27625],[-157.78395,21.27596],[-157.7822,21.27285],[-157.7806,21.27065],[-157.78113,21.26963],[-157.77946,21.26872],[-157.78009,21.26784],[-157.77875,21.26699],[-157.77715,21.26909],[-157.775,21.27077],[-157.77209,21.27162],[-157.77052,21.27245],[-157.76893,21.27258],[-157.7647,21.27503],[-157.76227,21.27599],[-157.75951,21.27582],[-157.76007,21.27905],[-157.75754,21.2798],[-157.75822,21.28274],[-157.76039,21.29039],[-157.76046,21.29255],[-157.76136,21.29425],[-157.76126,21.29555],[-157.76206,21.29655],[-157.76088,21.29814],[-157.76174,21.29855],[-157.76296,21.30555],[-157.76186,21.30715],[-157.76156,21.31045],[-157.75986,21.31455],[-157.75956,21.31725],[-157.75896,21.31895],[-157.75696,21.32245],[-157.75666,21.32365],[-157.75267,21.32784]]]},"properties":{"dp":"19-03","county":"OAHU","ballottype":"CD1-H19-S09-CC4","us_house":"CD1","state_hous":"H19","state_sena":"S09","county_cou":"CC4"}},{"type":"Feature","geometry":{"type":"Polygon","coordinates":[[[-157.78726,21.28305],[-157.78768,21.28189],[-157.79135,21.28136],[-157.792,21.27903],[-157.78808,21.27872],[-157.78726,21.28305]]]},"properties":{"dp":"19-04","county":"OAHU","ballottype":"CD1-H19-S10-CC4","us_house":"CD1","state_hous":"H19","state_sena":"S10","county_cou":"CC4"}},{"type":"Feature","geometry":{"type":"Polygon","coordinates":[[[-157.78783,21.2787],[-157.78978,21.26872],[-157.79156,21.26873],[-157.79693,21.27142],[-157.79939,21.26719],[-157.80228,21.2694],[-157.80346,21.26958],[-157.80778,21.26974],[-157.80774,21.2691],[-157.81023,21.26782],[-157.81361,21.26448],[-157.81608,21.26002],[-157.81385,21.2585],[-157.81463,21.25744],[-157.81276,21.25633],[-157.81086,21.25586],[-157.80722,21.25492],[-157.8032,21.25599],[-157.80101,21.25611],[-157.79633,21.25735],[-157.79441,21.25574],[-157.7926,21.25506],[-157.79064,21.25606],[-157.79066,21.25888],[-157.78767,21.26064],[-157.78531,21.26158],[-157.77994,21.26527],[-157.77875,21.26699],[-157.78009,21.26784],[-157.77946,21.26872],[-157.78113,21.26963],[-157.7806,21.27065],[-157.7822,21.27285],[-157.78395,21.27596],[-157.78482,21.27625],[-157.78454,21.27835],[-157.78783,21.2787]]]},"properties":{"dp":"20-01","county":"OAHU","ballottype":"CD1-H20-S09-CC4","us_house":"CD1","state_hous":"H20","state_sena":"S09","county_cou":"CC4"}},{"type":"Feature","geometry":{"type":"Polygon","coordinates":[[[-157.78808,21.27872],[-157.792,21.27903],[-157.79513,21.27846],[-157.7969,21.27873],[-157.79898,21.27967],[-157.79921,21.27881],[-157.80145,21.27799],[-157.80497,21.27204],[-157.80324,21.27031],[-157.80346,21.26958],[-157.80228,21.2694],[-157.79939,21.26719],[-157.79693,21.27142],[-157.79156,21.26873],[-157.78978,21.26872],[-157.78783,21.2787],[-157.78808,21.27872]]]},"properties":{"dp":"20-02","county":"OAHU","ballottype":"CD1-H20-S09-CC4","us_house":"CD1","state_hous":"H20","state_sena":"S09","county_cou":"CC4"}},{"type":"Feature","geometry":{"type":"Polygon","coordinates":[[[-157.80346,21.26958],[-157.80324,21.27031],[-157.80497,21.27204],[-157.8052,21.27228],[-157.81162,21.27157],[-157.81309,21.27662],[-157.81495,21.27622],[-157.81633,21.27381],[-157.81755,21.27274],[-157.82023,21.27186],[-157.82316,21.27145],[-157.82303,21.26836],[-157.82204,21.26511],[-157.82141,21.26114],[-157.82041,21.26066],[-157.8185,21.25765],[-157.81729,21.25753],[-157.8149,21.25613],[-157.81086,21.25586],[-157.81276,21.25633],[-157.81463,21.25744],[-157.81385,21.2585],[-157.81608,21.26002],[-157.81361,21.26448],[-157.81023,21.26782],[-157.80774,21.2691],[-157.80778,21.26974],[-157.80346,21.26958]]]},"properties":{"dp":"20-03","county":"OAHU","ballottype":"CD1-H20-S09-CC4","us_house":"CD1","state_hous":"H20","state_sena":"S09","county_cou":"CC4"}},{"type":"Feature","geometry":{"type":"Polygon","coordinates":[[[-157.79898,21.27967],[-157.80596,21.28321],[-157.80525,21.28181],[-157.808,21.27713],[-157.8099,21.27746],[-157.81309,21.27662],[-157.81162,21.27157],[-157.8052,21.27228],[-157.80497,21.27204],[-157.80145,21.27799],[-157.79921,21.27881],[-157.79898,21.27967]]]},"properties":{"dp":"20-04","county":"OAHU","ballottype":"CD1-H20-S09-CC4","us_house":"CD1","state_hous":"H20","state_sena":"S09","county_cou":"CC4"}},{"type":"Feature","geometry":{"type":"Polygon","coordinates":[[[-157.81309,21.27662],[-157.8099,21.27746],[-157.808,21.27713],[-157.80525,21.28181],[-157.80596,21.28321],[-157.81062,21.28562],[-157.81283,21.28774],[-157.81417,21.2818],[-157.81681,21.28413],[-157.8182,21.2828],[-157.82043,21.28473],[-157.82288,21.28305],[-157.8265,21.28299],[-157.81763,21.27519],[-157.81633,21.27381],[-157.81495,21.27622],[-157.81309,21.27662]]]},"properties":{"dp":"20-05","county":"OAHU","ballottype":"CD1-H20-S10-CC4","us_house":"CD1","state_hous":"H20","state_sena":"S10","county_cou":"CC4"}},{"type":"Feature","geometry":{"type":"Polygon","coordinates":[[[-157.78435,21.29815],[-157.78672,21.299],[-157.78987,21.29808],[-157.79329,21.29533],[-157.79379,21.29357],[-157.79631,21.28947],[-157.79885,21.28556],[-157.79999,21.28322],[-157.80925,21.28794],[-157.81037,21.28851],[-157.81133,21.28696],[-157.81062,21.28562],[-157.80596,21.28321],[-157.79898,21.27967],[-157.7969,21.27873],[-157.79513,21.27846],[-157.792,21.27903],[-157.79135,21.28136],[-157.78768,21.28189],[-157.78726,21.28305],[-157.78675,21.28635],[-157.7853,21.29038],[-157.78488,21.29255],[-157.78499,21.29466],[-157.78445,21.29584],[-157.78435,21.29815]]]},"properties":{"dp":"21-01","county":"OAHU","ballottype":"CD1-H21-S10-CC4","us_house":"CD1","state_hous":"H21","state_sena":"S10","county_cou":"CC4"}},{"type":"Feature","geometry":{"type":"Polygon","coordinates":[[[-157.7581,21.3313],[-157.75905,21.33187],[-157.76265,21.33175],[-157.76385,21.33215],[-157.76815,21.33225],[-157.77155,21.33315],[-157.77555,21.33565],[-157.77915,21.33585],[-157.78095,21.33425],[-157.78345,21.33095],[-157.78495,21.32825],[-157.78695,21.32545],[-157.78795,21.32315],[-157.78805,21.32185],[-157.79005,21.31665],[-157.79135,21.31475],[-157.79225,21.31435],[-157.79025,21.31035],[-157.79158,21.30961],[-157.79202,21.30825],[-157.799,21.29887],[-157.79618,21.29496],[-157.79514,21.29443],[-157.79746,21.29008],[-157.79631,21.28947],[-157.79379,21.29357],[-157.79329,21.29533],[-157.78987,21.29808],[-157.78672,21.299],[-157.78435,21.29815],[-157.78129,21.29902],[-157.78057,21.30103],[-157.7772,21.30408],[-157.77228,21.306],[-157.76971,21.30933],[-157.76966,21.31134],[-157.76881,21.31482],[-157.76684,21.31818],[-157.76429,21.3212],[-157.76322,21.32396],[-157.76169,21.32493],[-157.75915,21.33001],[-157.7581,21.3313]]]},"properties":{"dp":"21-02","county":"OAHU","ballottype":"CD1-H21-S10-CC5","us_house":"CD1","state_hous":"H21","state_sena":"S10","county_cou":"CC5"}},{"type":"Feature","geometry":{"type":"Polygon","coordinates":[[[-157.79631,21.28947],[-157.79746,21.29008],[-157.79514,21.29443],[-157.79618,21.29496],[-157.799,21.29887],[-157.80436,21.29124],[-157.80451,21.28949],[-157.80535,21.28842],[-157.80735,21.28765],[-157.80925,21.28794],[-157.79999,21.28322],[-157.79885,21.28556],[-157.79631,21.28947]]]},"properties":{"dp":"21-03","county":"OAHU","ballottype":"CD1-H21-S10-CC5","us_house":"CD1","state_hous":"H21","state_sena":"S10","county_cou":"CC5"}},{"type":"Feature","geometry":{"type":"Polygon","coordinates":[[[-157.80925,21.28794],[-157.80735,21.28765],[-157.80535,21.28842],[-157.80451,21.28949],[-157.80436,21.29124],[-157.799,21.29887],[-157.79202,21.30825],[-157.79158,21.30961],[-157.79025,21.31035],[-157.79225,21.31435],[-157.79425,21.31265],[-157.79545,21.30815],[-157.79675,21.30745],[-157.79916,21.30721],[-157.80595,21.30445],[-157.80885,21.30205],[-157.81055,21.29945],[-157.81189,21.29676],[-157.81042,21.29637],[-157.81125,21.29413],[-157.81047,21.29241],[-157.81021,21.29036],[-157.81127,21.28896],[-157.81037,21.28851],[-157.80925,21.28794]]]},"properties":{"dp":"21-04","county":"OAHU","ballottype":"CD1-H21-S10-CC5","us_house":"CD1","state_hous":"H21","state_sena":"S10","county_cou":"CC5"}},{"type":"Feature","geometry":{"type":"Polygon","coordinates":[[[-157.81062,21.28562],[-157.81133,21.28696],[-157.81037,21.28851],[-157.81127,21.28896],[-157.81421,21.28881],[-157.81283,21.28774],[-157.81062,21.28562]]]},"properties":{"dp":"22-01","county":"OAHU","ballottype":"CD1-H22-S10-CC4","us_house":"CD1","state_hous":"H22","state_sena":"S10","county_cou":"CC4"}},{"type":"Feature","geometry":{"type":"Polygon","coordinates":[[[-157.81125,21.29413],[-157.81229,21.29392],[-157.81431,21.29178],[-157.81791,21.29298],[-157.81924,21.29234],[-157.82123,21.29454],[-157.8241,21.29621],[-157.8255,21.29323],[-157.82191,21.29193],[-157.81907,21.29021],[-157.81421,21.28881],[-157.81127,21.28896],[-157.81021,21.29036],[-157.81047,21.29241],[-157.81125,21.29413]]]},"properties":{"dp":"22-02","county":"OAHU","ballottype":"CD1-H22-S10-CC5","us_house":"CD1","state_hous":"H22","state_sena":"S10","county_cou":"CC5"}},{"type":"Feature","geometry":{"type":"Polygon","coordinates":[[[-157.79916,21.30721],[-157.80404,21.31194],[-157.80557,21.31306],[-157.80799,21.31114],[-157.81139,21.30918],[-157.81424,21.30783],[-157.81617,21.30809],[-157.81701,21.30704],[-157.82112,21.30039],[-157.82123,21.29454],[-157.81924,21.29234],[-157.81791,21.29298],[-157.81431,21.29178],[-157.81229,21.29392],[-157.81125,21.29413],[-157.81042,21.29637],[-157.81189,21.29676],[-157.81055,21.29945],[-157.80885,21.30205],[-157.80595,21.30445],[-157.79916,21.30721]]]},"properties":{"dp":"22-03","county":"OAHU","ballottype":"CD1-H22-S11-CC5","us_house":"CD1","state_hous":"H22","state_sena":"S11","county_cou":"CC5"}},{"type":"Feature","geometry":{"type":"Polygon","coordinates":[[[-157.77915,21.33585],[-157.78225,21.33715],[-157.78515,21.33975],[-157.78715,21.34115],[-157.78805,21.34304],[-157.78805,21.34454],[-157.78918,21.35003],[-157.78907,21.35321],[-157.7914,21.35172],[-157.79423,21.35092],[-157.7949,21.34993],[-157.79888,21.34694],[-157.80005,21.34684],[-157.8016,21.34554],[-157.80345,21.34505],[-157.80825,21.34115],[-157.80815,21.33905],[-157.80685,21.33805],[-157.80625,21.33655],[-157.80605,21.33225],[-157.80705,21.32635],[-157.81146,21.32077],[-157.81305,21.31705],[-157.81537,21.315],[-157.81821,21.31127],[-157.81751,21.31035],[-157.81807,21.30828],[-157.81617,21.30809],[-157.81424,21.30783],[-157.81139,21.30918],[-157.80799,21.31114],[-157.80557,21.31306],[-157.80404,21.31194],[-157.79916,21.30721],[-157.79675,21.30745],[-157.79545,21.30815],[-157.79425,21.31265],[-157.79225,21.31435],[-157.79135,21.31475],[-157.79005,21.31665],[-157.78805,21.32185],[-157.78795,21.32315],[-157.78695,21.32545],[-157.78495,21.32825],[-157.78345,21.33095],[-157.78095,21.33425],[-157.77915,21.33585]]]},"properties":{"dp":"22-04","county":"OAHU","ballottype":"CD1-H22-S11-CC5","us_house":"CD1","state_hous":"H22","state_sena":"S11","county_cou":"CC5"}},{"type":"Feature","geometry":{"type":"Polygon","coordinates":[[[-157.82123,21.29454],[-157.82112,21.30039],[-157.81701,21.30704],[-157.81617,21.30809],[-157.81807,21.30828],[-157.81751,21.31035],[-157.81821,21.31127],[-157.81537,21.315],[-157.81305,21.31705],[-157.81146,21.32077],[-157.80705,21.32635],[-157.80605,21.33225],[-157.80625,21.33655],[-157.80685,21.33805],[-157.80815,21.33905],[-157.81045,21.33815],[-157.81414,21.33486],[-157.81438,21.33364],[-157.81672,21.33268],[-157.81879,21.3325],[-157.81834,21.33082],[-157.81693,21.32979],[-157.81942,21.32901],[-157.82153,21.32602],[-157.8231,21.3248],[-157.82502,21.32217],[-157.82508,21.32082],[-157.827,21.31815],[-157.82925,21.31265],[-157.83016,21.31159],[-157.83059,21.3086],[-157.83289,21.30575],[-157.83126,21.30406],[-157.83255,21.30292],[-157.83533,21.29869],[-157.83156,21.29735],[-157.83189,21.29645],[-157.82988,21.29572],[-157.83015,21.29488],[-157.82892,21.29444],[-157.8255,21.29323],[-157.8241,21.29621],[-157.82123,21.29454]]]},"properties":{"dp":"22-05","county":"OAHU","ballottype":"CD1-H22-S11-CC5","us_house":"CD1","state_hous":"H22","state_sena":"S11","county_cou":"CC5"}},{"type":"Feature","geometry":{"type":"Polygon","coordinates":[[[-157.81283,21.28774],[-157.81421,21.28881],[-157.81719,21.28825],[-157.82054,21.28483],[-157.82043,21.28473],[-157.8182,21.2828],[-157.81681,21.28413],[-157.81417,21.2818],[-157.81283,21.28774]]]},"properties":{"dp":"23-01","county":"OAHU","ballottype":"CD1-H23-S10-CC4","us_house":"CD1","state_hous":"H23","state_sena":"S10","county_cou":"CC4"}},{"type":"Feature","geometry":{"type":"Polygon","coordinates":[[[-157.8255,21.29323],[-157.82892,21.29444],[-157.83118,21.28905],[-157.82702,21.28761],[-157.82365,21.28754],[-157.82054,21.28483],[-157.81719,21.28825],[-157.81421,21.28881],[-157.81907,21.29021],[-157.82191,21.29193],[-157.8255,21.29323]]]},"properties":{"dp":"23-02","county":"OAHU","ballottype":"CD1-H23-S10-CC5","us_house":"CD1","state_hous":"H23","state_sena":"S10","county_cou":"CC5"}},{"type":"Feature","geometry":{"type":"Polygon","coordinates":[[[-157.83015,21.29488],[-157.83691,21.29732],[-157.83664,21.29254],[-157.83565,21.29055],[-157.83232,21.28947],[-157.83118,21.28905],[-157.82892,21.29444],[-157.83015,21.29488]]]},"properties":{"dp":"23-03","county":"OAHU","ballottype":"CD1-H23-S12-CC5","us_house":"CD1","state_hous":"H23","state_sena":"S12","county_cou":"CC5"}},{"type":"Feature","geometry":{"type":"Polygon","coordinates":[[[-157.83691,21.29732],[-157.84023,21.29849],[-157.84076,21.29868],[-157.84266,21.29598],[-157.84661,21.29384],[-157.84023,21.29108],[-157.83981,21.29192],[-157.83718,21.29072],[-157.83565,21.29055],[-157.83664,21.29254],[-157.83691,21.29732]]]},"properties":{"dp":"23-04","county":"OAHU","ballottype":"CD1-H23-S12-CC5","us_house":"CD1","state_hous":"H23","state_sena":"S12","county_cou":"CC5"}},{"type":"Feature","geometry":{"type":"Polygon","coordinates":[[[-157.83533,21.29869],[-157.83948,21.30022],[-157.84023,21.29849],[-157.83691,21.29732],[-157.83015,21.29488],[-157.82988,21.29572],[-157.83189,21.29645],[-157.83156,21.29735],[-157.83533,21.29869]]]},"properties":{"dp":"23-05","county":"OAHU","ballottype":"CD1-H23-S11-CC5","us_house":"CD1","state_hous":"H23","state_sena":"S11","county_cou":"CC5"}},{"type":"Feature","geometry":{"type":"Polygon","coordinates":[[[-157.81633,21.27381],[-157.81763,21.27519],[-157.8265,21.28299],[-157.82868,21.28475],[-157.83105,21.28208],[-157.83188,21.28031],[-157.83379,21.27786],[-157.82915,21.27646],[-157.82794,21.27645],[-157.8246,21.27442],[-157.82316,21.27145],[-157.82023,21.27186],[-157.81755,21.27274],[-157.81633,21.27381]]]},"properties":{"dp":"24-01","county":"OAHU","ballottype":"CD1-H24-S12-CC4","us_house":"CD1","state_hous":"H24","state_sena":"S12","county_cou":"CC4"}},{"type":"Feature","geometry":{"type":"Polygon","coordinates":[[[-157.82868,21.28475],[-157.83278,21.28836],[-157.83458,21.28892],[-157.84019,21.28778],[-157.84034,21.28771],[-157.84118,21.28683],[-157.83983,21.28508],[-157.84094,21.28386],[-157.84117,21.2824],[-157.84028,21.28096],[-157.8388,21.28156],[-157.83646,21.2801],[-157.8352,21.27866],[-157.83379,21.27786],[-157.83188,21.28031],[-157.83105,21.28208],[-157.82868,21.28475]]]},"properties":{"dp":"24-02","county":"OAHU","ballottype":"CD1-H24-S12-CC4","us_house":"CD1","state_hous":"H24","state_sena":"S12","county_cou":"CC4"}},{"type":"Feature","geometry":{"type":"Polygon","coordinates":[[[-157.83565,21.29055],[-157.83718,21.29072],[-157.83981,21.29192],[-157.84023,21.29108],[-157.84019,21.28778],[-157.83458,21.28892],[-157.83278,21.28836],[-157.83232,21.28947],[-157.83565,21.29055]]]},"properties":{"dp":"24-03","county":"OAHU","ballottype":"CD1-H24-S12-CC5","us_house":"CD1","state_hous":"H24","state_sena":"S12","county_cou":"CC5"}},{"type":"Feature","geometry":{"type":"Polygon","coordinates":[[[-157.82043,21.28473],[-157.82054,21.28483],[-157.82365,21.28754],[-157.82702,21.28761],[-157.83118,21.28905],[-157.83232,21.28947],[-157.83278,21.28836],[-157.82868,21.28475],[-157.8265,21.28299],[-157.82288,21.28305],[-157.82043,21.28473]]]},"properties":{"dp":"24-04","county":"OAHU","ballottype":"CD1-H24-S10-CC5","us_house":"CD1","state_hous":"H24","state_sena":"S10","county_cou":"CC5"}},{"type":"Feature","geometry":{"type":"Polygon","coordinates":[[[-157.84076,21.29868],[-157.85019,21.302],[-157.85316,21.2984],[-157.85779,21.295],[-157.85816,21.29372],[-157.85738,21.29444],[-157.85501,21.29321],[-157.85603,21.29114],[-157.85806,21.29221],[-157.85921,21.291],[-157.85592,21.29083],[-157.85546,21.29125],[-157.85255,21.28988],[-157.84933,21.2892],[-157.84698,21.28816],[-157.84627,21.28712],[-157.84827,21.28475],[-157.84565,21.2831],[-157.84426,21.28787],[-157.84273,21.2876],[-157.84129,21.28822],[-157.84034,21.28771],[-157.84019,21.28778],[-157.84023,21.29108],[-157.84661,21.29384],[-157.84266,21.29598],[-157.84076,21.29868]]]},"properties":{"dp":"25-01","county":"OAHU","ballottype":"CD1-H25-S12-CC5","us_house":"CD1","state_hous":"H25","state_sena":"S12","county_cou":"CC5"}},{"type":"Feature","geometry":{"type":"Polygon","coordinates":[[[-157.84023,21.29849],[-157.83948,21.30022],[-157.84503,21.30223],[-157.84426,21.30416],[-157.84871,21.3057],[-157.85019,21.302],[-157.84076,21.29868],[-157.84023,21.29849]]]},"properties":{"dp":"25-02","county":"OAHU","ballottype":"CD1-H25-S11-CC5","us_house":"CD1","state_hous":"H25","state_sena":"S11","county_cou":"CC5"}},{"type":"Feature","geometry":{"type":"Polygon","coordinates":[[[-157.84871,21.3057],[-157.85108,21.30733],[-157.85263,21.31163],[-157.85326,21.31276],[-157.85465,21.3145],[-157.85695,21.31247],[-157.85931,21.31127],[-157.86114,21.30988],[-157.8643,21.30997],[-157.86431,21.30823],[-157.86305,21.30623],[-157.86145,21.30739],[-157.8571,21.30446],[-157.85019,21.302],[-157.84871,21.3057]]]},"properties":{"dp":"25-03","county":"OAHU","ballottype":"CD1-H25-S13-CC6","us_house":"CD1","state_hous":"H25","state_sena":"S13","county_cou":"CC6"}},{"type":"Feature","geometry":{"type":"Polygon","coordinates":[[[-157.85019,21.302],[-157.8571,21.30446],[-157.86145,21.30739],[-157.86305,21.30623],[-157.86431,21.30823],[-157.8643,21.30997],[-157.86452,21.30984],[-157.86442,21.30905],[-157.86653,21.30726],[-157.86629,21.3056],[-157.8648,21.30643],[-157.86406,21.30524],[-157.86488,21.30386],[-157.86417,21.30313],[-157.86772,21.299],[-157.86929,21.29573],[-157.8673,21.29512],[-157.86127,21.29041],[-157.8592,21.29319],[-157.85816,21.29372],[-157.85779,21.295],[-157.85316,21.2984],[-157.85019,21.302]]]},"properties":{"dp":"25-04","county":"OAHU","ballottype":"CD1-H25-S12-CC6","us_house":"CD1","state_hous":"H25","state_sena":"S12","county_cou":"CC6"}},{"type":"Feature","geometry":{"type":"Polygon","coordinates":[[[-157.83255,21.30292],[-157.83484,21.30387],[-157.84129,21.30727],[-157.83925,21.31],[-157.84054,21.30941],[-157.8422,21.31012],[-157.84407,21.30962],[-157.84686,21.30813],[-157.84757,21.30833],[-157.84871,21.3057],[-157.84426,21.30416],[-157.84503,21.30223],[-157.83948,21.30022],[-157.83533,21.29869],[-157.83255,21.30292]]]},"properties":{"dp":"26-01","county":"OAHU","ballottype":"CD1-H26-S11-CC5","us_house":"CD1","state_hous":"H26","state_sena":"S11","county_cou":"CC5"}},{"type":"Feature","geometry":{"type":"Polygon","coordinates":[[[-157.81414,21.33486],[-157.81735,21.33355],[-157.82445,21.33015],[-157.83096,21.32493],[-157.83369,21.32111],[-157.83358,21.32006],[-157.83132,21.3209],[-157.83226,21.31842],[-157.83431,21.31733],[-157.83519,21.31408],[-157.83704,21.31214],[-157.83783,21.31274],[-157.83957,21.31234],[-157.83925,21.31],[-157.84129,21.30727],[-157.83484,21.30387],[-157.83255,21.30292],[-157.83126,21.30406],[-157.83289,21.30575],[-157.83059,21.3086],[-157.83016,21.31159],[-157.82925,21.31265],[-157.827,21.31815],[-157.82508,21.32082],[-157.82502,21.32217],[-157.8231,21.3248],[-157.82153,21.32602],[-157.81942,21.32901],[-157.81693,21.32979],[-157.81834,21.33082],[-157.81879,21.3325],[-157.81672,21.33268],[-157.81438,21.33364],[-157.81414,21.33486]]]},"properties":{"dp":"26-02","county":"OAHU","ballottype":"CD1-H26-S11-CC5","us_house":"CD1","state_hous":"H26","state_sena":"S11","county_cou":"CC5"}},{"type":"Feature","geometry":{"type":"Polygon","coordinates":[[[-157.83925,21.31],[-157.83957,21.31234],[-157.83783,21.31274],[-157.83704,21.31214],[-157.83519,21.31408],[-157.83431,21.31733],[-157.83226,21.31842],[-157.83132,21.3209],[-157.83358,21.32006],[-157.83342,21.31866],[-157.83592,21.31807],[-157.83812,21.31662],[-157.84075,21.31678],[-157.84171,21.31619],[-157.84411,21.31579],[-157.84713,21.31652],[-157.84937,21.31544],[-157.85002,21.31408],[-157.85053,21.31165],[-157.84929,21.30892],[-157.84757,21.30833],[-157.84686,21.30813],[-157.84407,21.30962],[-157.8422,21.31012],[-157.84054,21.30941],[-157.83925,21.31]]]},"properties":{"dp":"26-03","county":"OAHU","ballottype":"CD1-H26-S11-CC6","us_house":"CD1","state_hous":"H26","state_sena":"S11","county_cou":"CC6"}},{"type":"Feature","geometry":{"type":"Polygon","coordinates":[[[-157.84871,21.3057],[-157.84757,21.30833],[-157.84929,21.30892],[-157.85053,21.31165],[-157.85002,21.31408],[-157.85225,21.3147],[-157.85326,21.31276],[-157.85263,21.31163],[-157.85108,21.30733],[-157.84871,21.3057]]]},"properties":{"dp":"26-04","county":"OAHU","ballottype":"CD1-H26-S13-CC6","us_house":"CD1","state_hous":"H26","state_sena":"S13","county_cou":"CC6"}},{"type":"Feature","geometry":{"type":"Polygon","coordinates":[[[-157.83369,21.32111],[-157.83708,21.31901],[-157.8371,21.32074],[-157.84089,21.31856],[-157.84327,21.318],[-157.84276,21.31669],[-157.84171,21.31619],[-157.84075,21.31678],[-157.83812,21.31662],[-157.83592,21.31807],[-157.83342,21.31866],[-157.83358,21.32006],[-157.83369,21.32111]]]},"properties":{"dp":"27-01","county":"OAHU","ballottype":"CD1-H27-S11-CC6","us_house":"CD1","state_hous":"H27","state_sena":"S11","county_cou":"CC6"}},{"type":"Feature","geometry":{"type":"Polygon","coordinates":[[[-157.80345,21.34505],[-157.80645,21.34515],[-157.81005,21.34315],[-157.81315,21.34255],[-157.81825,21.34195],[-157.82185,21.33985],[-157.82375,21.33715],[-157.82845,21.33465],[-157.83315,21.33075],[-157.83485,21.33045],[-157.83545,21.33165],[-157.84137,21.32979],[-157.84346,21.32889],[-157.8443,21.32787],[-157.84423,21.32592],[-157.8453,21.32548],[-157.84642,21.32293],[-157.84969,21.32024],[-157.85465,21.3145],[-157.85326,21.31276],[-157.85225,21.3147],[-157.85002,21.31408],[-157.84937,21.31544],[-157.84713,21.31652],[-157.84411,21.31579],[-157.84171,21.31619],[-157.84276,21.31669],[-157.84327,21.318],[-157.84089,21.31856],[-157.8371,21.32074],[-157.83708,21.31901],[-157.83369,21.32111],[-157.83096,21.32493],[-157.82445,21.33015],[-157.81735,21.33355],[-157.81414,21.33486],[-157.81045,21.33815],[-157.80815,21.33905],[-157.80825,21.34115],[-157.80345,21.34505]]]},"properties":{"dp":"27-02","county":"OAHU","ballottype":"CD1-H27-S13-CC6","us_house":"CD1","state_hous":"H27","state_sena":"S13","county_cou":"CC6"}},{"type":"Feature","geometry":{"type":"Polygon","coordinates":[[[-157.78907,21.35321],[-157.78829,21.35517],[-157.78863,21.35957],[-157.78938,21.36211],[-157.7906,21.36406],[-157.79369,21.36618],[-157.79741,21.36729],[-157.80732,21.36804],[-157.80796,21.36888],[-157.80965,21.36934],[-157.81095,21.36784],[-157.81445,21.36544],[-157.81945,21.36234],[-157.82105,21.36214],[-157.82615,21.35925],[-157.82745,21.35765],[-157.83075,21.35455],[-157.83325,21.35305],[-157.83625,21.34995],[-157.84135,21.34635],[-157.84405,21.34565],[-157.84515,21.34455],[-157.84633,21.34135],[-157.84635,21.33995],[-157.84963,21.33797],[-157.84978,21.33676],[-157.85194,21.33483],[-157.85102,21.33363],[-157.85285,21.33173],[-157.85238,21.33114],[-157.85552,21.32849],[-157.85377,21.32653],[-157.86016,21.32146],[-157.85465,21.3145],[-157.84969,21.32024],[-157.84642,21.32293],[-157.8453,21.32548],[-157.84423,21.32592],[-157.8443,21.32787],[-157.84346,21.32889],[-157.84137,21.32979],[-157.83545,21.33165],[-157.83485,21.33045],[-157.83315,21.33075],[-157.82845,21.33465],[-157.82375,21.33715],[-157.82185,21.33985],[-157.81825,21.34195],[-157.81315,21.34255],[-157.81005,21.34315],[-157.80645,21.34515],[-157.80345,21.34505],[-157.8016,21.34554],[-157.80005,21.34684],[-157.79888,21.34694],[-157.7949,21.34993],[-157.79423,21.35092],[-157.7914,21.35172],[-157.78907,21.35321]]]},"properties":{"dp":"27-03","county":"OAHU","ballottype":"CD1-H27-S13-CC6","us_house":"CD1","state_hous":"H27","state_sena":"S13","county_cou":"CC6"}},{"type":"Feature","geometry":{"type":"Polygon","coordinates":[[[-157.84515,21.34455],[-157.84635,21.34385],[-157.85139,21.33989],[-157.85562,21.33704],[-157.86052,21.33462],[-157.86046,21.3336],[-157.86192,21.33274],[-157.86299,21.33055],[-157.86247,21.32944],[-157.86056,21.32986],[-157.859,21.32854],[-157.85552,21.32849],[-157.85238,21.33114],[-157.85285,21.33173],[-157.85102,21.33363],[-157.85194,21.33483],[-157.84978,21.33676],[-157.84963,21.33797],[-157.84635,21.33995],[-157.84633,21.34135],[-157.84515,21.34455]]]},"properties":{"dp":"27-04","county":"OAHU","ballottype":"CD1-H27-S14-CC6","us_house":"CD1","state_hous":"H27","state_sena":"S14","county_cou":"CC6"}},{"type":"Feature","geometry":{"type":"Polygon","coordinates":[[[-157.85465,21.3145],[-157.86016,21.32146],[-157.86397,21.3186],[-157.86725,21.31865],[-157.87328,21.32218],[-157.87608,21.32114],[-157.87753,21.32014],[-157.87957,21.31667],[-157.87796,21.3174],[-157.87626,21.317],[-157.87805,21.31389],[-157.87018,21.30878],[-157.87065,21.31226],[-157.86998,21.31247],[-157.8691,21.31009],[-157.86759,21.31043],[-157.86703,21.31404],[-157.86539,21.31298],[-157.86554,21.30998],[-157.86452,21.30984],[-157.8643,21.30997],[-157.86114,21.30988],[-157.85931,21.31127],[-157.85695,21.31247],[-157.85465,21.3145]]]},"properties":{"dp":"28-01","county":"OAHU","ballottype":"CD1-H28-S13-CC6","us_house":"CD1","state_hous":"H28","state_sena":"S13","county_cou":"CC6"}},{"type":"Feature","geometry":{"type":"Polygon","coordinates":[[[-157.85552,21.32849],[-157.859,21.32854],[-157.8629,21.32672],[-157.86425,21.3291],[-157.86665,21.32771],[-157.86757,21.32659],[-157.86891,21.32501],[-157.87328,21.32218],[-157.86725,21.31865],[-157.86397,21.3186],[-157.86016,21.32146],[-157.85377,21.32653],[-157.85552,21.32849]]]},"properties":{"dp":"28-02","county":"OAHU","ballottype":"CD1-H28-S13-CC6","us_house":"CD1","state_hous":"H28","state_sena":"S13","county_cou":"CC6"}},{"type":"Feature","geometry":{"type":"Polygon","coordinates":[[[-157.86299,21.33055],[-157.86468,21.32982],[-157.86425,21.3291],[-157.8629,21.32672],[-157.859,21.32854],[-157.86056,21.32986],[-157.86247,21.32944],[-157.86299,21.33055]]]},"properties":{"dp":"28-03","county":"OAHU","ballottype":"CD1-H28-S14-CC6","us_house":"CD1","state_hous":"H28","state_sena":"S14","county_cou":"CC6"}},{"type":"Feature","geometry":{"type":"Polygon","coordinates":[[[-157.888,21.31443],[-157.88758,21.31365],[-157.88948,21.31248],[-157.88859,21.30986],[-157.88792,21.30914],[-157.88504,21.30364],[-157.88418,21.30078],[-157.88367,21.30027],[-157.8801,21.30116],[-157.87578,21.30087],[-157.8709,21.2987],[-157.8694,21.30082],[-157.86948,21.3022],[-157.87192,21.30658],[-157.87379,21.30767],[-157.87316,21.30852],[-157.88015,21.31322],[-157.88793,21.31443],[-157.888,21.31443]]]},"properties":{"dp":"28-04","county":"OAHU","ballottype":"CD1-H28-S15-CC7","us_house":"CD1","state_hous":"H28","state_sena":"S15","county_cou":"CC7"}},{"type":"Feature","geometry":{"type":"Polygon","coordinates":[[[-157.82615,21.35925],[-157.82828,21.35866],[-157.83111,21.35708],[-157.83426,21.35451],[-157.83709,21.35283],[-157.83922,21.35295],[-157.84387,21.35138],[-157.84711,21.3495],[-157.84863,21.34912],[-157.85207,21.34734],[-157.85471,21.34556],[-157.85663,21.34548],[-157.86042,21.34403],[-157.86242,21.34291],[-157.8636,21.34485],[-157.86474,21.34549],[-157.86634,21.34489],[-157.86777,21.34356],[-157.86827,21.33852],[-157.86972,21.3363],[-157.86546,21.33104],[-157.86468,21.32982],[-157.86299,21.33055],[-157.86192,21.33274],[-157.86046,21.3336],[-157.86052,21.33462],[-157.85562,21.33704],[-157.85139,21.33989],[-157.84635,21.34385],[-157.84515,21.34455],[-157.84405,21.34565],[-157.84135,21.34635],[-157.83625,21.34995],[-157.83325,21.35305],[-157.83075,21.35455],[-157.82745,21.35765],[-157.82615,21.35925]]]},"properties":{"dp":"29-01","county":"OAHU","ballottype":"CD1-H29-S14-CC6","us_house":"CD1","state_hous":"H29","state_sena":"S14","county_cou":"CC6"}},{"type":"Feature","geometry":{"type":"Polygon","coordinates":[[[-157.80965,21.36934],[-157.81037,21.37037],[-157.8103,21.37251],[-157.81075,21.37557],[-157.81362,21.37866],[-157.81874,21.37587],[-157.82463,21.37324],[-157.8312,21.36985],[-157.84606,21.36566],[-157.85134,21.36327],[-157.8542,21.36143],[-157.85644,21.35952],[-157.85951,21.35491],[-157.86098,21.35145],[-157.86315,21.34917],[-157.86545,21.34769],[-157.86739,21.34582],[-157.86777,21.34356],[-157.86634,21.34489],[-157.86474,21.34549],[-157.8636,21.34485],[-157.86242,21.34291],[-157.86042,21.34403],[-157.85663,21.34548],[-157.85471,21.34556],[-157.85207,21.34734],[-157.84863,21.34912],[-157.84711,21.3495],[-157.84387,21.35138],[-157.83922,21.35295],[-157.83709,21.35283],[-157.83426,21.35451],[-157.83111,21.35708],[-157.82828,21.35866],[-157.82615,21.35925],[-157.82105,21.36214],[-157.81945,21.36234],[-157.81445,21.36544],[-157.81095,21.36784],[-157.80965,21.36934]]]},"properties":{"dp":"29-02","county":"OAHU","ballottype":"CD1-H29-S14-CC6","us_house":"CD1","state_hous":"H29","state_sena":"S14","county_cou":"CC6"}},{"type":"Feature","geometry":{"type":"Polygon","coordinates":[[[-157.81362,21.37866],[-157.81863,21.38195],[-157.82199,21.38329],[-157.82355,21.38504],[-157.82565,21.38374],[-157.82725,21.38334],[-157.82825,21.38194],[-157.83065,21.38014],[-157.83315,21.37964],[-157.83685,21.37694],[-157.83745,21.37531],[-157.84013,21.37359],[-157.84424,21.37164],[-157.84603,21.37123],[-157.85237,21.36777],[-157.85683,21.36433],[-157.85832,21.36392],[-157.8605,21.36229],[-157.86019,21.36118],[-157.86077,21.35907],[-157.86255,21.35725],[-157.86415,21.35465],[-157.87291,21.34837],[-157.87594,21.3468],[-157.87694,21.3449],[-157.87969,21.34367],[-157.8791,21.34298],[-157.88039,21.34186],[-157.87972,21.34114],[-157.8786,21.34208],[-157.87654,21.34258],[-157.87496,21.34155],[-157.87229,21.34302],[-157.86849,21.34646],[-157.86545,21.34769],[-157.86315,21.34917],[-157.86098,21.35145],[-157.85951,21.35491],[-157.85644,21.35952],[-157.8542,21.36143],[-157.85134,21.36327],[-157.84606,21.36566],[-157.8312,21.36985],[-157.82463,21.37324],[-157.81874,21.37587],[-157.81362,21.37866]]]},"properties":{"dp":"29-03","county":"OAHU","ballottype":"CD1-H29-S14-CC6","us_house":"CD1","state_hous":"H29","state_sena":"S14","county_cou":"CC6"}},{"type":"Feature","geometry":{"type":"Polygon","coordinates":[[[-157.86777,21.34356],[-157.86739,21.34582],[-157.86545,21.34769],[-157.86849,21.34646],[-157.87229,21.34302],[-157.87496,21.34155],[-157.87654,21.34258],[-157.8786,21.34208],[-157.87972,21.34114],[-157.87706,21.33865],[-157.87624,21.33867],[-157.87385,21.34019],[-157.87212,21.33807],[-157.86972,21.3363],[-157.86827,21.33852],[-157.86777,21.34356]]]},"properties":{"dp":"29-04","county":"OAHU","ballottype":"CD1-H29-S14-CC6","us_house":"CD1","state_hous":"H29","state_sena":"S14","county_cou":"CC6"}},{"type":"Feature","geometry":{"type":"Polygon","coordinates":[[[-157.87328,21.32218],[-157.86891,21.32501],[-157.87125,21.3283],[-157.8743,21.33043],[-157.87827,21.33218],[-157.87977,21.33408],[-157.88425,21.33743],[-157.88558,21.337],[-157.88878,21.3347],[-157.89093,21.33398],[-157.8931,21.33401],[-157.8932,21.3333],[-157.89294,21.33142],[-157.89131,21.33069],[-157.89145,21.32939],[-157.89311,21.32792],[-157.89326,21.32653],[-157.89505,21.32542],[-157.89249,21.32034],[-157.89082,21.31551],[-157.89003,21.31484],[-157.888,21.31443],[-157.88793,21.31443],[-157.88827,21.31511],[-157.8829,21.31701],[-157.88269,21.31996],[-157.88199,21.31989],[-157.88225,21.31716],[-157.88155,21.31711],[-157.88122,21.31985],[-157.87918,21.31911],[-157.87753,21.32014],[-157.87608,21.32114],[-157.87328,21.32218]]]},"properties":{"dp":"30-01","county":"OAHU","ballottype":"CD1-H30-S15-CC7","us_house":"CD1","state_hous":"H30","state_sena":"S15","county_cou":"CC7"}},{"type":"Feature","geometry":{"type":"Polygon","coordinates":[[[-157.86757,21.32659],[-157.87018,21.33032],[-157.8729,21.33307],[-157.87558,21.33489],[-157.87785,21.33575],[-157.88156,21.33632],[-157.88379,21.33773],[-157.88425,21.33743],[-157.87977,21.33408],[-157.87827,21.33218],[-157.8743,21.33043],[-157.87125,21.3283],[-157.86891,21.32501],[-157.86757,21.32659]]]},"properties":{"dp":"30-02","county":"OAHU","ballottype":"CD1-H30-S14-CC7","us_house":"CD1","state_hous":"H30","state_sena":"S14","county_cou":"CC7"}},{"type":"Feature","geometry":{"type":"Polygon","coordinates":[[[-157.86425,21.3291],[-157.86468,21.32982],[-157.86546,21.33104],[-157.86972,21.3363],[-157.87212,21.33807],[-157.87385,21.34019],[-157.87624,21.33867],[-157.87706,21.33865],[-157.87972,21.34114],[-157.88054,21.34046],[-157.88372,21.33778],[-157.88379,21.33773],[-157.88156,21.33632],[-157.87785,21.33575],[-157.87558,21.33489],[-157.8729,21.33307],[-157.87018,21.33032],[-157.86757,21.32659],[-157.86665,21.32771],[-157.86425,21.3291]]]},"properties":{"dp":"30-03","county":"OAHU","ballottype":"CD1-H30-S14-CC6","us_house":"CD1","state_hous":"H30","state_sena":"S14","county_cou":"CC6"}},{"type":"Feature","geometry":{"type":"Polygon","coordinates":[[[-157.8931,21.33401],[-157.897,21.33442],[-157.9236,21.3384],[-157.92807,21.33924],[-157.92971,21.34009],[-157.93185,21.34196],[-157.93297,21.34385],[-157.93362,21.34703],[-157.93459,21.34913],[-157.93686,21.34859],[-157.93902,21.34733],[-157.94416,21.34728],[-157.96378,21.3438],[-157.96474,21.34305],[-157.9646,21.34139],[-157.96788,21.33832],[-157.9684,21.33615],[-157.96866,21.33181],[-157.96817,21.33094],[-157.96597,21.32993],[-157.96426,21.32831],[-157.96411,21.32568],[-157.96187,21.32153],[-157.96134,21.32002],[-157.96002,21.31913],[-157.95946,21.31731],[-157.95657,21.31657],[-157.95241,21.31728],[-157.94791,21.31648],[-157.94694,21.30864],[-157.95114,21.30866],[-157.95127,21.30446],[-157.90675,21.30265],[-157.90619,21.30516],[-157.9062,21.30892],[-157.9081,21.31046],[-157.91797,21.3105],[-157.91954,21.31147],[-157.91918,21.31324],[-157.91255,21.31778],[-157.89892,21.32758],[-157.89827,21.32916],[-157.89569,21.33068],[-157.89355,21.33132],[-157.8932,21.3333],[-157.8931,21.33401]]]},"properties":{"dp":"30-04","county":"OAHU","ballottype":"CD1-H30-S15-CC7","us_house":"CD1","state_hous":"H30","state_sena":"S15","county_cou":"CC7"}},{"type":"Feature","geometry":{"type":"MultiPolygon","coordinates":[[[[-157.88425,21.33743],[-157.88379,21.33773],[-157.88372,21.33778],[-157.88615,21.34138],[-157.88722,21.34229],[-157.89023,21.34309],[-157.89237,21.34426],[-157.89577,21.34917],[-157.89721,21.34783],[-157.89898,21.34487],[-157.89964,21.34502],[-157.90614,21.34389],[-157.91304,21.34366],[-157.91462,21.34395],[-157.92262,21.34791],[-157.92471,21.35058],[-157.92513,21.35167],[-157.9285,21.36436],[-157.92998,21.36777],[-157.93261,21.36447],[-157.93526,21.36361],[-157.93711,21.36514],[-157.93577,21.36834],[-157.93473,21.37001],[-157.93712,21.3698],[-157.93881,21.36917],[-157.93965,21.36636],[-157.94048,21.36589],[-157.94111,21.36389],[-157.94536,21.36229],[-157.94538,21.35972],[-157.94826,21.35857],[-157.94873,21.35768],[-157.94673,21.35528],[-157.94182,21.35982],[-157.94055,21.35884],[-157.94411,21.35495],[-157.94319,21.35381],[-157.94005,21.35336],[-157.93989,21.35258],[-157.94348,21.35241],[-157.94302,21.35002],[-157.95044,21.35421],[-157.9517,21.35227],[-157.95349,21.35329],[-157.95301,21.35462],[-157.95484,21.35565],[-157.9575,21.35212],[-157.95951,21.3525],[-157.96155,21.35168],[-157.96376,21.35232],[-157.96733,21.34991],[-157.96794,21.3476],[-157.96474,21.34305],[-157.96378,21.3438],[-157.94416,21.34728],[-157.93902,21.34733],[-157.93686,21.34859],[-157.93459,21.34913],[-157.93362,21.34703],[-157.93297,21.34385],[-157.93185,21.34196],[-157.92971,21.34009],[-157.92807,21.33924],[-157.9236,21.3384],[-157.897,21.33442],[-157.8931,21.33401],[-157.89093,21.33398],[-157.88878,21.3347],[-157.88558,21.337],[-157.88425,21.33743]]],[[[-157.95863,21.37092],[-157.96102,21.36976],[-157.96307,21.3674],[-157.96608,21.36562],[-157.96893,21.36141],[-157.96866,21.35908],[-157.9664,21.35766],[-157.96642,21.3556],[-157.96459,21.35516],[-157.96117,21.35643],[-157.95952,21.35773],[-157.95877,21.3605],[-157.95789,21.36174],[-157.95592,21.36159],[-157.9524,21.36343],[-157.95121,21.36498],[-157.95047,21.36798],[-157.95107,21.3689],[-157.95413,21.36883],[-157.95609,21.37088],[-157.95863,21.37092]]]]},"properties":{"dp":"31-01","county":"OAHU","ballottype":"CD1-H31-S15-CC7","us_house":"CD1","state_hous":"H31","state_sena":"S15","county_cou":"CC7"}},{"type":"Feature","geometry":{"type":"Polygon","coordinates":[[[-157.89577,21.34917],[-157.89622,21.35061],[-157.89656,21.35417],[-157.89851,21.3563],[-157.89928,21.35788],[-157.89989,21.36113],[-157.90008,21.36048],[-157.90271,21.35491],[-157.90274,21.35398],[-157.90087,21.35072],[-157.9006,21.34934],[-157.90439,21.34902],[-157.90429,21.34785],[-157.90536,21.34688],[-157.9058,21.34542],[-157.90956,21.34483],[-157.9127,21.34597],[-157.91304,21.34366],[-157.90614,21.34389],[-157.89964,21.34502],[-157.89898,21.34487],[-157.89721,21.34783],[-157.89577,21.34917]]]},"properties":{"dp":"31-02","county":"OAHU","ballottype":"CD1-H31-S15-CC7","us_house":"CD1","state_hous":"H31","state_sena":"S15","county_cou":"CC7"}},{"type":"Feature","geometry":{"type":"Polygon","coordinates":[[[-157.91304,21.34366],[-157.9127,21.34597],[-157.90956,21.34483],[-157.9058,21.34542],[-157.90536,21.34688],[-157.90429,21.34785],[-157.90439,21.34902],[-157.9006,21.34934],[-157.90087,21.35072],[-157.90274,21.35398],[-157.90271,21.35491],[-157.90008,21.36048],[-157.90063,21.35968],[-157.90294,21.36018],[-157.90453,21.35874],[-157.90493,21.35773],[-157.90912,21.35676],[-157.91184,21.35489],[-157.91309,21.35457],[-157.91529,21.35536],[-157.91695,21.3549],[-157.91868,21.35578],[-157.92187,21.35589],[-157.92277,21.3545],[-157.92224,21.35231],[-157.92513,21.35167],[-157.92471,21.35058],[-157.92262,21.34791],[-157.91462,21.34395],[-157.91304,21.34366]]]},"properties":{"dp":"31-03","county":"OAHU","ballottype":"CD1-H31-S15-CC7","us_house":"CD1","state_hous":"H31","state_sena":"S15","county_cou":"CC7"}},{"type":"Feature","geometry":{"type":"Polygon","coordinates":[[[-157.92998,21.36777],[-157.9313,21.37054],[-157.93353,21.36976],[-157.93473,21.37001],[-157.93577,21.36834],[-157.93711,21.36514],[-157.93526,21.36361],[-157.93261,21.36447],[-157.92998,21.36777]]]},"properties":{"dp":"31-04","county":"OAHU","ballottype":"CD1-H31-S15-CC7","us_house":"CD1","state_hous":"H31","state_sena":"S15","county_cou":"CC7"}},{"type":"Feature","geometry":{"type":"Polygon","coordinates":[[[-157.87969,21.34367],[-157.88243,21.3422],[-157.88054,21.34046],[-157.87972,21.34114],[-157.88039,21.34186],[-157.8791,21.34298],[-157.87969,21.34367]]]},"properties":{"dp":"32-01","county":"OAHU","ballottype":"CD1-H32-S14-CC6","us_house":"CD1","state_hous":"H32","state_sena":"S14","county_cou":"CC6"}},{"type":"Feature","geometry":{"type":"Polygon","coordinates":[[[-157.82355,21.38504],[-157.82415,21.38704],[-157.82515,21.38844],[-157.82455,21.38994],[-157.82545,21.39204],[-157.82405,21.39514],[-157.82495,21.39564],[-157.82845,21.39624],[-157.82985,21.39844],[-157.83572,21.40031],[-157.8389,21.402],[-157.83969,21.40356],[-157.8471,21.40393],[-157.85037,21.40449],[-157.85468,21.40575],[-157.85762,21.40626],[-157.86208,21.40643],[-157.86755,21.40562],[-157.87099,21.40423],[-157.87371,21.40249],[-157.87743,21.39921],[-157.88065,21.39734],[-157.88557,21.396],[-157.89147,21.393],[-157.89351,21.39128],[-157.89718,21.38647],[-157.90189,21.38166],[-157.90695,21.37813],[-157.9083,21.37633],[-157.9102,21.37244],[-157.91232,21.37075],[-157.91435,21.37021],[-157.91057,21.36868],[-157.90699,21.36831],[-157.90523,21.36749],[-157.90039,21.36201],[-157.89989,21.36113],[-157.89928,21.35788],[-157.89851,21.3563],[-157.89656,21.35417],[-157.89622,21.35061],[-157.89577,21.34917],[-157.89237,21.34426],[-157.89023,21.34309],[-157.88722,21.34229],[-157.88615,21.34138],[-157.88372,21.33778],[-157.88054,21.34046],[-157.88243,21.3422],[-157.87969,21.34367],[-157.87694,21.3449],[-157.87594,21.3468],[-157.87291,21.34837],[-157.86415,21.35465],[-157.86255,21.35725],[-157.86077,21.35907],[-157.86019,21.36118],[-157.8605,21.36229],[-157.85832,21.36392],[-157.85683,21.36433],[-157.85237,21.36777],[-157.84603,21.37123],[-157.84424,21.37164],[-157.84013,21.37359],[-157.83745,21.37531],[-157.83685,21.37694],[-157.83315,21.37964],[-157.83065,21.38014],[-157.82825,21.38194],[-157.82725,21.38334],[-157.82565,21.38374],[-157.82355,21.38504]]]},"properties":{"dp":"32-02","county":"OAHU","ballottype":"CD1-H32-S14-CC7","us_house":"CD1","state_hous":"H32","state_sena":"S14","county_cou":"CC7"}},{"type":"Feature","geometry":{"type":"Polygon","coordinates":[[[-157.83969,21.40356],[-157.83867,21.40359],[-157.8385,21.41075],[-157.83676,21.41224],[-157.83667,21.41308],[-157.83798,21.41406],[-157.83853,21.41795],[-157.84095,21.41904],[-157.84335,21.42034],[-157.84494,21.41971],[-157.84753,21.41976],[-157.85086,21.41745],[-157.85185,21.41714],[-157.85348,21.4168],[-157.85602,21.41537],[-157.85931,21.41506],[-157.86245,21.41524],[-157.8659,21.41323],[-157.867,21.41316],[-157.86886,21.41119],[-157.87149,21.4091],[-157.87619,21.40795],[-157.88006,21.40607],[-157.88276,21.40502],[-157.88492,21.40281],[-157.88667,21.40201],[-157.88919,21.40201],[-157.89261,21.39899],[-157.89294,21.39772],[-157.89601,21.39513],[-157.898,21.39402],[-157.89887,21.39277],[-157.90126,21.39229],[-157.91183,21.38518],[-157.91408,21.38499],[-157.91506,21.38422],[-157.91512,21.38283],[-157.91432,21.38086],[-157.91718,21.37625],[-157.91944,21.374],[-157.91953,21.37212],[-157.91435,21.37021],[-157.91232,21.37075],[-157.9102,21.37244],[-157.9083,21.37633],[-157.90695,21.37813],[-157.90189,21.38166],[-157.89718,21.38647],[-157.89351,21.39128],[-157.89147,21.393],[-157.88557,21.396],[-157.88065,21.39734],[-157.87743,21.39921],[-157.87371,21.40249],[-157.87099,21.40423],[-157.86755,21.40562],[-157.86208,21.40643],[-157.85762,21.40626],[-157.85468,21.40575],[-157.85037,21.40449],[-157.8471,21.40393],[-157.83969,21.40356]]]},"properties":{"dp":"32-03","county":"OAHU","ballottype":"CD1-H32-S16-CC7","us_house":"CD1","state_hous":"H32","state_sena":"S16","county_cou":"CC7"}},{"type":"Feature","geometry":{"type":"Polygon","coordinates":[[[-157.92513,21.35167],[-157.92224,21.35231],[-157.92277,21.3545],[-157.92187,21.35589],[-157.91868,21.35578],[-157.91695,21.3549],[-157.91529,21.35536],[-157.91309,21.35457],[-157.91184,21.35489],[-157.90912,21.35676],[-157.90493,21.35773],[-157.90453,21.35874],[-157.90294,21.36018],[-157.90063,21.35968],[-157.90008,21.36048],[-157.89989,21.36113],[-157.90039,21.36201],[-157.90523,21.36749],[-157.90699,21.36831],[-157.91057,21.36868],[-157.91435,21.37021],[-157.91953,21.37212],[-157.9226,21.3721],[-157.92519,21.37287],[-157.92819,21.37486],[-157.93032,21.37569],[-157.93314,21.3761],[-157.93758,21.37952],[-157.94614,21.3834],[-157.95228,21.38621],[-157.95325,21.38479],[-157.95292,21.38327],[-157.95054,21.38227],[-157.94814,21.38264],[-157.9467,21.38179],[-157.94225,21.37837],[-157.94282,21.37648],[-157.94063,21.37514],[-157.93947,21.37654],[-157.93634,21.3774],[-157.93496,21.37589],[-157.93378,21.37555],[-157.93436,21.37396],[-157.93609,21.37373],[-157.93555,21.37212],[-157.93712,21.3698],[-157.93473,21.37001],[-157.93353,21.36976],[-157.9313,21.37054],[-157.92998,21.36777],[-157.9285,21.36436],[-157.92513,21.35167]]]},"properties":{"dp":"32-04","county":"OAHU","ballottype":"CD1-H32-S15-CC7","us_house":"CD1","state_hous":"H32","state_sena":"S15","county_cou":"CC7"}},{"type":"Feature","geometry":{"type":"Polygon","coordinates":[[[-157.92519,21.37287],[-157.92529,21.37443],[-157.92627,21.3763],[-157.9323,21.38436],[-157.93344,21.38547],[-157.93696,21.38729],[-157.94102,21.38854],[-157.94188,21.38662],[-157.94614,21.3834],[-157.93758,21.37952],[-157.93314,21.3761],[-157.93032,21.37569],[-157.92819,21.37486],[-157.92519,21.37287]]]},"properties":{"dp":"32-05","county":"OAHU","ballottype":"CD1-H32-S16-CC7","us_house":"CD1","state_hous":"H32","state_sena":"S16","county_cou":"CC7"}},{"type":"Feature","geometry":{"type":"Polygon","coordinates":[[[-157.85185,21.41714],[-157.85498,21.41853],[-157.85892,21.41739],[-157.86232,21.41811],[-157.86296,21.4195],[-157.86406,21.41892],[-157.86575,21.419],[-157.86644,21.41772],[-157.86764,21.41735],[-157.86789,21.41561],[-157.87024,21.41333],[-157.87353,21.4124],[-157.87421,21.41175],[-157.87648,21.41135],[-157.87767,21.41169],[-157.88234,21.40885],[-157.88371,21.40975],[-157.88565,21.40927],[-157.88676,21.40962],[-157.89137,21.40788],[-157.89176,21.40652],[-157.89306,21.4055],[-157.89456,21.40541],[-157.89724,21.40418],[-157.90053,21.4036],[-157.90372,21.40198],[-157.90556,21.40136],[-157.90609,21.4004],[-157.90791,21.40022],[-157.90937,21.3981],[-157.91261,21.39784],[-157.9144,21.39687],[-157.91716,21.3966],[-157.91797,21.39502],[-157.92017,21.39466],[-157.92215,21.39177],[-157.92328,21.39191],[-157.93105,21.38931],[-157.932,21.38681],[-157.93344,21.38547],[-157.9323,21.38436],[-157.92627,21.3763],[-157.92529,21.37443],[-157.92519,21.37287],[-157.9226,21.3721],[-157.91953,21.37212],[-157.91944,21.374],[-157.91718,21.37625],[-157.91432,21.38086],[-157.91512,21.38283],[-157.91506,21.38422],[-157.91408,21.38499],[-157.91183,21.38518],[-157.90126,21.39229],[-157.89887,21.39277],[-157.898,21.39402],[-157.89601,21.39513],[-157.89294,21.39772],[-157.89261,21.39899],[-157.88919,21.40201],[-157.88667,21.40201],[-157.88492,21.40281],[-157.88276,21.40502],[-157.88006,21.40607],[-157.87619,21.40795],[-157.87149,21.4091],[-157.86886,21.41119],[-157.867,21.41316],[-157.8659,21.41323],[-157.86245,21.41524],[-157.85931,21.41506],[-157.85602,21.41537],[-157.85348,21.4168],[-157.85185,21.41714]]]},"properties":{"dp":"33-01","county":"OAHU","ballottype":"CD1-H33-S16-CC7","us_house":"CD1","state_hous":"H33","state_sena":"S16","county_cou":"CC7"}},{"type":"Feature","geometry":{"type":"Polygon","coordinates":[[[-157.84335,21.42034],[-157.84497,21.42184],[-157.84814,21.42371],[-157.85055,21.42614],[-157.85855,21.42811],[-157.85915,21.42864],[-157.86277,21.43012],[-157.86385,21.42972],[-157.86614,21.43032],[-157.86862,21.42839],[-157.87004,21.42848],[-157.87231,21.42693],[-157.87416,21.42694],[-157.87617,21.4255],[-157.87979,21.42493],[-157.88008,21.42363],[-157.88197,21.42272],[-157.88385,21.4239],[-157.88623,21.42261],[-157.88823,21.42072],[-157.88998,21.42079],[-157.88983,21.41971],[-157.89097,21.41889],[-157.89189,21.41981],[-157.89371,21.41911],[-157.89337,21.41812],[-157.89561,21.41758],[-157.89747,21.41506],[-157.89973,21.41488],[-157.90155,21.4142],[-157.90403,21.41388],[-157.90385,21.41299],[-157.90712,21.41071],[-157.91015,21.40805],[-157.91198,21.40724],[-157.91141,21.40556],[-157.91334,21.40471],[-157.91337,21.40287],[-157.91755,21.40536],[-157.92157,21.40657],[-157.92413,21.40801],[-157.92755,21.40934],[-157.92796,21.41074],[-157.92955,21.40983],[-157.93065,21.4104],[-157.93332,21.41057],[-157.9346,21.4102],[-157.93832,21.41011],[-157.93872,21.40937],[-157.94508,21.40882],[-157.94734,21.40664],[-157.94901,21.40105],[-157.95092,21.40135],[-157.95126,21.39789],[-157.95304,21.39294],[-157.94803,21.39111],[-157.94102,21.38854],[-157.93696,21.38729],[-157.93344,21.38547],[-157.932,21.38681],[-157.93105,21.38931],[-157.92328,21.39191],[-157.92215,21.39177],[-157.92017,21.39466],[-157.91797,21.39502],[-157.91716,21.3966],[-157.9144,21.39687],[-157.91261,21.39784],[-157.90937,21.3981],[-157.90791,21.40022],[-157.90609,21.4004],[-157.90556,21.40136],[-157.90372,21.40198],[-157.90053,21.4036],[-157.89724,21.40418],[-157.89456,21.40541],[-157.89306,21.4055],[-157.89176,21.40652],[-157.89137,21.40788],[-157.88676,21.40962],[-157.88565,21.40927],[-157.88371,21.40975],[-157.88234,21.40885],[-157.87767,21.41169],[-157.87648,21.41135],[-157.87421,21.41175],[-157.87353,21.4124],[-157.87024,21.41333],[-157.86789,21.41561],[-157.86764,21.41735],[-157.86644,21.41772],[-157.86575,21.419],[-157.86406,21.41892],[-157.86296,21.4195],[-157.86232,21.41811],[-157.85892,21.41739],[-157.85498,21.41853],[-157.85185,21.41714],[-157.85086,21.41745],[-157.84753,21.41976],[-157.84494,21.41971],[-157.84335,21.42034]]]},"properties":{"dp":"33-02","county":"OAHU","ballottype":"CD1-H33-S16-CC8","us_house":"CD1","state_hous":"H33","state_sena":"S16","county_cou":"CC8"}},{"type":"Feature","geometry":{"type":"Polygon","coordinates":[[[-157.94614,21.3834],[-157.94188,21.38662],[-157.94102,21.38854],[-157.94803,21.39111],[-157.94822,21.38988],[-157.95205,21.38854],[-157.95312,21.3872],[-157.95228,21.38621],[-157.94614,21.3834]]]},"properties":{"dp":"33-03","county":"OAHU","ballottype":"CD1-H33-S16-CC7","us_house":"CD1","state_hous":"H33","state_sena":"S16","county_cou":"CC7"}},{"type":"Feature","geometry":{"type":"Polygon","coordinates":[[[-157.92796,21.41074],[-157.92987,21.41686],[-157.93133,21.41984],[-157.93214,21.42221],[-157.93361,21.42184],[-157.93747,21.41951],[-157.93891,21.41786],[-157.9404,21.41773],[-157.94127,21.4163],[-157.94545,21.41615],[-157.94856,21.41442],[-157.94862,21.41168],[-157.95039,21.4104],[-157.95162,21.40781],[-157.95433,21.40318],[-157.95261,21.40192],[-157.95092,21.40135],[-157.94901,21.40105],[-157.94734,21.40664],[-157.94508,21.40882],[-157.93872,21.40937],[-157.93832,21.41011],[-157.9346,21.4102],[-157.93332,21.41057],[-157.93065,21.4104],[-157.92955,21.40983],[-157.92796,21.41074]]]},"properties":{"dp":"33-04","county":"OAHU","ballottype":"CD1-H33-S16-CC8","us_house":"CD1","state_hous":"H33","state_sena":"S16","county_cou":"CC8"}},{"type":"Feature","geometry":{"type":"Polygon","coordinates":[[[-157.95228,21.38621],[-157.96563,21.39227],[-157.97026,21.39389],[-157.97029,21.39383],[-157.97106,21.39195],[-157.97251,21.39251],[-157.97315,21.39135],[-157.97473,21.39107],[-157.97496,21.38924],[-157.97683,21.39033],[-157.97734,21.38925],[-157.97635,21.3879],[-157.97622,21.38651],[-157.97798,21.38404],[-157.97778,21.38183],[-157.97885,21.37977],[-157.97761,21.37827],[-157.97578,21.3776],[-157.97601,21.37493],[-157.97343,21.3715],[-157.96875,21.36971],[-157.96692,21.37338],[-157.96671,21.37502],[-157.96672,21.37985],[-157.96911,21.3832],[-157.96953,21.38546],[-157.96863,21.38663],[-157.96678,21.38603],[-157.96563,21.38697],[-157.96241,21.38749],[-157.95898,21.38716],[-157.95779,21.38578],[-157.95292,21.38327],[-157.95325,21.38479],[-157.95228,21.38621]]]},"properties":{"dp":"34-01","county":"OAHU","ballottype":"CD1-H34-S15-CC8","us_house":"CD1","state_hous":"H34","state_sena":"S15","county_cou":"CC8"}},{"type":"Feature","geometry":{"type":"Polygon","coordinates":[[[-157.95092,21.40135],[-157.95261,21.40192],[-157.95433,21.40318],[-157.95559,21.40524],[-157.95705,21.40587],[-157.95947,21.40348],[-157.96057,21.40155],[-157.96192,21.4003],[-157.96477,21.39904],[-157.96588,21.39685],[-157.96841,21.3982],[-157.97026,21.39389],[-157.96563,21.39227],[-157.95228,21.38621],[-157.95312,21.3872],[-157.95205,21.38854],[-157.94822,21.38988],[-157.94803,21.39111],[-157.95304,21.39294],[-157.95126,21.39789],[-157.95092,21.40135]]]},"properties":{"dp":"34-02","county":"OAHU","ballottype":"CD1-H34-S16-CC8","us_house":"CD1","state_hous":"H34","state_sena":"S16","county_cou":"CC8"}},{"type":"Feature","geometry":{"type":"Polygon","coordinates":[[[-157.85915,21.42864],[-157.85955,21.43004],[-157.86157,21.43229],[-157.86267,21.4343],[-157.86416,21.43618],[-157.86688,21.4368],[-157.87246,21.43981],[-157.87396,21.44331],[-157.87457,21.44762],[-157.87396,21.45158],[-157.87301,21.45284],[-157.87356,21.45493],[-157.87495,21.45634],[-157.8857,21.45277],[-157.88848,21.45263],[-157.8901,21.45204],[-157.89113,21.451],[-157.89287,21.45045],[-157.89647,21.45007],[-157.89879,21.4505],[-157.90416,21.44948],[-157.90569,21.44734],[-157.90825,21.44757],[-157.9124,21.44604],[-157.91298,21.44642],[-157.91679,21.44653],[-157.91896,21.44599],[-157.91923,21.44528],[-157.92274,21.44446],[-157.92463,21.44325],[-157.92762,21.44246],[-157.92979,21.4409],[-157.93241,21.44015],[-157.9333,21.44055],[-157.93483,21.43995],[-157.93552,21.4386],[-157.93772,21.43733],[-157.93754,21.4363],[-157.93854,21.43467],[-157.94321,21.43367],[-157.95038,21.43399],[-157.95453,21.43367],[-157.95612,21.43313],[-157.95877,21.43107],[-157.96154,21.42998],[-157.96499,21.4255],[-157.96589,21.42377],[-157.96429,21.4219],[-157.96559,21.42131],[-157.96643,21.41944],[-157.96689,21.4183],[-157.96629,21.41683],[-157.96908,21.41465],[-157.96612,21.41443],[-157.96447,21.41535],[-157.9629,21.41446],[-157.96321,21.41356],[-157.96521,21.41283],[-157.96492,21.41149],[-157.96299,21.41075],[-157.95945,21.40901],[-157.95705,21.40587],[-157.95559,21.40524],[-157.95433,21.40318],[-157.95162,21.40781],[-157.95039,21.4104],[-157.94862,21.41168],[-157.94856,21.41442],[-157.94545,21.41615],[-157.94127,21.4163],[-157.9404,21.41773],[-157.93891,21.41786],[-157.93747,21.41951],[-157.93361,21.42184],[-157.93214,21.42221],[-157.93133,21.41984],[-157.92987,21.41686],[-157.92796,21.41074],[-157.92755,21.40934],[-157.92413,21.40801],[-157.92157,21.40657],[-157.91755,21.40536],[-157.91337,21.40287],[-157.91334,21.40471],[-157.91141,21.40556],[-157.91198,21.40724],[-157.91015,21.40805],[-157.90712,21.41071],[-157.90385,21.41299],[-157.90403,21.41388],[-157.90155,21.4142],[-157.89973,21.41488],[-157.89747,21.41506],[-157.89561,21.41758],[-157.89337,21.41812],[-157.89371,21.41911],[-157.89189,21.41981],[-157.89097,21.41889],[-157.88983,21.41971],[-157.88998,21.42079],[-157.88823,21.42072],[-157.88623,21.42261],[-157.88385,21.4239],[-157.88197,21.42272],[-157.88008,21.42363],[-157.87979,21.42493],[-157.87617,21.4255],[-157.87416,21.42694],[-157.87231,21.42693],[-157.87004,21.42848],[-157.86862,21.42839],[-157.86614,21.43032],[-157.86385,21.42972],[-157.86277,21.43012],[-157.85915,21.42864]]]},"properties":{"dp":"34-03","county":"OAHU","ballottype":"CD1-H34-S16-CC8","us_house":"CD1","state_hous":"H34","state_sena":"S16","county_cou":"CC8"}},{"type":"Feature","geometry":{"type":"Polygon","coordinates":[[[-157.97026,21.39389],[-157.96841,21.3982],[-157.96588,21.39685],[-157.96477,21.39904],[-157.96192,21.4003],[-157.96057,21.40155],[-157.95947,21.40348],[-157.95705,21.40587],[-157.95945,21.40901],[-157.96299,21.41075],[-157.96425,21.40898],[-157.96568,21.40953],[-157.96919,21.40456],[-157.96904,21.40355],[-157.97104,21.40367],[-157.97252,21.40122],[-157.97619,21.40227],[-157.97702,21.40129],[-157.97718,21.39863],[-157.97492,21.39659],[-157.97447,21.39526],[-157.97029,21.39383],[-157.97026,21.39389]]]},"properties":{"dp":"34-04","county":"OAHU","ballottype":"CD1-H34-S19-CC8","us_house":"CD1","state_hous":"H34","state_sena":"S19","county_cou":"CC8"}},{"type":"Feature","geometry":{"type":"Polygon","coordinates":[[[-157.97029,21.39383],[-157.97447,21.39526],[-157.97669,21.39577],[-157.98045,21.39553],[-157.98339,21.39605],[-157.98482,21.39587],[-157.98826,21.39466],[-157.98945,21.39378],[-157.99236,21.39132],[-157.99193,21.38912],[-157.99211,21.38709],[-157.99146,21.38761],[-157.98985,21.38828],[-157.98908,21.38827],[-157.98518,21.38769],[-157.98492,21.38531],[-157.98297,21.38258],[-157.98039,21.37968],[-157.97885,21.37977],[-157.97778,21.38183],[-157.97798,21.38404],[-157.97622,21.38651],[-157.97635,21.3879],[-157.97734,21.38925],[-157.97683,21.39033],[-157.97496,21.38924],[-157.97473,21.39107],[-157.97315,21.39135],[-157.97251,21.39251],[-157.97106,21.39195],[-157.97029,21.39383]]]},"properties":{"dp":"35-01","county":"OAHU","ballottype":"CD1-H35-S15-CC8","us_house":"CD1","state_hous":"H35","state_sena":"S15","county_cou":"CC8"}},{"type":"Feature","geometry":{"type":"Polygon","coordinates":[[[-157.99236,21.39132],[-157.99797,21.38658],[-157.99692,21.38422],[-157.99846,21.38274],[-157.99884,21.38135],[-158.00496,21.38025],[-158.00444,21.37773],[-158.00717,21.37379],[-158.00703,21.3726],[-158.00481,21.37008],[-158.0032,21.37012],[-158.00352,21.36819],[-158.0046,21.36744],[-158.00429,21.36462],[-158.00229,21.36389],[-158.00118,21.36296],[-158.00019,21.36109],[-158.00106,21.35835],[-157.9992,21.35641],[-157.99701,21.35741],[-157.99497,21.35952],[-157.99315,21.35935],[-157.98939,21.36105],[-157.98818,21.36067],[-157.98777,21.35904],[-157.98833,21.35785],[-157.99083,21.35759],[-157.99304,21.35693],[-157.99028,21.35511],[-157.9894,21.35355],[-157.98903,21.35166],[-157.98579,21.35104],[-157.98274,21.35207],[-157.98024,21.3513],[-157.9795,21.34941],[-157.97773,21.34766],[-157.97694,21.34621],[-157.97575,21.3458],[-157.97461,21.34334],[-157.9734,21.34206],[-157.97146,21.34171],[-157.97128,21.34481],[-157.9721,21.34538],[-157.97154,21.34687],[-157.97263,21.34822],[-157.97268,21.3497],[-157.97081,21.35267],[-157.97153,21.35501],[-157.97386,21.35653],[-157.97417,21.3586],[-157.97504,21.35892],[-157.97588,21.3612],[-157.97523,21.36177],[-157.97511,21.3656],[-157.97743,21.36597],[-157.97781,21.36658],[-157.98012,21.36545],[-157.98182,21.36524],[-157.98621,21.36917],[-157.98748,21.37086],[-157.98828,21.37396],[-157.98976,21.37612],[-157.99092,21.37707],[-157.99148,21.37915],[-157.99162,21.38271],[-157.99226,21.38453],[-157.99229,21.3867],[-157.99119,21.38765],[-157.98908,21.38827],[-157.98985,21.38828],[-157.99146,21.38761],[-157.99211,21.38709],[-157.99193,21.38912],[-157.99236,21.39132]]]},"properties":{"dp":"35-02","county":"OAHU","ballottype":"CD1-H35-S15-CC9","us_house":"CD1","state_hous":"H35","state_sena":"S15","county_cou":"CC9"}},{"type":"Feature","geometry":{"type":"Polygon","coordinates":[[[-157.98945,21.39378],[-157.99164,21.39764],[-157.99372,21.39784],[-157.99529,21.39625],[-157.99429,21.39388],[-157.99611,21.39323],[-157.99825,21.39154],[-157.99971,21.38838],[-158.00082,21.38935],[-158.00183,21.38897],[-158.00448,21.38657],[-158.00325,21.38554],[-158.0029,21.38436],[-158.00647,21.38369],[-158.00496,21.38025],[-157.99884,21.38135],[-157.99846,21.38274],[-157.99692,21.38422],[-157.99797,21.38658],[-157.99236,21.39132],[-157.98945,21.39378]]]},"properties":{"dp":"35-03","county":"OAHU","ballottype":"CD1-H35-S19-CC9","us_house":"CD1","state_hous":"H35","state_sena":"S19","county_cou":"CC9"}},{"type":"Feature","geometry":{"type":"Polygon","coordinates":[[[-157.96643,21.41944],[-157.96806,21.42007],[-157.96968,21.41905],[-157.96987,21.41678],[-157.97042,21.41556],[-157.97367,21.41308],[-157.97682,21.41197],[-157.97841,21.41059],[-157.9795,21.40739],[-157.97862,21.40676],[-157.98226,21.40425],[-157.98377,21.40457],[-157.98659,21.40388],[-157.98821,21.40397],[-157.98725,21.39915],[-157.98656,21.39806],[-157.99182,21.39801],[-157.99164,21.39764],[-157.98945,21.39378],[-157.98826,21.39466],[-157.98482,21.39587],[-157.98339,21.39605],[-157.98045,21.39553],[-157.97669,21.39577],[-157.97447,21.39526],[-157.97492,21.39659],[-157.97718,21.39863],[-157.97702,21.40129],[-157.97619,21.40227],[-157.97252,21.40122],[-157.97104,21.40367],[-157.96904,21.40355],[-157.96919,21.40456],[-157.96568,21.40953],[-157.96425,21.40898],[-157.96299,21.41075],[-157.96492,21.41149],[-157.96521,21.41283],[-157.96321,21.41356],[-157.9629,21.41446],[-157.96447,21.41535],[-157.96612,21.41443],[-157.96908,21.41465],[-157.96629,21.41683],[-157.96689,21.4183],[-157.96643,21.41944]]]},"properties":{"dp":"35-04","county":"OAHU","ballottype":"CD1-H35-S19-CC8","us_house":"CD1","state_hous":"H35","state_sena":"S19","county_cou":"CC8"}},{"type":"Feature","geometry":{"type":"Polygon","coordinates":[[[-157.98821,21.40397],[-157.98909,21.40686],[-157.98979,21.41212],[-157.99182,21.4149],[-157.99264,21.41319],[-157.9944,21.41324],[-157.99623,21.41163],[-157.99879,21.41111],[-157.99986,21.41049],[-157.99926,21.40957],[-157.99358,21.40136],[-157.99182,21.39801],[-157.98656,21.39806],[-157.98725,21.39915],[-157.98821,21.40397]]]},"properties":{"dp":"35-05","county":"OAHU","ballottype":"CD1-H35-S18-CC8","us_house":"CD1","state_hous":"H35","state_sena":"S18","county_cou":"CC8"}},{"type":"Feature","geometry":{"type":"Polygon","coordinates":[[[-157.99164,21.39764],[-157.99182,21.39801],[-157.99358,21.40136],[-157.99926,21.40957],[-158.00089,21.40975],[-158.00186,21.40896],[-158.00324,21.40896],[-158.00433,21.4109],[-158.00684,21.41181],[-158.00829,21.41138],[-158.01004,21.4121],[-158.01109,21.40916],[-158.0122,21.40868],[-158.01178,21.40613],[-158.01255,21.40425],[-158.0113,21.40362],[-158.01147,21.40091],[-158.00932,21.40102],[-158.01004,21.39833],[-158.00957,21.39615],[-158.007,21.39765],[-158.00324,21.39897],[-158.001,21.3992],[-157.99372,21.39784],[-157.99164,21.39764]]]},"properties":{"dp":"35-06","county":"OAHU","ballottype":"CD1-H35-S18-CC2","us_house":"CD1","state_hous":"H35","state_sena":"S18","county_cou":"CC2"}},{"type":"Feature","geometry":{"type":"Polygon","coordinates":[[[-157.99372,21.39784],[-158.001,21.3992],[-158.00324,21.39897],[-158.007,21.39765],[-158.00957,21.39615],[-158.01327,21.393],[-158.01003,21.38905],[-158.00929,21.38849],[-158.00627,21.38783],[-158.00448,21.38657],[-158.00183,21.38897],[-158.00082,21.38935],[-157.99971,21.38838],[-157.99825,21.39154],[-157.99611,21.39323],[-157.99429,21.39388],[-157.99529,21.39625],[-157.99372,21.39784]]]},"properties":{"dp":"36-01","county":"OAHU","ballottype":"CD1-H36-S19-CC9","us_house":"CD1","state_hous":"H36","state_sena":"S19","county_cou":"CC9"}},{"type":"Feature","geometry":{"type":"Polygon","coordinates":[[[-158.00448,21.38657],[-158.00627,21.38783],[-158.00929,21.38849],[-158.01003,21.38905],[-158.01327,21.393],[-158.01497,21.39179],[-158.01921,21.39031],[-158.02318,21.38868],[-158.02301,21.38693],[-158.02459,21.3864],[-158.02223,21.38262],[-158.02095,21.38325],[-158.0197,21.38133],[-158.02023,21.38084],[-158.01882,21.37884],[-158.02026,21.37812],[-158.01818,21.37453],[-158.0174,21.3751],[-158.01607,21.37766],[-158.01406,21.37794],[-158.01245,21.37593],[-158.01314,21.37419],[-158.01237,21.37377],[-158.01078,21.37601],[-158.0107,21.37905],[-158.00496,21.38025],[-158.00647,21.38369],[-158.0029,21.38436],[-158.00325,21.38554],[-158.00448,21.38657]]]},"properties":{"dp":"36-02","county":"OAHU","ballottype":"CD1-H36-S19-CC9","us_house":"CD1","state_hous":"H36","state_sena":"S19","county_cou":"CC9"}},{"type":"Feature","geometry":{"type":"Polygon","coordinates":[[[-158.02318,21.38868],[-158.02558,21.38733],[-158.02492,21.385],[-158.0256,21.38243],[-158.02453,21.38139],[-158.02223,21.38262],[-158.02459,21.3864],[-158.02301,21.38693],[-158.02318,21.38868]]]},"properties":{"dp":"36-03","county":"OAHU","ballottype":"CD1-H36-S18-CC9","us_house":"CD1","state_hous":"H36","state_sena":"S18","county_cou":"CC9"}},{"type":"Feature","geometry":{"type":"Polygon","coordinates":[[[-158.00496,21.38025],[-158.0107,21.37905],[-158.01078,21.37601],[-158.01237,21.37377],[-158.01094,21.37361],[-158.00763,21.37085],[-158.00703,21.3726],[-158.00717,21.37379],[-158.00444,21.37773],[-158.00496,21.38025]]]},"properties":{"dp":"36-04","county":"OAHU","ballottype":"CD1-H36-S15-CC9","us_house":"CD1","state_hous":"H36","state_sena":"S15","county_cou":"CC9"}},{"type":"Feature","geometry":{"type":"Polygon","coordinates":[[[-157.99182,21.4149],[-157.99334,21.4174],[-157.99423,21.42199],[-157.99539,21.42482],[-157.99642,21.42893],[-158,21.42824],[-158.00178,21.42726],[-158.00195,21.42749],[-158.00268,21.42949],[-158.0039,21.43091],[-158.00632,21.43209],[-158.00655,21.43445],[-158.00749,21.43499],[-158.0079,21.43096],[-158.00938,21.42769],[-158.0104,21.42718],[-158.01112,21.427],[-158.01124,21.42693],[-158.01059,21.42664],[-158.00858,21.42557],[-158.00775,21.42267],[-158.00575,21.41943],[-157.99986,21.41049],[-157.99879,21.41111],[-157.99623,21.41163],[-157.9944,21.41324],[-157.99264,21.41319],[-157.99182,21.4149]]]},"properties":{"dp":"37-01","county":"OAHU","ballottype":"CD1-H37-S18-CC8","us_house":"CD1","state_hous":"H37","state_sena":"S18","county_cou":"CC8"}},{"type":"Feature","geometry":{"type":"Polygon","coordinates":[[[-157.99642,21.42893],[-157.99695,21.43139],[-157.99663,21.43362],[-157.9952,21.43649],[-157.994,21.44159],[-157.9917,21.44568],[-157.99089,21.44843],[-157.99266,21.44888],[-157.9945,21.4504],[-158.00056,21.45108],[-158.00236,21.44895],[-158.0043,21.44805],[-158.0054,21.44812],[-158.00807,21.4468],[-158.01022,21.44744],[-158.01153,21.45078],[-158.01286,21.45009],[-158.01552,21.45075],[-158.0134,21.44386],[-158.01582,21.44321],[-158.01903,21.44344],[-158.01989,21.44221],[-158.02152,21.443],[-158.02344,21.44259],[-158.02357,21.44108],[-158.02554,21.44096],[-158.02544,21.44297],[-158.02687,21.44403],[-158.02671,21.44609],[-158.02766,21.44917],[-158.02897,21.44922],[-158.02787,21.44573],[-158.02955,21.44287],[-158.02941,21.44148],[-158.02832,21.4394],[-158.02874,21.43418],[-158.03018,21.4308],[-158.02981,21.42805],[-158.02675,21.42625],[-158.01305,21.42815],[-158.01132,21.42696],[-158.01124,21.42693],[-158.01112,21.427],[-158.0104,21.42718],[-158.00938,21.42769],[-158.0079,21.43096],[-158.00749,21.43499],[-158.00655,21.43445],[-158.00632,21.43209],[-158.0039,21.43091],[-158.00268,21.42949],[-158.00195,21.42749],[-158.00178,21.42726],[-158,21.42824],[-157.99642,21.42893]]]},"properties":{"dp":"37-02","county":"OAHU","ballottype":"CD1-H37-S18-CC8","us_house":"CD1","state_hous":"H37","state_sena":"S18","county_cou":"CC8"}},{"type":"Feature","geometry":{"type":"Polygon","coordinates":[[[-157.87495,21.45634],[-157.87475,21.45837],[-157.87603,21.45978],[-157.87622,21.46091],[-157.87985,21.46032],[-157.8822,21.46059],[-157.88281,21.46143],[-157.88504,21.46189],[-157.8872,21.46358],[-157.88775,21.46685],[-157.88931,21.46859],[-157.89069,21.47227],[-157.89003,21.4754],[-157.8892,21.47671],[-157.89044,21.47898],[-157.89094,21.48209],[-157.89035,21.48394],[-157.89333,21.48182],[-157.89654,21.48156],[-157.89842,21.48011],[-157.90104,21.47878],[-157.90251,21.47927],[-157.90414,21.47882],[-157.90535,21.47955],[-157.90718,21.47965],[-157.90818,21.47829],[-157.90918,21.47582],[-157.91176,21.47448],[-157.91333,21.47599],[-157.92018,21.47303],[-157.92287,21.47357],[-157.9238,21.47205],[-157.92549,21.47105],[-157.92701,21.473],[-157.92851,21.47207],[-157.93043,21.47274],[-157.93194,21.47066],[-157.93532,21.47151],[-157.93662,21.47248],[-157.93922,21.47225],[-157.94075,21.47146],[-157.94312,21.47122],[-157.94378,21.4698],[-157.94673,21.46931],[-157.94785,21.47004],[-157.95106,21.46909],[-157.95228,21.46933],[-157.95517,21.46811],[-157.95883,21.46704],[-157.96235,21.46803],[-157.96311,21.46636],[-157.96447,21.46642],[-157.96481,21.4681],[-157.96654,21.467],[-157.96899,21.46833],[-157.97232,21.46861],[-157.97369,21.46941],[-157.97717,21.46742],[-157.97917,21.46421],[-157.98146,21.46416],[-157.98495,21.4634],[-157.98602,21.46248],[-157.98625,21.46122],[-157.98857,21.46141],[-157.98884,21.45953],[-157.99202,21.46044],[-157.99282,21.45849],[-157.9944,21.45998],[-157.99199,21.46228],[-157.99208,21.46419],[-157.9899,21.4656],[-157.99057,21.46663],[-157.98838,21.46865],[-157.9906,21.47143],[-157.99328,21.47051],[-157.9947,21.47071],[-157.99673,21.46894],[-157.99844,21.46908],[-158.00027,21.46803],[-158.00404,21.46528],[-158.00591,21.46391],[-158.00715,21.46216],[-158.00772,21.45411],[-158.00841,21.45278],[-158.01083,21.45143],[-158.01336,21.45134],[-158.01552,21.45075],[-158.01286,21.45009],[-158.01153,21.45078],[-158.01022,21.44744],[-158.00807,21.4468],[-158.0054,21.44812],[-158.0043,21.44805],[-158.00236,21.44895],[-158.00056,21.45108],[-157.9945,21.4504],[-157.99266,21.44888],[-157.99089,21.44843],[-157.9917,21.44568],[-157.994,21.44159],[-157.9952,21.43649],[-157.99663,21.43362],[-157.99695,21.43139],[-157.99642,21.42893],[-157.99539,21.42482],[-157.99423,21.42199],[-157.99334,21.4174],[-157.99182,21.4149],[-157.98979,21.41212],[-157.98909,21.40686],[-157.98821,21.40397],[-157.98659,21.40388],[-157.98377,21.40457],[-157.98226,21.40425],[-157.97862,21.40676],[-157.9795,21.40739],[-157.97841,21.41059],[-157.97682,21.41197],[-157.97367,21.41308],[-157.97042,21.41556],[-157.96987,21.41678],[-157.96968,21.41905],[-157.96806,21.42007],[-157.96643,21.41944],[-157.96559,21.42131],[-157.96429,21.4219],[-157.96589,21.42377],[-157.96499,21.4255],[-157.96154,21.42998],[-157.95877,21.43107],[-157.95612,21.43313],[-157.95453,21.43367],[-157.95038,21.43399],[-157.94321,21.43367],[-157.93854,21.43467],[-157.93754,21.4363],[-157.93772,21.43733],[-157.93552,21.4386],[-157.93483,21.43995],[-157.9333,21.44055],[-157.93241,21.44015],[-157.92979,21.4409],[-157.92762,21.44246],[-157.92463,21.44325],[-157.92274,21.44446],[-157.91923,21.44528],[-157.91896,21.44599],[-157.91679,21.44653],[-157.91298,21.44642],[-157.9124,21.44604],[-157.90825,21.44757],[-157.90569,21.44734],[-157.90416,21.44948],[-157.89879,21.4505],[-157.89647,21.45007],[-157.89287,21.45045],[-157.89113,21.451],[-157.8901,21.45204],[-157.88848,21.45263],[-157.8857,21.45277],[-157.87495,21.45634]]]},"properties":{"dp":"37-03","county":"OAHU","ballottype":"CD1-H37-S17-CC8","us_house":"CD1","state_hous":"H37","state_sena":"S17","county_cou":"CC8"}},{"type":"Feature","geometry":{"type":"Polygon","coordinates":[[[-157.99986,21.41049],[-158.00575,21.41943],[-158.00678,21.41885],[-158.00785,21.41707],[-158.00777,21.41519],[-158.0064,21.41382],[-158.00684,21.41181],[-158.00433,21.4109],[-158.00324,21.40896],[-158.00186,21.40896],[-158.00089,21.40975],[-157.99926,21.40957],[-157.99986,21.41049]]]},"properties":{"dp":"37-04","county":"OAHU","ballottype":"CD1-H37-S18-CC2","us_house":"CD1","state_hous":"H37","state_sena":"S18","county_cou":"CC2"}},{"type":"Feature","geometry":{"type":"Polygon","coordinates":[[[-158.01552,21.45075],[-158.01832,21.4503],[-158.02069,21.4491],[-158.02242,21.44773],[-158.02425,21.44745],[-158.02517,21.44926],[-158.02683,21.45004],[-158.02766,21.44917],[-158.02671,21.44609],[-158.02687,21.44403],[-158.02544,21.44297],[-158.02554,21.44096],[-158.02357,21.44108],[-158.02344,21.44259],[-158.02152,21.443],[-158.01989,21.44221],[-158.01903,21.44344],[-158.01582,21.44321],[-158.0134,21.44386],[-158.01552,21.45075]]]},"properties":{"dp":"38-01","county":"OAHU","ballottype":"CD1-H38-S18-CC8","us_house":"CD1","state_hous":"H38","state_sena":"S18","county_cou":"CC8"}},{"type":"Feature","geometry":{"type":"Polygon","coordinates":[[[-158.02766,21.44917],[-158.02683,21.45004],[-158.02517,21.44926],[-158.02425,21.44745],[-158.02242,21.44773],[-158.02069,21.4491],[-158.01832,21.4503],[-158.01552,21.45075],[-158.01336,21.45134],[-158.01083,21.45143],[-158.00841,21.45278],[-158.00772,21.45411],[-158.00715,21.46216],[-158.00591,21.46391],[-158.00404,21.46528],[-158.00884,21.47087],[-158.01102,21.46964],[-158.01311,21.46937],[-158.01051,21.46656],[-158.01222,21.46406],[-158.01704,21.46108],[-158.01951,21.46057],[-158.02229,21.46091],[-158.02347,21.46243],[-158.02375,21.45934],[-158.02713,21.45515],[-158.02913,21.45175],[-158.02897,21.44922],[-158.02766,21.44917]]]},"properties":{"dp":"38-02","county":"OAHU","ballottype":"CD1-H38-S17-CC8","us_house":"CD1","state_hous":"H38","state_sena":"S17","county_cou":"CC8"}},{"type":"Feature","geometry":{"type":"Polygon","coordinates":[[[-157.9906,21.47143],[-157.99007,21.4736],[-157.98943,21.47405],[-157.99259,21.47631],[-157.99657,21.47972],[-157.99824,21.48266],[-157.99882,21.48407],[-158.00115,21.48196],[-158.00241,21.48283],[-158.00427,21.47925],[-158.00764,21.47734],[-158.00988,21.47731],[-158.01176,21.47577],[-158.01458,21.47529],[-158.0152,21.47431],[-158.01414,21.4739],[-158.01139,21.47289],[-158.00884,21.47087],[-158.00404,21.46528],[-158.00027,21.46803],[-157.99844,21.46908],[-157.99673,21.46894],[-157.9947,21.47071],[-157.99328,21.47051],[-157.9906,21.47143]]]},"properties":{"dp":"38-03","county":"OAHU","ballottype":"CD1-H38-S17-CC8","us_house":"CD1","state_hous":"H38","state_sena":"S17","county_cou":"CC8"}},{"type":"Feature","geometry":{"type":"Polygon","coordinates":[[[-157.89035,21.48394],[-157.89173,21.48671],[-157.89157,21.4883],[-157.89223,21.48979],[-157.89205,21.49291],[-157.89427,21.49586],[-157.89495,21.49812],[-157.89625,21.49996],[-157.89624,21.50157],[-157.90125,21.50154],[-157.90423,21.50019],[-157.90469,21.49901],[-157.90591,21.4987],[-157.90802,21.49907],[-157.91406,21.49821],[-157.91583,21.49835],[-157.91769,21.49722],[-157.91998,21.49769],[-157.92593,21.49726],[-157.92816,21.49593],[-157.92953,21.49582],[-157.93444,21.49705],[-157.9407,21.49655],[-157.94253,21.49526],[-157.9454,21.49443],[-157.94827,21.49501],[-157.95303,21.49392],[-157.95623,21.4924],[-157.95947,21.49149],[-157.96017,21.49039],[-157.96237,21.48961],[-157.96484,21.48925],[-157.96859,21.48709],[-157.97049,21.48763],[-157.97219,21.48713],[-157.97555,21.48783],[-157.97811,21.48727],[-157.98037,21.48755],[-157.98375,21.48724],[-157.98458,21.48523],[-157.98585,21.48617],[-157.9889,21.48543],[-157.98959,21.48441],[-157.9911,21.48623],[-157.99232,21.48577],[-157.99338,21.48425],[-157.99675,21.48263],[-157.99824,21.48266],[-157.99657,21.47972],[-157.99259,21.47631],[-157.98943,21.47405],[-157.99007,21.4736],[-157.9906,21.47143],[-157.98838,21.46865],[-157.99057,21.46663],[-157.9899,21.4656],[-157.99208,21.46419],[-157.99199,21.46228],[-157.9944,21.45998],[-157.99282,21.45849],[-157.99202,21.46044],[-157.98884,21.45953],[-157.98857,21.46141],[-157.98625,21.46122],[-157.98602,21.46248],[-157.98495,21.4634],[-157.98146,21.46416],[-157.97917,21.46421],[-157.97717,21.46742],[-157.97369,21.46941],[-157.97232,21.46861],[-157.96899,21.46833],[-157.96654,21.467],[-157.96481,21.4681],[-157.96447,21.46642],[-157.96311,21.46636],[-157.96235,21.46803],[-157.95883,21.46704],[-157.95517,21.46811],[-157.95228,21.46933],[-157.95106,21.46909],[-157.94785,21.47004],[-157.94673,21.46931],[-157.94378,21.4698],[-157.94312,21.47122],[-157.94075,21.47146],[-157.93922,21.47225],[-157.93662,21.47248],[-157.93532,21.47151],[-157.93194,21.47066],[-157.93043,21.47274],[-157.92851,21.47207],[-157.92701,21.473],[-157.92549,21.47105],[-157.9238,21.47205],[-157.92287,21.47357],[-157.92018,21.47303],[-157.91333,21.47599],[-157.91176,21.47448],[-157.90918,21.47582],[-157.90818,21.47829],[-157.90718,21.47965],[-157.90535,21.47955],[-157.90414,21.47882],[-157.90251,21.47927],[-157.90104,21.47878],[-157.89842,21.48011],[-157.89654,21.48156],[-157.89333,21.48182],[-157.89035,21.48394]]]},"properties":{"dp":"38-04","county":"OAHU","ballottype":"CD1-H38-S17-CC8","us_house":"CD1","state_hous":"H38","state_sena":"S17","county_cou":"CC8"}},{"type":"Feature","geometry":{"type":"Polygon","coordinates":[[[-158.00684,21.41181],[-158.0064,21.41382],[-158.00777,21.41519],[-158.00785,21.41707],[-158.00678,21.41885],[-158.00575,21.41943],[-158.00775,21.42267],[-158.00858,21.42557],[-158.01059,21.42664],[-158.01124,21.42693],[-158.01132,21.42696],[-158.01305,21.42815],[-158.02675,21.42625],[-158.02609,21.42476],[-158.02745,21.42445],[-158.02865,21.42297],[-158.02828,21.42066],[-158.03103,21.4204],[-158.03045,21.41924],[-158.02746,21.4184],[-158.02655,21.41615],[-158.02746,21.4138],[-158.02642,21.41227],[-158.02441,21.41109],[-158.02285,21.40852],[-158.0209,21.40801],[-158.02105,21.40602],[-158.01819,21.40118],[-158.01789,21.39918],[-158.01972,21.39708],[-158.0201,21.39568],[-158.01944,21.39396],[-158.01921,21.39031],[-158.01497,21.39179],[-158.01327,21.393],[-158.00957,21.39615],[-158.01004,21.39833],[-158.00932,21.40102],[-158.01147,21.40091],[-158.0113,21.40362],[-158.01255,21.40425],[-158.01178,21.40613],[-158.0122,21.40868],[-158.01109,21.40916],[-158.01004,21.4121],[-158.00829,21.41138],[-158.00684,21.41181]]]},"properties":{"dp":"39-01","county":"OAHU","ballottype":"CD1-H39-S18-CC2","us_house":"CD1","state_hous":"H39","state_sena":"S18","county_cou":"CC2"}},{"type":"Feature","geometry":{"type":"Polygon","coordinates":[[[-158.01921,21.39031],[-158.01944,21.39396],[-158.0201,21.39568],[-158.01972,21.39708],[-158.01789,21.39918],[-158.01819,21.40118],[-158.02105,21.40602],[-158.0209,21.40801],[-158.02285,21.40852],[-158.02441,21.41109],[-158.02642,21.41227],[-158.02746,21.4138],[-158.02655,21.41615],[-158.02746,21.4184],[-158.03045,21.41924],[-158.03103,21.4204],[-158.02828,21.42066],[-158.02865,21.42297],[-158.02745,21.42445],[-158.03224,21.42746],[-158.03477,21.42631],[-158.03665,21.42625],[-158.03686,21.42775],[-158.03816,21.42748],[-158.03971,21.42794],[-158.04156,21.43037],[-158.04251,21.42932],[-158.0435,21.43044],[-158.04486,21.43064],[-158.04721,21.43227],[-158.0498,21.43188],[-158.05223,21.43259],[-158.05276,21.43325],[-158.05479,21.43294],[-158.05534,21.43415],[-158.05804,21.43482],[-158.05963,21.43944],[-158.05972,21.44188],[-158.06123,21.44201],[-158.06347,21.44294],[-158.06606,21.44501],[-158.06827,21.44558],[-158.07089,21.44569],[-158.07426,21.44711],[-158.07537,21.44828],[-158.07549,21.44946],[-158.07786,21.45011],[-158.07905,21.45122],[-158.08305,21.45252],[-158.08612,21.45276],[-158.08808,21.4538],[-158.08995,21.45399],[-158.09335,21.45301],[-158.09382,21.44909],[-158.09516,21.44712],[-158.09603,21.4433],[-158.09735,21.44014],[-158.09532,21.43822],[-158.09352,21.43749],[-158.09036,21.43543],[-158.0896,21.43374],[-158.09015,21.431],[-158.09024,21.4274],[-158.09174,21.42616],[-158.09248,21.42449],[-158.09406,21.42261],[-158.09787,21.41948],[-158.09906,21.41883],[-158.09997,21.41518],[-158.10115,21.41355],[-158.09863,21.41015],[-158.09875,21.40908],[-158.09805,21.40632],[-158.09835,21.40525],[-158.09785,21.40296],[-158.0978,21.40077],[-158.09965,21.40026],[-158.10005,21.39926],[-158.09997,21.39813],[-158.10058,21.39596],[-158.10051,21.39347],[-158.09691,21.39096],[-158.09708,21.38849],[-158.09845,21.3869],[-158.09744,21.38538],[-158.09631,21.38478],[-158.09632,21.38321],[-158.09535,21.38129],[-158.09259,21.37829],[-158.0917,21.37824],[-158.09067,21.37625],[-158.08884,21.37535],[-158.08839,21.37388],[-158.08694,21.37351],[-158.0859,21.37402],[-158.08324,21.37397],[-158.08159,21.37281],[-158.0809,21.37116],[-158.07965,21.37043],[-158.07954,21.36878],[-158.07778,21.36809],[-158.07627,21.36845],[-158.07373,21.36832],[-158.07136,21.36886],[-158.06941,21.36732],[-158.06726,21.36742],[-158.06375,21.36886],[-158.06281,21.36844],[-158.06044,21.36935],[-158.05843,21.36938],[-158.05729,21.36884],[-158.05187,21.37368],[-158.04878,21.37561],[-158.04101,21.3787],[-158.03199,21.38373],[-158.02558,21.38733],[-158.02318,21.38868],[-158.01921,21.39031]]]},"properties":{"dp":"39-02","county":"OAHU","ballottype":"CD2-H39-S18-CC2","us_house":"CD2","state_hous":"H39","state_sena":"S18","county_cou":"CC2"}},{"type":"Feature","geometry":{"type":"Polygon","coordinates":[[[-158.02558,21.38733],[-158.03199,21.38373],[-158.0284,21.3792],[-158.02453,21.38139],[-158.0256,21.38243],[-158.02492,21.385],[-158.02558,21.38733]]]},"properties":{"dp":"39-03","county":"OAHU","ballottype":"CD1-H39-S18-CC9","us_house":"CD1","state_hous":"H39","state_sena":"S18","county_cou":"CC9"}},{"type":"Feature","geometry":{"type":"Polygon","coordinates":[[[-158.02223,21.38262],[-158.02453,21.38139],[-158.0284,21.3792],[-158.02654,21.37587],[-158.02596,21.37353],[-158.02593,21.37115],[-158.02641,21.36625],[-158.02683,21.36461],[-158.02508,21.36313],[-158.02261,21.36336],[-158.02125,21.36395],[-158.02178,21.36461],[-158.02018,21.36594],[-158.01811,21.36522],[-158.0183,21.3668],[-158.01992,21.36883],[-158.02101,21.37167],[-158.02071,21.37363],[-158.01959,21.37396],[-158.0174,21.37342],[-158.0174,21.3751],[-158.01818,21.37453],[-158.02026,21.37812],[-158.01882,21.37884],[-158.02023,21.38084],[-158.0197,21.38133],[-158.02095,21.38325],[-158.02223,21.38262]]]},"properties":{"dp":"39-04","county":"OAHU","ballottype":"CD1-H39-S19-CC9","us_house":"CD1","state_hous":"H39","state_sena":"S19","county_cou":"CC9"}},{"type":"Feature","geometry":{"type":"Polygon","coordinates":[[[-158.02683,21.36461],[-158.02919,21.36041],[-158.02813,21.3567],[-158.02536,21.35804],[-158.02445,21.35665],[-158.02421,21.35511],[-158.02215,21.35434],[-158.02155,21.3586],[-158.02303,21.36174],[-158.02147,21.36269],[-158.02125,21.36395],[-158.02261,21.36336],[-158.02508,21.36313],[-158.02683,21.36461]]]},"properties":{"dp":"39-05","county":"OAHU","ballottype":"CD1-H39-S20-CC9","us_house":"CD1","state_hous":"H39","state_sena":"S20","county_cou":"CC9"}},{"type":"Feature","geometry":{"type":"Polygon","coordinates":[[[-158.05729,21.36884],[-158.05592,21.36765],[-158.0555,21.36473],[-158.05422,21.36361],[-158.05316,21.36101],[-158.04804,21.35782],[-158.04608,21.35576],[-158.04422,21.35697],[-158.04167,21.35445],[-158.04019,21.35547],[-158.03834,21.35391],[-158.03699,21.35213],[-158.03876,21.35055],[-158.03704,21.34919],[-158.03419,21.35138],[-158.03012,21.35293],[-158.02833,21.35334],[-158.02954,21.35798],[-158.02919,21.36041],[-158.02683,21.36461],[-158.02641,21.36625],[-158.02593,21.37115],[-158.02596,21.37353],[-158.02654,21.37587],[-158.0284,21.3792],[-158.03199,21.38373],[-158.04101,21.3787],[-158.04878,21.37561],[-158.05187,21.37368],[-158.05729,21.36884]]]},"properties":{"dp":"39-06","county":"OAHU","ballottype":"CD1-H39-S19-CC1","us_house":"CD1","state_hous":"H39","state_sena":"S19","county_cou":"CC1"}},{"type":"Feature","geometry":{"type":"Polygon","coordinates":[[[-158.02919,21.36041],[-158.02954,21.35798],[-158.02833,21.35334],[-158.0267,21.34738],[-158.02512,21.34149],[-158.02295,21.33368],[-158.01968,21.3357],[-158.00882,21.34711],[-158.00647,21.34874],[-158.00175,21.34099],[-157.99418,21.33564],[-157.99036,21.33354],[-157.99251,21.33123],[-157.98647,21.32629],[-157.98497,21.32647],[-157.97738,21.3291],[-157.97303,21.3293],[-157.97277,21.32821],[-157.97204,21.32922],[-157.9726,21.3315],[-157.97318,21.33172],[-157.97322,21.33432],[-157.97272,21.33564],[-157.9745,21.33773],[-157.97492,21.33932],[-157.97593,21.33974],[-157.97799,21.34329],[-157.97973,21.34474],[-157.98185,21.34849],[-157.98615,21.34899],[-157.99085,21.34875],[-157.9922,21.34846],[-157.99303,21.35037],[-157.99357,21.35322],[-157.99647,21.35389],[-158.0007,21.35209],[-158.0024,21.3521],[-158.00505,21.35453],[-158.00658,21.35474],[-158.00698,21.35632],[-158.00825,21.35699],[-158.00958,21.35553],[-158.01277,21.35621],[-158.0145,21.35795],[-158.0166,21.35683],[-158.02155,21.3586],[-158.02215,21.35434],[-158.02421,21.35511],[-158.02445,21.35665],[-158.02536,21.35804],[-158.02813,21.3567],[-158.02919,21.36041]]]},"properties":{"dp":"40-01","county":"OAHU","ballottype":"CD1-H40-S20-CC9","us_house":"CD1","state_hous":"H40","state_sena":"S20","county_cou":"CC9"}},{"type":"Feature","geometry":{"type":"Polygon","coordinates":[[[-158.02295,21.33368],[-158.02162,21.33084],[-158.01709,21.32348],[-158.01342,21.32364],[-158.00845,21.32457],[-158.00584,21.3243],[-158.00365,21.3266],[-158.0038,21.32714],[-157.99941,21.33182],[-157.9965,21.33192],[-157.99251,21.33276],[-157.99036,21.33354],[-157.99418,21.33564],[-158.00175,21.34099],[-158.00647,21.34874],[-158.00882,21.34711],[-158.01968,21.3357],[-158.02295,21.33368]]]},"properties":{"dp":"40-02","county":"OAHU","ballottype":"CD1-H40-S20-CC9","us_house":"CD1","state_hous":"H40","state_sena":"S20","county_cou":"CC9"}},{"type":"Feature","geometry":{"type":"Polygon","coordinates":[[[-157.99036,21.33354],[-157.99251,21.33276],[-157.9965,21.33192],[-157.99941,21.33182],[-158.0038,21.32714],[-158.00365,21.3266],[-158.00584,21.3243],[-158.00845,21.32457],[-158.01342,21.32364],[-158.01709,21.32348],[-158.01346,21.31748],[-158.01008,21.31238],[-157.99251,21.33123],[-157.99036,21.33354]]]},"properties":{"dp":"40-03","county":"OAHU","ballottype":"CD1-H40-S20-CC9","us_house":"CD1","state_hous":"H40","state_sena":"S20","county_cou":"CC9"}},{"type":"Feature","geometry":{"type":"Polygon","coordinates":[[[-157.99251,21.33123],[-158.01008,21.31238],[-158.0079,21.31163],[-158.00588,21.31206],[-158.00545,21.3104],[-157.99829,21.31196],[-157.9884,21.31442],[-157.98192,21.31588],[-157.9783,21.31609],[-157.9769,21.31712],[-157.97093,21.32252],[-157.97056,21.32708],[-157.9723,21.32834],[-157.97375,21.32499],[-157.97666,21.32316],[-157.978,21.32125],[-157.97934,21.3216],[-157.97673,21.32415],[-157.97499,21.32664],[-157.97277,21.32821],[-157.97303,21.3293],[-157.97738,21.3291],[-157.98497,21.32647],[-157.98647,21.32629],[-157.99251,21.33123]]]},"properties":{"dp":"40-04","county":"OAHU","ballottype":"CD1-H40-S20-CC9","us_house":"CD1","state_hous":"H40","state_sena":"S20","county_cou":"CC9"}},{"type":"Feature","geometry":{"type":"Polygon","coordinates":[[[-158.02512,21.34149],[-158.02828,21.34033],[-158.02733,21.33911],[-158.02901,21.33827],[-158.03089,21.33664],[-158.02957,21.33532],[-158.02823,21.33175],[-158.02734,21.32804],[-158.02529,21.32256],[-158.0293,21.32107],[-158.02834,21.3191],[-158.0282,21.31628],[-158.02992,21.31289],[-158.02992,21.31095],[-158.02903,21.3097],[-158.02756,21.30599],[-158.02226,21.30607],[-158.0138,21.30826],[-158.01248,21.30901],[-158.00545,21.3104],[-158.00588,21.31206],[-158.0079,21.31163],[-158.01008,21.31238],[-158.01346,21.31748],[-158.01709,21.32348],[-158.02162,21.33084],[-158.02295,21.33368],[-158.02512,21.34149]]]},"properties":{"dp":"41-01","county":"OAHU","ballottype":"CD1-H41-S20-CC9","us_house":"CD1","state_hous":"H41","state_sena":"S20","county_cou":"CC9"}},{"type":"Feature","geometry":{"type":"Polygon","coordinates":[[[-158.02823,21.33175],[-158.03788,21.32825],[-158.03959,21.32811],[-158.0376,21.32617],[-158.03408,21.31944],[-158.03401,21.31868],[-158.044,21.31404],[-158.04486,21.31353],[-158.04466,21.30772],[-158.04434,21.30359],[-158.03658,21.30453],[-158.03456,21.30412],[-158.03256,21.3042],[-158.02756,21.30599],[-158.02903,21.3097],[-158.02992,21.31095],[-158.02992,21.31289],[-158.0282,21.31628],[-158.02834,21.3191],[-158.0293,21.32107],[-158.02529,21.32256],[-158.02734,21.32804],[-158.02823,21.33175]]]},"properties":{"dp":"41-02","county":"OAHU","ballottype":"CD1-H41-S20-CC1","us_house":"CD1","state_hous":"H41","state_sena":"S20","county_cou":"CC1"}},{"type":"Feature","geometry":{"type":"Polygon","coordinates":[[[-158.03089,21.33664],[-158.03226,21.33729],[-158.03513,21.33735],[-158.03649,21.3367],[-158.03842,21.33504],[-158.04092,21.33513],[-158.04342,21.3337],[-158.04866,21.33186],[-158.05418,21.32986],[-158.06811,21.3251],[-158.0682,21.3252],[-158.07247,21.32372],[-158.07563,21.32323],[-158.0774,21.32338],[-158.08869,21.32626],[-158.0878,21.32173],[-158.08828,21.31886],[-158.08808,21.31377],[-158.08705,21.30119],[-158.08598,21.29566],[-158.08213,21.29759],[-158.07771,21.29851],[-158.07252,21.29832],[-158.06773,21.29963],[-158.06468,21.29959],[-158.05314,21.30086],[-158.05125,21.30084],[-158.0491,21.30146],[-158.04434,21.30359],[-158.04466,21.30772],[-158.04486,21.31353],[-158.044,21.31404],[-158.03401,21.31868],[-158.03408,21.31944],[-158.0376,21.32617],[-158.03959,21.32811],[-158.03788,21.32825],[-158.02823,21.33175],[-158.02957,21.33532],[-158.03089,21.33664]]]},"properties":{"dp":"41-03","county":"OAHU","ballottype":"CD1-H41-S21-CC1","us_house":"CD1","state_hous":"H41","state_sena":"S21","county_cou":"CC1"}},{"type":"Feature","geometry":{"type":"Polygon","coordinates":[[[-158.08869,21.32626],[-158.09077,21.32683],[-158.09858,21.32873],[-158.11311,21.33246],[-158.11468,21.33317],[-158.11304,21.33096],[-158.11495,21.32964],[-158.11694,21.32949],[-158.11731,21.32944],[-158.12057,21.32544],[-158.12017,21.32527],[-158.11793,21.32805],[-158.11614,21.32863],[-158.11455,21.32786],[-158.11177,21.32463],[-158.11586,21.32042],[-158.11871,21.32211],[-158.12047,21.32153],[-158.11883,21.31388],[-158.11801,21.3121],[-158.11401,21.30498],[-158.11338,21.30322],[-158.11085,21.29947],[-158.10587,21.29605],[-158.10248,21.29562],[-158.10121,21.29512],[-158.09451,21.2953],[-158.0912,21.29571],[-158.08598,21.29566],[-158.08705,21.30119],[-158.08808,21.31377],[-158.08828,21.31886],[-158.0878,21.32173],[-158.08869,21.32626]]]},"properties":{"dp":"41-04","county":"OAHU","ballottype":"CD2-H41-S21-CC1","us_house":"CD2","state_hous":"H41","state_sena":"S21","county_cou":"CC1"}},{"type":"Feature","geometry":{"type":"Polygon","coordinates":[[[-158.11468,21.33317],[-158.11646,21.33458],[-158.12365,21.34155],[-158.12662,21.34427],[-158.12384,21.34623],[-158.1294,21.34923],[-158.12873,21.34695],[-158.12914,21.34611],[-158.12849,21.34274],[-158.12783,21.34173],[-158.12713,21.33911],[-158.12461,21.33772],[-158.12562,21.33653],[-158.12357,21.33502],[-158.12413,21.33325],[-158.12244,21.33206],[-158.12362,21.3311],[-158.12317,21.32885],[-158.12208,21.32849],[-158.12325,21.32671],[-158.12167,21.32617],[-158.12036,21.32679],[-158.12095,21.32924],[-158.11692,21.33037],[-158.11694,21.32949],[-158.11495,21.32964],[-158.11304,21.33096],[-158.11468,21.33317]]]},"properties":{"dp":"41-05","county":"OAHU","ballottype":"CD2-H41-S22-CC1","us_house":"CD2","state_hous":"H41","state_sena":"S22","county_cou":"CC1"}},{"type":"Feature","geometry":{"type":"Polygon","coordinates":[[[-158.03704,21.34919],[-158.04386,21.34288],[-158.05278,21.33927],[-158.05103,21.33584],[-158.04866,21.33186],[-158.04342,21.3337],[-158.04092,21.33513],[-158.03842,21.33504],[-158.03649,21.3367],[-158.03513,21.33735],[-158.03226,21.33729],[-158.03175,21.33854],[-158.02828,21.34033],[-158.03027,21.34318],[-158.0267,21.34738],[-158.02833,21.35334],[-158.03012,21.35293],[-158.03419,21.35138],[-158.03704,21.34919]]]},"properties":{"dp":"42-02","county":"OAHU","ballottype":"CD1-H42-S21-CC9","us_house":"CD1","state_hous":"H42","state_sena":"S21","county_cou":"CC9"}},{"type":"Feature","geometry":{"type":"Polygon","coordinates":[[[-158.03876,21.35055],[-158.04552,21.35592],[-158.04608,21.35576],[-158.04804,21.35782],[-158.05316,21.36101],[-158.05535,21.36203],[-158.05733,21.36007],[-158.06058,21.35748],[-158.06232,21.35373],[-158.06454,21.34957],[-158.06853,21.34543],[-158.07266,21.34208],[-158.07124,21.34045],[-158.06798,21.33848],[-158.06692,21.33593],[-158.06858,21.33501],[-158.06979,21.33372],[-158.07114,21.33335],[-158.07082,21.33209],[-158.06924,21.33113],[-158.06931,21.32995],[-158.07169,21.32953],[-158.07077,21.32799],[-158.0682,21.3252],[-158.06811,21.3251],[-158.05418,21.32986],[-158.04866,21.33186],[-158.05103,21.33584],[-158.05278,21.33927],[-158.04386,21.34288],[-158.03704,21.34919],[-158.03876,21.35055]]]},"properties":{"dp":"42-03","county":"OAHU","ballottype":"CD1-H42-S21-CC1","us_house":"CD1","state_hous":"H42","state_sena":"S21","county_cou":"CC1"}},{"type":"Feature","geometry":{"type":"Polygon","coordinates":[[[-158.04608,21.35576],[-158.04552,21.35592],[-158.03876,21.35055],[-158.03699,21.35213],[-158.03834,21.35391],[-158.04019,21.35547],[-158.04167,21.35445],[-158.04422,21.35697],[-158.04608,21.35576]]]},"properties":{"dp":"42-04","county":"OAHU","ballottype":"CD1-H42-S19-CC1","us_house":"CD1","state_hous":"H42","state_sena":"S19","county_cou":"CC1"}},{"type":"Feature","geometry":{"type":"Polygon","coordinates":[[[-158.05729,21.36884],[-158.06138,21.36518],[-158.06304,21.36249],[-158.06412,21.35722],[-158.065,21.35488],[-158.06758,21.35136],[-158.07767,21.34202],[-158.08034,21.33936],[-158.08459,21.33434],[-158.08568,21.33333],[-158.08775,21.33231],[-158.08953,21.33209],[-158.09002,21.32835],[-158.09077,21.32683],[-158.08869,21.32626],[-158.0774,21.32338],[-158.07563,21.32323],[-158.07247,21.32372],[-158.0682,21.3252],[-158.07077,21.32799],[-158.07169,21.32953],[-158.06931,21.32995],[-158.06924,21.33113],[-158.07082,21.33209],[-158.07114,21.33335],[-158.06979,21.33372],[-158.06858,21.33501],[-158.06692,21.33593],[-158.06798,21.33848],[-158.07124,21.34045],[-158.07266,21.34208],[-158.06853,21.34543],[-158.06454,21.34957],[-158.06232,21.35373],[-158.06058,21.35748],[-158.05733,21.36007],[-158.05535,21.36203],[-158.05316,21.36101],[-158.05422,21.36361],[-158.0555,21.36473],[-158.05592,21.36765],[-158.05729,21.36884]]]},"properties":{"dp":"43-01","county":"OAHU","ballottype":"CD1-H43-S21-CC1","us_house":"CD1","state_hous":"H43","state_sena":"S21","county_cou":"CC1"}},{"type":"Feature","geometry":{"type":"Polygon","coordinates":[[[-158.09077,21.32683],[-158.09002,21.32835],[-158.08953,21.33209],[-158.08775,21.33231],[-158.08568,21.33333],[-158.08459,21.33434],[-158.08034,21.33936],[-158.07767,21.34202],[-158.07979,21.34446],[-158.0808,21.34671],[-158.08266,21.34824],[-158.08563,21.34843],[-158.08795,21.34969],[-158.08805,21.35212],[-158.08992,21.35302],[-158.09119,21.35421],[-158.0933,21.34826],[-158.0943,21.34728],[-158.09475,21.34321],[-158.09878,21.34038],[-158.10081,21.34092],[-158.10418,21.34106],[-158.10087,21.3392],[-158.09948,21.33775],[-158.09618,21.33612],[-158.09533,21.33508],[-158.09678,21.33281],[-158.09858,21.32873],[-158.09077,21.32683]]]},"properties":{"dp":"43-02","county":"OAHU","ballottype":"CD2-H43-S21-CC1","us_house":"CD2","state_hous":"H43","state_sena":"S21","county_cou":"CC1"}},{"type":"Feature","geometry":{"type":"Polygon","coordinates":[[[-158.07778,21.36809],[-158.07923,21.36733],[-158.07954,21.36595],[-158.08199,21.36553],[-158.08381,21.3672],[-158.08566,21.3666],[-158.08591,21.36546],[-158.08482,21.36346],[-158.08477,21.36202],[-158.08659,21.3578],[-158.08708,21.35376],[-158.08805,21.35212],[-158.08795,21.34969],[-158.08563,21.34843],[-158.08266,21.34824],[-158.0808,21.34671],[-158.07979,21.34446],[-158.07767,21.34202],[-158.06758,21.35136],[-158.065,21.35488],[-158.06412,21.35722],[-158.06304,21.36249],[-158.06138,21.36518],[-158.05729,21.36884],[-158.05843,21.36938],[-158.06044,21.36935],[-158.06281,21.36844],[-158.06375,21.36886],[-158.06726,21.36742],[-158.06941,21.36732],[-158.07136,21.36886],[-158.07373,21.36832],[-158.07627,21.36845],[-158.07778,21.36809]]]},"properties":{"dp":"43-03","county":"OAHU","ballottype":"CD2-H43-S21-CC1","us_house":"CD2","state_hous":"H43","state_sena":"S21","county_cou":"CC1"}},{"type":"Feature","geometry":{"type":"Polygon","coordinates":[[[-158.10005,21.39926],[-158.10003,21.39837],[-158.10238,21.39515],[-158.10425,21.39376],[-158.10382,21.392],[-158.104,21.38977],[-158.10354,21.38842],[-158.10501,21.38636],[-158.10786,21.38394],[-158.10856,21.3817],[-158.10981,21.38103],[-158.1111,21.37793],[-158.11331,21.37736],[-158.11248,21.37508],[-158.11051,21.37459],[-158.10794,21.37553],[-158.10787,21.37438],[-158.10881,21.37347],[-158.10945,21.37019],[-158.11119,21.36902],[-158.11331,21.36539],[-158.11483,21.36388],[-158.11431,21.36289],[-158.11075,21.3648],[-158.11125,21.36566],[-158.11099,21.36783],[-158.11,21.36828],[-158.10872,21.3673],[-158.10761,21.36873],[-158.10613,21.36808],[-158.10427,21.36797],[-158.10291,21.36925],[-158.10014,21.36805],[-158.09897,21.36543],[-158.09786,21.3638],[-158.09795,21.36108],[-158.09864,21.35846],[-158.09878,21.35637],[-158.09953,21.35455],[-158.10091,21.35309],[-158.10201,21.34995],[-158.10161,21.34865],[-158.10222,21.34685],[-158.1019,21.34459],[-158.10086,21.34222],[-158.10081,21.34092],[-158.09878,21.34038],[-158.09475,21.34321],[-158.0943,21.34728],[-158.0933,21.34826],[-158.09119,21.35421],[-158.08992,21.35302],[-158.08805,21.35212],[-158.08708,21.35376],[-158.08659,21.3578],[-158.08477,21.36202],[-158.08482,21.36346],[-158.08591,21.36546],[-158.08566,21.3666],[-158.08381,21.3672],[-158.08199,21.36553],[-158.07954,21.36595],[-158.07923,21.36733],[-158.07778,21.36809],[-158.07954,21.36878],[-158.07965,21.37043],[-158.0809,21.37116],[-158.08159,21.37281],[-158.08324,21.37397],[-158.0859,21.37402],[-158.08694,21.37351],[-158.08839,21.37388],[-158.08884,21.37535],[-158.09067,21.37625],[-158.0917,21.37824],[-158.09259,21.37829],[-158.09535,21.38129],[-158.09632,21.38321],[-158.09631,21.38478],[-158.09744,21.38538],[-158.09845,21.3869],[-158.09708,21.38849],[-158.09691,21.39096],[-158.10051,21.39347],[-158.10058,21.39596],[-158.09997,21.39813],[-158.10005,21.39926]]]},"properties":{"dp":"43-04","county":"OAHU","ballottype":"CD2-H43-S21-CC1","us_house":"CD2","state_hous":"H43","state_sena":"S21","county_cou":"CC1"}},{"type":"Feature","geometry":{"type":"Polygon","coordinates":[[[-158.09858,21.32873],[-158.09678,21.33281],[-158.09533,21.33508],[-158.09618,21.33612],[-158.09948,21.33775],[-158.10087,21.3392],[-158.10418,21.34106],[-158.11008,21.34224],[-158.11272,21.34373],[-158.11554,21.34403],[-158.11524,21.34027],[-158.11409,21.33738],[-158.11514,21.33675],[-158.11646,21.33458],[-158.11468,21.33317],[-158.11311,21.33246],[-158.09858,21.32873]]]},"properties":{"dp":"44-01","county":"OAHU","ballottype":"CD2-H44-S21-CC1","us_house":"CD2","state_hous":"H44","state_sena":"S21","county_cou":"CC1"}},{"type":"Feature","geometry":{"type":"Polygon","coordinates":[[[-158.10115,21.41355],[-158.10629,21.41361],[-158.10989,21.41422],[-158.11618,21.41421],[-158.11901,21.41373],[-158.12146,21.41293],[-158.12575,21.41065],[-158.12646,21.40701],[-158.12765,21.40513],[-158.12994,21.40319],[-158.13186,21.40221],[-158.13442,21.39634],[-158.13467,21.39516],[-158.13771,21.39236],[-158.14407,21.38763],[-158.14749,21.38365],[-158.14759,21.38262],[-158.14697,21.38202],[-158.14621,21.37941],[-158.14223,21.37678],[-158.14105,21.37502],[-158.14143,21.37259],[-158.13958,21.3722],[-158.13791,21.37076],[-158.1376,21.36907],[-158.13632,21.36922],[-158.13551,21.36709],[-158.1333,21.36285],[-158.13079,21.35646],[-158.13042,21.35385],[-158.13081,21.35305],[-158.1294,21.34923],[-158.12384,21.34623],[-158.12662,21.34427],[-158.12365,21.34155],[-158.11646,21.33458],[-158.11514,21.33675],[-158.11409,21.33738],[-158.11524,21.34027],[-158.11554,21.34403],[-158.11272,21.34373],[-158.11008,21.34224],[-158.10418,21.34106],[-158.10081,21.34092],[-158.10086,21.34222],[-158.1019,21.34459],[-158.10222,21.34685],[-158.10161,21.34865],[-158.10201,21.34995],[-158.10091,21.35309],[-158.09953,21.35455],[-158.09878,21.35637],[-158.09864,21.35846],[-158.09795,21.36108],[-158.09786,21.3638],[-158.09897,21.36543],[-158.10014,21.36805],[-158.10291,21.36925],[-158.10427,21.36797],[-158.10613,21.36808],[-158.10761,21.36873],[-158.10872,21.3673],[-158.11,21.36828],[-158.11099,21.36783],[-158.11125,21.36566],[-158.11075,21.3648],[-158.11431,21.36289],[-158.11483,21.36388],[-158.11331,21.36539],[-158.11119,21.36902],[-158.10945,21.37019],[-158.10881,21.37347],[-158.10787,21.37438],[-158.10794,21.37553],[-158.11051,21.37459],[-158.11248,21.37508],[-158.11331,21.37736],[-158.1111,21.37793],[-158.10981,21.38103],[-158.10856,21.3817],[-158.10786,21.38394],[-158.10501,21.38636],[-158.10354,21.38842],[-158.104,21.38977],[-158.10382,21.392],[-158.10425,21.39376],[-158.10238,21.39515],[-158.10003,21.39837],[-158.10005,21.39926],[-158.09965,21.40026],[-158.0978,21.40077],[-158.09785,21.40296],[-158.09835,21.40525],[-158.09805,21.40632],[-158.09875,21.40908],[-158.09863,21.41015],[-158.10115,21.41355]]]},"properties":{"dp":"44-02","county":"OAHU","ballottype":"CD2-H44-S22-CC1","us_house":"CD2","state_hous":"H44","state_sena":"S22","county_cou":"CC1"}},{"type":"Feature","geometry":{"type":"Polygon","coordinates":[[[-158.13186,21.40221],[-158.13176,21.41326],[-158.13674,21.4181],[-158.13783,21.41446],[-158.14209,21.40903],[-158.14238,21.4062],[-158.14637,21.40917],[-158.15084,21.40348],[-158.15215,21.40472],[-158.156,21.40202],[-158.16098,21.40043],[-158.16778,21.40105],[-158.17086,21.40235],[-158.17379,21.4045],[-158.1771,21.40399],[-158.17694,21.40197],[-158.17509,21.39992],[-158.17317,21.39869],[-158.17088,21.39782],[-158.16764,21.39755],[-158.16405,21.39626],[-158.15896,21.39317],[-158.14943,21.38454],[-158.14759,21.38262],[-158.14749,21.38365],[-158.14407,21.38763],[-158.13771,21.39236],[-158.13467,21.39516],[-158.13442,21.39634],[-158.13186,21.40221]]]},"properties":{"dp":"44-03","county":"OAHU","ballottype":"CD2-H44-S22-CC1","us_house":"CD2","state_hous":"H44","state_sena":"S22","county_cou":"CC1"}},{"type":"Feature","geometry":{"type":"Polygon","coordinates":[[[-158.13674,21.4181],[-158.1387,21.42064],[-158.13861,21.42111],[-158.14721,21.42413],[-158.15624,21.42481],[-158.15914,21.42431],[-158.1601,21.42557],[-158.16324,21.42185],[-158.17399,21.4299],[-158.17579,21.42879],[-158.17929,21.42848],[-158.18065,21.4287],[-158.17952,21.42724],[-158.17945,21.42331],[-158.17837,21.41896],[-158.1787,21.41616],[-158.17731,21.41225],[-158.17723,21.4109],[-158.17852,21.40686],[-158.17799,21.40492],[-158.1771,21.40399],[-158.17379,21.4045],[-158.17086,21.40235],[-158.16778,21.40105],[-158.16098,21.40043],[-158.156,21.40202],[-158.15215,21.40472],[-158.15084,21.40348],[-158.14637,21.40917],[-158.14238,21.4062],[-158.14209,21.40903],[-158.13783,21.41446],[-158.13674,21.4181]]]},"properties":{"dp":"44-04","county":"OAHU","ballottype":"CD2-H44-S22-CC1","us_house":"CD2","state_hous":"H44","state_sena":"S22","county_cou":"CC1"}},{"type":"Feature","geometry":{"type":"Polygon","coordinates":[[[-158.09335,21.45301],[-158.09351,21.45436],[-158.09924,21.45831],[-158.1013,21.46019],[-158.1021,21.46173],[-158.10232,21.46556],[-158.10298,21.46734],[-158.10486,21.46888],[-158.10516,21.47102],[-158.1063,21.4717],[-158.10809,21.47383],[-158.11162,21.47348],[-158.11381,21.47435],[-158.11742,21.47488],[-158.11861,21.47572],[-158.11825,21.47825],[-158.11913,21.47836],[-158.12205,21.48035],[-158.1256,21.47881],[-158.12835,21.47977],[-158.13205,21.48025],[-158.13189,21.48131],[-158.13273,21.48501],[-158.13265,21.48704],[-158.13327,21.48795],[-158.13539,21.48876],[-158.13876,21.49137],[-158.14076,21.49238],[-158.1434,21.49543],[-158.14568,21.4975],[-158.14724,21.49813],[-158.14772,21.49977],[-158.14685,21.50405],[-158.14898,21.50243],[-158.15105,21.50217],[-158.16021,21.50275],[-158.16235,21.50261],[-158.1655,21.50082],[-158.16606,21.50017],[-158.1674,21.4962],[-158.16694,21.49542],[-158.16691,21.4917],[-158.16726,21.49073],[-158.17068,21.488],[-158.17081,21.48496],[-158.17132,21.48306],[-158.17325,21.47993],[-158.17729,21.47608],[-158.17884,21.47531],[-158.18136,21.47217],[-158.18303,21.47063],[-158.18744,21.46721],[-158.19078,21.46409],[-158.19712,21.46249],[-158.19705,21.46167],[-158.19409,21.46088],[-158.19804,21.45493],[-158.19464,21.45663],[-158.19405,21.45647],[-158.18785,21.45171],[-158.19012,21.44895],[-158.18991,21.44871],[-158.18695,21.44941],[-158.18472,21.44936],[-158.1808,21.45077],[-158.18006,21.4475],[-158.17848,21.44783],[-158.17589,21.45029],[-158.17432,21.45098],[-158.17251,21.45097],[-158.17172,21.45245],[-158.17052,21.4504],[-158.16739,21.44952],[-158.17005,21.44525],[-158.17286,21.44029],[-158.17503,21.43913],[-158.17641,21.43665],[-158.17745,21.43596],[-158.18449,21.43448],[-158.185,21.43489],[-158.18858,21.4405],[-158.19001,21.44057],[-158.18804,21.43888],[-158.18686,21.43652],[-158.18498,21.43406],[-158.18418,21.43211],[-158.18196,21.42916],[-158.18065,21.4287],[-158.17929,21.42848],[-158.17579,21.42879],[-158.17399,21.4299],[-158.16324,21.42185],[-158.1601,21.42557],[-158.15914,21.42431],[-158.15624,21.42481],[-158.14721,21.42413],[-158.13861,21.42111],[-158.1387,21.42064],[-158.13674,21.4181],[-158.13176,21.41326],[-158.13186,21.40221],[-158.12994,21.40319],[-158.12765,21.40513],[-158.12646,21.40701],[-158.12575,21.41065],[-158.12146,21.41293],[-158.11901,21.41373],[-158.11618,21.41421],[-158.10989,21.41422],[-158.10629,21.41361],[-158.10115,21.41355],[-158.09997,21.41518],[-158.09906,21.41883],[-158.09787,21.41948],[-158.09406,21.42261],[-158.09248,21.42449],[-158.09174,21.42616],[-158.09024,21.4274],[-158.09015,21.431],[-158.0896,21.43374],[-158.09036,21.43543],[-158.09352,21.43749],[-158.09532,21.43822],[-158.09735,21.44014],[-158.09603,21.4433],[-158.09516,21.44712],[-158.09382,21.44909],[-158.09335,21.45301]]]},"properties":{"dp":"45-01","county":"OAHU","ballottype":"CD2-H45-S22-CC1","us_house":"CD2","state_hous":"H45","state_sena":"S22","county_cou":"CC1"}},{"type":"Feature","geometry":{"type":"Polygon","coordinates":[[[-158.18991,21.44871],[-158.19213,21.4488],[-158.19264,21.44774],[-158.19091,21.44679],[-158.18942,21.44451],[-158.1893,21.44341],[-158.19001,21.44057],[-158.18858,21.4405],[-158.185,21.43489],[-158.18449,21.43448],[-158.17745,21.43596],[-158.17641,21.43665],[-158.17503,21.43913],[-158.17286,21.44029],[-158.17005,21.44525],[-158.16739,21.44952],[-158.17052,21.4504],[-158.17172,21.45245],[-158.17251,21.45097],[-158.17432,21.45098],[-158.17589,21.45029],[-158.17848,21.44783],[-158.18006,21.4475],[-158.1808,21.45077],[-158.18472,21.44936],[-158.18695,21.44941],[-158.18991,21.44871]]]},"properties":{"dp":"45-02","county":"OAHU","ballottype":"CD2-H45-S22-CC1","us_house":"CD2","state_hous":"H45","state_sena":"S22","county_cou":"CC1"}},{"type":"Feature","geometry":{"type":"Polygon","coordinates":[[[-158.1655,21.50082],[-158.16655,21.50572],[-158.1724,21.50554],[-158.17575,21.50778],[-158.17676,21.50711],[-158.17662,21.50598],[-158.17805,21.50559],[-158.17836,21.50419],[-158.18039,21.50099],[-158.18041,21.50009],[-158.18254,21.49961],[-158.18578,21.49627],[-158.18589,21.49462],[-158.18682,21.49342],[-158.18741,21.49127],[-158.18805,21.49071],[-158.19005,21.49079],[-158.19099,21.48863],[-158.19252,21.48805],[-158.19531,21.48632],[-158.19566,21.48488],[-158.19813,21.48242],[-158.19947,21.47981],[-158.20302,21.47873],[-158.20551,21.4768],[-158.20774,21.47572],[-158.20891,21.47657],[-158.21075,21.47599],[-158.20984,21.4738],[-158.20722,21.4721],[-158.20529,21.47232],[-158.20349,21.47115],[-158.20986,21.46649],[-158.21287,21.46405],[-158.21078,21.46213],[-158.20526,21.45954],[-158.20564,21.45903],[-158.20323,21.45753],[-158.2029,21.45379],[-158.20064,21.45324],[-158.20022,21.45185],[-158.19722,21.45066],[-158.19626,21.44873],[-158.19328,21.44852],[-158.19215,21.44906],[-158.19012,21.44895],[-158.18785,21.45171],[-158.19405,21.45647],[-158.19464,21.45663],[-158.19804,21.45493],[-158.19409,21.46088],[-158.19705,21.46167],[-158.19712,21.46249],[-158.19078,21.46409],[-158.18744,21.46721],[-158.18303,21.47063],[-158.18136,21.47217],[-158.17884,21.47531],[-158.17729,21.47608],[-158.17325,21.47993],[-158.17132,21.48306],[-158.17081,21.48496],[-158.17068,21.488],[-158.16726,21.49073],[-158.16691,21.4917],[-158.16694,21.49542],[-158.1674,21.4962],[-158.16606,21.50017],[-158.1655,21.50082]]]},"properties":{"dp":"45-03","county":"OAHU","ballottype":"CD2-H45-S22-CC1","us_house":"CD2","state_hous":"H45","state_sena":"S22","county_cou":"CC1"}},{"type":"Feature","geometry":{"type":"Polygon","coordinates":[[[-158.14685,21.50405],[-158.14638,21.50511],[-158.14391,21.50649],[-158.14245,21.50775],[-158.1449,21.50749],[-158.14672,21.50793],[-158.14974,21.50739],[-158.15086,21.50842],[-158.15322,21.50827],[-158.15737,21.50932],[-158.16018,21.5119],[-158.16312,21.51316],[-158.16479,21.51579],[-158.1682,21.51786],[-158.17156,21.51925],[-158.17373,21.51924],[-158.17545,21.52256],[-158.17544,21.52394],[-158.17679,21.52652],[-158.17652,21.52863],[-158.17747,21.52871],[-158.18031,21.53122],[-158.18091,21.53215],[-158.18319,21.53402],[-158.18558,21.53484],[-158.1867,21.53468],[-158.18785,21.53552],[-158.19016,21.5351],[-158.19193,21.53574],[-158.19273,21.53727],[-158.193,21.53983],[-158.19354,21.54024],[-158.19499,21.54463],[-158.19653,21.54336],[-158.20063,21.5436],[-158.20236,21.54526],[-158.20369,21.54594],[-158.20503,21.54789],[-158.20664,21.54785],[-158.20866,21.54912],[-158.21041,21.5491],[-158.21139,21.55003],[-158.21337,21.55047],[-158.21461,21.5488],[-158.21793,21.54901],[-158.2209,21.55144],[-158.22203,21.55322],[-158.22332,21.55359],[-158.22549,21.55317],[-158.22717,21.55496],[-158.2301,21.55675],[-158.23243,21.5576],[-158.23576,21.55981],[-158.23754,21.55998],[-158.23993,21.56108],[-158.24286,21.56331],[-158.24449,21.56317],[-158.24696,21.56136],[-158.24965,21.56159],[-158.25762,21.56562],[-158.25939,21.56691],[-158.26134,21.56774],[-158.26454,21.57079],[-158.26694,21.57194],[-158.27122,21.57041],[-158.26309,21.565],[-158.25979,21.56238],[-158.25639,21.55894],[-158.25385,21.55807],[-158.25174,21.55652],[-158.24989,21.55631],[-158.24921,21.5553],[-158.24673,21.55322],[-158.24479,21.55074],[-158.24199,21.54871],[-158.24035,21.54596],[-158.23683,21.5419],[-158.23676,21.5413],[-158.23315,21.53905],[-158.23153,21.5372],[-158.22984,21.53323],[-158.22943,21.53074],[-158.22935,21.52685],[-158.22997,21.52547],[-158.22877,21.52368],[-158.22858,21.52038],[-158.22987,21.51515],[-158.22876,21.51411],[-158.22871,21.51271],[-158.22951,21.51081],[-158.22963,21.50831],[-158.22936,21.50481],[-158.22987,21.50368],[-158.23014,21.50062],[-158.2298,21.49673],[-158.23026,21.49203],[-158.22978,21.49085],[-158.23045,21.48815],[-158.2302,21.48722],[-158.23124,21.48286],[-158.23007,21.48122],[-158.22838,21.48003],[-158.22841,21.47932],[-158.22644,21.47805],[-158.22388,21.4784],[-158.22185,21.47777],[-158.21967,21.47495],[-158.21965,21.47233],[-158.21886,21.4716],[-158.21811,21.46939],[-158.21801,21.46729],[-158.21696,21.46604],[-158.21491,21.46479],[-158.21338,21.46329],[-158.21296,21.46106],[-158.21205,21.45984],[-158.21034,21.46085],[-158.20719,21.46008],[-158.20564,21.45903],[-158.20526,21.45954],[-158.21078,21.46213],[-158.21287,21.46405],[-158.20986,21.46649],[-158.20349,21.47115],[-158.20529,21.47232],[-158.20722,21.4721],[-158.20984,21.4738],[-158.21075,21.47599],[-158.20891,21.47657],[-158.20774,21.47572],[-158.20551,21.4768],[-158.20302,21.47873],[-158.19947,21.47981],[-158.19813,21.48242],[-158.19566,21.48488],[-158.19531,21.48632],[-158.19252,21.48805],[-158.19099,21.48863],[-158.19005,21.49079],[-158.18805,21.49071],[-158.18741,21.49127],[-158.18682,21.49342],[-158.18589,21.49462],[-158.18578,21.49627],[-158.18254,21.49961],[-158.18041,21.50009],[-158.18039,21.50099],[-158.17836,21.50419],[-158.17805,21.50559],[-158.17662,21.50598],[-158.17676,21.50711],[-158.17575,21.50778],[-158.1724,21.50554],[-158.16655,21.50572],[-158.1655,21.50082],[-158.16235,21.50261],[-158.16021,21.50275],[-158.15105,21.50217],[-158.14898,21.50243],[-158.14685,21.50405]]]},"properties":{"dp":"45-04","county":"OAHU","ballottype":"CD2-H45-S22-CC1","us_house":"CD2","state_hous":"H45","state_sena":"S22","county_cou":"CC1"}},{"type":"Feature","geometry":{"type":"Polygon","coordinates":[[[-158.02897,21.44922],[-158.03183,21.44933],[-158.03331,21.44803],[-158.03285,21.4462],[-158.03734,21.44469],[-158.03804,21.44383],[-158.04215,21.44276],[-158.04161,21.44001],[-158.04219,21.43842],[-158.04495,21.43787],[-158.04617,21.43846],[-158.0469,21.43988],[-158.0482,21.4394],[-158.05014,21.44027],[-158.05126,21.43965],[-158.05488,21.44082],[-158.0563,21.4397],[-158.05823,21.44169],[-158.05972,21.44188],[-158.05963,21.43944],[-158.05804,21.43482],[-158.05534,21.43415],[-158.05479,21.43294],[-158.05276,21.43325],[-158.05223,21.43259],[-158.0498,21.43188],[-158.04721,21.43227],[-158.04486,21.43064],[-158.0435,21.43044],[-158.04251,21.42932],[-158.04156,21.43037],[-158.03971,21.42794],[-158.03816,21.42748],[-158.03686,21.42775],[-158.03665,21.42625],[-158.03477,21.42631],[-158.03224,21.42746],[-158.02745,21.42445],[-158.02609,21.42476],[-158.02675,21.42625],[-158.02981,21.42805],[-158.03018,21.4308],[-158.02874,21.43418],[-158.02832,21.4394],[-158.02941,21.44148],[-158.02955,21.44287],[-158.02787,21.44573],[-158.02897,21.44922]]]},"properties":{"dp":"46-07","county":"OAHU","ballottype":"CD2-H46-S18-CC2","us_house":"CD2","state_hous":"H46","state_sena":"S18","county_cou":"CC2"}},{"type":"Feature","geometry":{"type":"Polygon","coordinates":[[[-158.02347,21.46243],[-158.02414,21.46747],[-158.02627,21.47844],[-158.02852,21.49089],[-158.02852,21.49147],[-158.03069,21.49244],[-158.03235,21.49219],[-158.03541,21.4928],[-158.03711,21.49241],[-158.03868,21.49065],[-158.04083,21.49068],[-158.0423,21.49308],[-158.04323,21.49376],[-158.04178,21.4962],[-158.04048,21.49423],[-158.0396,21.49454],[-158.03734,21.49686],[-158.03599,21.4987],[-158.03436,21.49985],[-158.03319,21.49914],[-158.03008,21.49913],[-158.02941,21.50057],[-158.03003,21.50239],[-158.03348,21.50561],[-158.02959,21.50826],[-158.03068,21.51098],[-158.0325,21.51331],[-158.03182,21.51574],[-158.02957,21.51469],[-158.02828,21.51542],[-158.02521,21.51565],[-158.02217,21.51446],[-158.01957,21.51413],[-158.01783,21.51457],[-158.01559,21.51438],[-158.01459,21.51561],[-158.0108,21.51495],[-158.00882,21.51641],[-158.00806,21.51446],[-158.00472,21.51532],[-158.00449,21.51388],[-158.00328,21.51329],[-158.00026,21.51355],[-157.9992,21.51448],[-157.99547,21.51516],[-157.99328,21.51509],[-157.99157,21.51694],[-157.99071,21.52009],[-157.99166,21.52143],[-157.99351,21.52254],[-157.99556,21.52285],[-157.99808,21.52555],[-158.00055,21.52616],[-158.00244,21.52422],[-158.00393,21.52403],[-158.00413,21.52296],[-158.00626,21.52325],[-158.0073,21.52538],[-158.00822,21.52436],[-158.00972,21.52662],[-158.01061,21.52483],[-158.01192,21.52497],[-158.01227,21.52619],[-158.01447,21.52546],[-158.01626,21.5261],[-158.01666,21.52713],[-158.01848,21.52593],[-158.01903,21.52418],[-158.02128,21.52342],[-158.02261,21.52199],[-158.02401,21.52248],[-158.02818,21.52087],[-158.02907,21.52169],[-158.0305,21.52146],[-158.03274,21.5197],[-158.03541,21.51942],[-158.03603,21.51816],[-158.0384,21.51805],[-158.03991,21.51638],[-158.04513,21.51688],[-158.04597,21.51346],[-158.05293,21.51629],[-158.05431,21.51668],[-158.05843,21.50989],[-158.06187,21.50745],[-158.06379,21.50781],[-158.06547,21.5065],[-158.06759,21.50742],[-158.06962,21.50776],[-158.07118,21.50673],[-158.0721,21.50785],[-158.07483,21.50804],[-158.07476,21.51023],[-158.07713,21.51154],[-158.07855,21.51403],[-158.07993,21.51536],[-158.0802,21.51723],[-158.08138,21.51852],[-158.08291,21.51735],[-158.08407,21.51981],[-158.08547,21.51938],[-158.08696,21.52121],[-158.09143,21.52136],[-158.09235,21.52103],[-158.09393,21.52189],[-158.11013,21.51693],[-158.1119,21.51622],[-158.1137,21.51654],[-158.12011,21.51523],[-158.12148,21.51566],[-158.12246,21.51508],[-158.12655,21.51418],[-158.12759,21.51347],[-158.13149,21.51206],[-158.13763,21.51157],[-158.13854,21.51077],[-158.14193,21.50944],[-158.14245,21.50775],[-158.14391,21.50649],[-158.14638,21.50511],[-158.14685,21.50405],[-158.14772,21.49977],[-158.14724,21.49813],[-158.14568,21.4975],[-158.1434,21.49543],[-158.14076,21.49238],[-158.13876,21.49137],[-158.13539,21.48876],[-158.13327,21.48795],[-158.13265,21.48704],[-158.13273,21.48501],[-158.13189,21.48131],[-158.13205,21.48025],[-158.12835,21.47977],[-158.1256,21.47881],[-158.12205,21.48035],[-158.11913,21.47836],[-158.11825,21.47825],[-158.11861,21.47572],[-158.11742,21.47488],[-158.11381,21.47435],[-158.11162,21.47348],[-158.10809,21.47383],[-158.1063,21.4717],[-158.10516,21.47102],[-158.10486,21.46888],[-158.10298,21.46734],[-158.10232,21.46556],[-158.1021,21.46173],[-158.1013,21.46019],[-158.09924,21.45831],[-158.09351,21.45436],[-158.09335,21.45301],[-158.08995,21.45399],[-158.08808,21.4538],[-158.08612,21.45276],[-158.08305,21.45252],[-158.07905,21.45122],[-158.07786,21.45011],[-158.07549,21.44946],[-158.07537,21.44828],[-158.07426,21.44711],[-158.07089,21.44569],[-158.06827,21.44558],[-158.06606,21.44501],[-158.06347,21.44294],[-158.06123,21.44201],[-158.05972,21.44188],[-158.05823,21.44169],[-158.0563,21.4397],[-158.05488,21.44082],[-158.05126,21.43965],[-158.05014,21.44027],[-158.0482,21.4394],[-158.0469,21.43988],[-158.04617,21.43846],[-158.04495,21.43787],[-158.04219,21.43842],[-158.04161,21.44001],[-158.04215,21.44276],[-158.03804,21.44383],[-158.03734,21.44469],[-158.03285,21.4462],[-158.03331,21.44803],[-158.03183,21.44933],[-158.02897,21.44922],[-158.02913,21.45175],[-158.02713,21.45515],[-158.02375,21.45934],[-158.02347,21.46243]]]},"properties":{"dp":"46-02","county":"OAHU","ballottype":"CD2-H46-S23-CC2","us_house":"CD2","state_hous":"H46","state_sena":"S23","county_cou":"CC2"}},{"type":"Feature","geometry":{"type":"Polygon","coordinates":[[[-158.00884,21.47087],[-158.01139,21.47289],[-158.01414,21.4739],[-158.01425,21.47214],[-158.01515,21.47042],[-158.01704,21.46987],[-158.01755,21.46763],[-158.01957,21.46401],[-158.01898,21.46255],[-158.02198,21.46208],[-158.02347,21.46243],[-158.02229,21.46091],[-158.01951,21.46057],[-158.01704,21.46108],[-158.01222,21.46406],[-158.01051,21.46656],[-158.01311,21.46937],[-158.01102,21.46964],[-158.00884,21.47087]]]},"properties":{"dp":"46-03","county":"OAHU","ballottype":"CD1-H46-S17-CC8","us_house":"CD1","state_hous":"H46","state_sena":"S17","county_cou":"CC8"}},{"type":"Feature","geometry":{"type":"Polygon","coordinates":[[[-158.0152,21.47431],[-158.02093,21.47643],[-158.02243,21.47725],[-158.02414,21.47924],[-158.02627,21.47844],[-158.02414,21.46747],[-158.02347,21.46243],[-158.02198,21.46208],[-158.01898,21.46255],[-158.01957,21.46401],[-158.01755,21.46763],[-158.01704,21.46987],[-158.01515,21.47042],[-158.01425,21.47214],[-158.01414,21.4739],[-158.0152,21.47431]]]},"properties":{"dp":"46-04","county":"OAHU","ballottype":"CD1-H46-S23-CC2","us_house":"CD1","state_hous":"H46","state_sena":"S23","county_cou":"CC2"}},{"type":"Feature","geometry":{"type":"Polygon","coordinates":[[[-157.99824,21.48266],[-157.99675,21.48263],[-157.99338,21.48425],[-157.99232,21.48577],[-157.9911,21.48623],[-157.98959,21.48441],[-157.9889,21.48543],[-157.98585,21.48617],[-157.98458,21.48523],[-157.98375,21.48724],[-157.98645,21.48752],[-157.98775,21.48724],[-157.98974,21.48788],[-157.99108,21.48758],[-157.99605,21.48534],[-157.99965,21.48942],[-158.00079,21.48916],[-158.00314,21.48953],[-158.00354,21.49103],[-158.0074,21.4896],[-158.00822,21.48847],[-158.01041,21.48886],[-158.01246,21.48971],[-158.0145,21.48915],[-158.01557,21.49073],[-158.01708,21.4885],[-158.02065,21.49006],[-158.02226,21.48836],[-158.02497,21.48939],[-158.0254,21.48852],[-158.0283,21.49042],[-158.02852,21.49147],[-158.02852,21.49089],[-158.02627,21.47844],[-158.02414,21.47924],[-158.02243,21.47725],[-158.02093,21.47643],[-158.0152,21.47431],[-158.01458,21.47529],[-158.01176,21.47577],[-158.00988,21.47731],[-158.00764,21.47734],[-158.00427,21.47925],[-158.00241,21.48283],[-158.00115,21.48196],[-157.99882,21.48407],[-157.99824,21.48266]]]},"properties":{"dp":"46-05","county":"OAHU","ballottype":"CD1-H46-S17-CC2","us_house":"CD1","state_hous":"H46","state_sena":"S17","county_cou":"CC2"}},{"type":"Feature","geometry":{"type":"Polygon","coordinates":[[[-157.90125,21.50154],[-157.90228,21.5023],[-157.90328,21.50422],[-157.90485,21.50554],[-157.90643,21.50779],[-157.90745,21.50854],[-157.90716,21.51031],[-157.90954,21.51266],[-157.91098,21.51313],[-157.91241,21.51476],[-157.91305,21.51636],[-157.9143,21.51707],[-157.9147,21.51873],[-157.91577,21.5203],[-157.91662,21.52376],[-157.91928,21.52616],[-157.92004,21.52766],[-157.9197,21.53075],[-157.92065,21.53194],[-157.92294,21.53279],[-157.92462,21.53267],[-157.92828,21.53338],[-157.92953,21.53291],[-157.93298,21.53294],[-157.93469,21.53351],[-157.93871,21.53277],[-157.93966,21.53163],[-157.94201,21.53056],[-157.94406,21.53011],[-157.94634,21.53111],[-157.94937,21.53151],[-157.95028,21.53107],[-157.95205,21.53151],[-157.95339,21.53099],[-157.95944,21.53228],[-157.96117,21.5322],[-157.96282,21.53128],[-157.96475,21.53081],[-157.96682,21.53091],[-157.96807,21.53025],[-157.97353,21.53037],[-157.97494,21.529],[-157.97755,21.52914],[-157.98006,21.5269],[-157.98452,21.52518],[-157.9883,21.52485],[-157.99102,21.52409],[-157.99579,21.52482],[-157.99819,21.5274],[-157.99759,21.52813],[-158.00068,21.52934],[-158.00161,21.52878],[-158.00122,21.52728],[-158.00433,21.52547],[-158.0054,21.52433],[-158.0073,21.52538],[-158.00626,21.52325],[-158.00413,21.52296],[-158.00393,21.52403],[-158.00244,21.52422],[-158.00055,21.52616],[-157.99808,21.52555],[-157.99556,21.52285],[-157.99351,21.52254],[-157.99166,21.52143],[-157.99071,21.52009],[-157.99157,21.51694],[-157.99328,21.51509],[-157.99547,21.51516],[-157.9992,21.51448],[-158.00026,21.51355],[-158.00328,21.51329],[-158.00449,21.51388],[-158.00472,21.51532],[-158.00806,21.51446],[-158.00882,21.51641],[-158.0108,21.51495],[-158.01459,21.51561],[-158.01559,21.51438],[-158.01783,21.51457],[-158.01957,21.51413],[-158.02217,21.51446],[-158.02521,21.51565],[-158.02828,21.51542],[-158.02957,21.51469],[-158.03182,21.51574],[-158.0325,21.51331],[-158.03068,21.51098],[-158.02959,21.50826],[-158.03348,21.50561],[-158.03003,21.50239],[-158.02941,21.50057],[-158.03008,21.49913],[-158.03319,21.49914],[-158.03436,21.49985],[-158.03599,21.4987],[-158.03734,21.49686],[-158.0396,21.49454],[-158.04048,21.49423],[-158.04178,21.4962],[-158.04323,21.49376],[-158.0423,21.49308],[-158.04083,21.49068],[-158.03868,21.49065],[-158.03711,21.49241],[-158.03541,21.4928],[-158.03235,21.49219],[-158.03069,21.49244],[-158.02852,21.49147],[-158.0283,21.49042],[-158.0254,21.48852],[-158.02497,21.48939],[-158.02226,21.48836],[-158.02065,21.49006],[-158.01708,21.4885],[-158.01557,21.49073],[-158.0145,21.48915],[-158.01246,21.48971],[-158.01041,21.48886],[-158.00822,21.48847],[-158.0074,21.4896],[-158.00354,21.49103],[-158.00314,21.48953],[-158.00079,21.48916],[-157.99965,21.48942],[-157.99605,21.48534],[-157.99108,21.48758],[-157.98974,21.48788],[-157.98775,21.48724],[-157.98645,21.48752],[-157.98375,21.48724],[-157.98037,21.48755],[-157.97811,21.48727],[-157.97555,21.48783],[-157.97219,21.48713],[-157.97049,21.48763],[-157.96859,21.48709],[-157.96484,21.48925],[-157.96237,21.48961],[-157.96017,21.49039],[-157.95947,21.49149],[-157.95623,21.4924],[-157.95303,21.49392],[-157.94827,21.49501],[-157.9454,21.49443],[-157.94253,21.49526],[-157.9407,21.49655],[-157.93444,21.49705],[-157.92953,21.49582],[-157.92816,21.49593],[-157.92593,21.49726],[-157.91998,21.49769],[-157.91769,21.49722],[-157.91583,21.49835],[-157.91406,21.49821],[-157.90802,21.49907],[-157.90591,21.4987],[-157.90469,21.49901],[-157.90423,21.50019],[-157.90125,21.50154]]]},"properties":{"dp":"46-06","county":"OAHU","ballottype":"CD2-H46-S17-CC2","us_house":"CD2","state_hous":"H46","state_sena":"S17","county_cou":"CC2"}},{"type":"Feature","geometry":{"type":"Polygon","coordinates":[[[-158.14245,21.50775],[-158.14193,21.50944],[-158.13854,21.51077],[-158.13763,21.51157],[-158.13149,21.51206],[-158.12759,21.51347],[-158.12655,21.51418],[-158.12246,21.51508],[-158.12148,21.51566],[-158.12011,21.51523],[-158.1137,21.51654],[-158.1119,21.51622],[-158.11013,21.51693],[-158.09393,21.52189],[-158.09235,21.52103],[-158.09143,21.52136],[-158.08696,21.52121],[-158.08547,21.51938],[-158.08407,21.51981],[-158.08291,21.51735],[-158.08138,21.51852],[-158.0802,21.51723],[-158.07993,21.51536],[-158.07855,21.51403],[-158.07713,21.51154],[-158.07476,21.51023],[-158.07483,21.50804],[-158.0721,21.50785],[-158.07118,21.50673],[-158.06962,21.50776],[-158.06759,21.50742],[-158.06547,21.5065],[-158.06379,21.50781],[-158.06187,21.50745],[-158.05843,21.50989],[-158.05431,21.51668],[-158.0593,21.51806],[-158.06998,21.52061],[-158.07186,21.52144],[-158.07956,21.52835],[-158.08144,21.52954],[-158.08209,21.53127],[-158.0834,21.53204],[-158.08409,21.53323],[-158.08595,21.5347],[-158.08787,21.53559],[-158.09043,21.5385],[-158.09563,21.54215],[-158.09815,21.54479],[-158.10199,21.54926],[-158.1023,21.55198],[-158.1047,21.55426],[-158.10667,21.55484],[-158.10747,21.55609],[-158.10849,21.55933],[-158.11345,21.56222],[-158.12172,21.56593],[-158.12968,21.56802],[-158.12831,21.57449],[-158.12943,21.57569],[-158.13233,21.58129],[-158.13413,21.58132],[-158.13396,21.58304],[-158.13538,21.58388],[-158.13758,21.58415],[-158.14147,21.58312],[-158.14346,21.58304],[-158.14923,21.5812],[-158.15298,21.58054],[-158.15545,21.58085],[-158.15821,21.5798],[-158.1597,21.57989],[-158.16256,21.58071],[-158.1636,21.58066],[-158.16747,21.57903],[-158.16865,21.5791],[-158.17332,21.58165],[-158.17494,21.58153],[-158.17836,21.58035],[-158.18029,21.58043],[-158.18331,21.58167],[-158.18605,21.58177],[-158.18748,21.5825],[-158.19076,21.5829],[-158.1952,21.58149],[-158.19644,21.58211],[-158.19917,21.58269],[-158.20117,21.58274],[-158.20359,21.58176],[-158.20651,21.58216],[-158.214,21.58057],[-158.21557,21.57941],[-158.21927,21.57882],[-158.22407,21.57967],[-158.22685,21.57946],[-158.22852,21.57895],[-158.23413,21.57996],[-158.24247,21.57996],[-158.24502,21.57901],[-158.24682,21.57968],[-158.25349,21.57935],[-158.25696,21.57796],[-158.26027,21.57822],[-158.26083,21.57738],[-158.26275,21.57777],[-158.264,21.57713],[-158.26535,21.57776],[-158.27043,21.57601],[-158.27334,21.57582],[-158.27438,21.57536],[-158.27554,21.57601],[-158.27876,21.57603],[-158.28032,21.57449],[-158.27971,21.57329],[-158.27407,21.57191],[-158.27122,21.57041],[-158.26694,21.57194],[-158.26454,21.57079],[-158.26134,21.56774],[-158.25939,21.56691],[-158.25762,21.56562],[-158.24965,21.56159],[-158.24696,21.56136],[-158.24449,21.56317],[-158.24286,21.56331],[-158.23993,21.56108],[-158.23754,21.55998],[-158.23576,21.55981],[-158.23243,21.5576],[-158.2301,21.55675],[-158.22717,21.55496],[-158.22549,21.55317],[-158.22332,21.55359],[-158.22203,21.55322],[-158.2209,21.55144],[-158.21793,21.54901],[-158.21461,21.5488],[-158.21337,21.55047],[-158.21139,21.55003],[-158.21041,21.5491],[-158.20866,21.54912],[-158.20664,21.54785],[-158.20503,21.54789],[-158.20369,21.54594],[-158.20236,21.54526],[-158.20063,21.5436],[-158.19653,21.54336],[-158.19499,21.54463],[-158.19354,21.54024],[-158.193,21.53983],[-158.19273,21.53727],[-158.19193,21.53574],[-158.19016,21.5351],[-158.18785,21.53552],[-158.1867,21.53468],[-158.18558,21.53484],[-158.18319,21.53402],[-158.18091,21.53215],[-158.18031,21.53122],[-158.17747,21.52871],[-158.17652,21.52863],[-158.17679,21.52652],[-158.17544,21.52394],[-158.17545,21.52256],[-158.17373,21.51924],[-158.17156,21.51925],[-158.1682,21.51786],[-158.16479,21.51579],[-158.16312,21.51316],[-158.16018,21.5119],[-158.15737,21.50932],[-158.15322,21.50827],[-158.15086,21.50842],[-158.14974,21.50739],[-158.14672,21.50793],[-158.1449,21.50749],[-158.14245,21.50775]]]},"properties":{"dp":"46-01","county":"OAHU","ballottype":"CD2-H46-S23-CC2","us_house":"CD2","state_hous":"H46","state_sena":"S23","county_cou":"CC2"}},{"type":"Feature","geometry":{"type":"Polygon","coordinates":[[[-158.0073,21.52538],[-158.0054,21.52433],[-158.00433,21.52547],[-158.00122,21.52728],[-158.00161,21.52878],[-158.00068,21.52934],[-157.99759,21.52813],[-157.99819,21.5274],[-157.99579,21.52482],[-157.99102,21.52409],[-157.9883,21.52485],[-157.98452,21.52518],[-157.98006,21.5269],[-157.97755,21.52914],[-157.97494,21.529],[-157.97353,21.53037],[-157.96807,21.53025],[-157.96682,21.53091],[-157.96475,21.53081],[-157.96282,21.53128],[-157.96117,21.5322],[-157.95944,21.53228],[-157.95339,21.53099],[-157.95205,21.53151],[-157.95028,21.53107],[-157.94937,21.53151],[-157.94634,21.53111],[-157.94406,21.53011],[-157.94201,21.53056],[-157.93966,21.53163],[-157.93871,21.53277],[-157.93469,21.53351],[-157.93298,21.53294],[-157.92953,21.53291],[-157.92828,21.53338],[-157.92462,21.53267],[-157.92294,21.53279],[-157.92065,21.53194],[-157.92132,21.53494],[-157.92135,21.54034],[-157.91918,21.5436],[-157.91915,21.5458],[-157.9184,21.54837],[-157.91826,21.55228],[-157.92043,21.5543],[-157.9221,21.5551],[-157.92367,21.55718],[-157.92369,21.55942],[-157.9254,21.56218],[-157.92693,21.56206],[-157.92789,21.56423],[-157.92993,21.56421],[-157.93257,21.56762],[-157.9358,21.56903],[-157.93726,21.57298],[-157.93874,21.57569],[-157.93845,21.57675],[-157.94029,21.57859],[-157.94031,21.58006],[-157.94306,21.58278],[-157.94499,21.58369],[-157.94872,21.58378],[-157.95003,21.58555],[-157.95238,21.58646],[-157.95385,21.58625],[-157.95452,21.58742],[-157.95409,21.5887],[-157.9545,21.59049],[-157.95608,21.59097],[-157.95602,21.59187],[-157.95886,21.59298],[-157.96022,21.59475],[-157.96244,21.59491],[-157.96634,21.59417],[-157.96707,21.59548],[-157.96878,21.59557],[-157.97116,21.59705],[-157.97186,21.59865],[-157.97344,21.59818],[-157.97373,21.6008],[-157.97525,21.60206],[-157.97582,21.60396],[-157.97729,21.60354],[-157.97834,21.6043],[-157.97933,21.60308],[-157.98139,21.60271],[-157.98278,21.60391],[-157.98156,21.60507],[-157.98437,21.60558],[-157.98521,21.60504],[-157.9869,21.60558],[-157.98675,21.60664],[-157.98808,21.60807],[-157.98973,21.60878],[-157.99062,21.60992],[-157.99211,21.61062],[-157.99196,21.61211],[-157.99275,21.61363],[-157.99444,21.6136],[-157.9968,21.61484],[-157.99781,21.61438],[-158.00005,21.61663],[-158.00217,21.61516],[-158.00284,21.61632],[-158.00565,21.61637],[-158.00887,21.61706],[-158.01111,21.61915],[-158.01357,21.62008],[-158.01591,21.61895],[-158.01547,21.61759],[-158.0174,21.61669],[-158.01871,21.61554],[-158.01891,21.61388],[-158.02053,21.61049],[-158.02041,21.60842],[-158.02187,21.607],[-158.02114,21.60564],[-158.02183,21.60471],[-158.01982,21.60167],[-158.0179,21.60125],[-158.01608,21.59954],[-158.0162,21.59864],[-158.01417,21.59652],[-158.01418,21.59589],[-158.01714,21.59542],[-158.02399,21.5925],[-158.02606,21.59116],[-158.02535,21.5906],[-158.02562,21.58899],[-158.02222,21.58932],[-158.01932,21.58814],[-158.01764,21.58806],[-158.01563,21.58916],[-158.01331,21.58837],[-158.01246,21.58697],[-158.01208,21.58471],[-158.00988,21.58364],[-158.01116,21.58286],[-158.01232,21.58128],[-158.01409,21.58049],[-158.01503,21.57758],[-158.0183,21.57642],[-158.01801,21.57518],[-158.01607,21.57431],[-158.01539,21.57266],[-158.011,21.57045],[-158.00836,21.56958],[-158.00934,21.56826],[-158.01286,21.56869],[-158.01509,21.56842],[-158.0188,21.56699],[-158.02183,21.56659],[-158.02522,21.5673],[-158.02707,21.56887],[-158.03052,21.57065],[-158.03363,21.57323],[-158.03755,21.5754],[-158.04151,21.57597],[-158.0433,21.57684],[-158.04725,21.5742],[-158.05649,21.57186],[-158.05949,21.57269],[-158.06408,21.57562],[-158.0664,21.57649],[-158.0678,21.57766],[-158.0733,21.57875],[-158.07608,21.57808],[-158.08008,21.58145],[-158.08425,21.58307],[-158.0863,21.58443],[-158.08756,21.58425],[-158.09294,21.58589],[-158.09879,21.58909],[-158.09974,21.58927],[-158.1008,21.58663],[-158.104,21.58422],[-158.10514,21.58104],[-158.10789,21.57858],[-158.11266,21.57719],[-158.11626,21.57856],[-158.11728,21.57973],[-158.11978,21.58061],[-158.12173,21.58487],[-158.12335,21.58317],[-158.12649,21.58272],[-158.12837,21.58211],[-158.13219,21.58243],[-158.13396,21.58304],[-158.13413,21.58132],[-158.13233,21.58129],[-158.12943,21.57569],[-158.12831,21.57449],[-158.12968,21.56802],[-158.12172,21.56593],[-158.11345,21.56222],[-158.10849,21.55933],[-158.10747,21.55609],[-158.10667,21.55484],[-158.1047,21.55426],[-158.1023,21.55198],[-158.10199,21.54926],[-158.09815,21.54479],[-158.09563,21.54215],[-158.09043,21.5385],[-158.08787,21.53559],[-158.08595,21.5347],[-158.08409,21.53323],[-158.0834,21.53204],[-158.08209,21.53127],[-158.08144,21.52954],[-158.07956,21.52835],[-158.07186,21.52144],[-158.06998,21.52061],[-158.0593,21.51806],[-158.05431,21.51668],[-158.05293,21.51629],[-158.04597,21.51346],[-158.04513,21.51688],[-158.03991,21.51638],[-158.0384,21.51805],[-158.03603,21.51816],[-158.03541,21.51942],[-158.03274,21.5197],[-158.0305,21.52146],[-158.02907,21.52169],[-158.02818,21.52087],[-158.02401,21.52248],[-158.02261,21.52199],[-158.02128,21.52342],[-158.01903,21.52418],[-158.01848,21.52593],[-158.01666,21.52713],[-158.01626,21.5261],[-158.01447,21.52546],[-158.01227,21.52619],[-158.01192,21.52497],[-158.01061,21.52483],[-158.00972,21.52662],[-158.00822,21.52436],[-158.0073,21.52538]]]},"properties":{"dp":"47-01","county":"OAHU","ballottype":"CD2-H47-S23-CC2","us_house":"CD2","state_hous":"H47","state_sena":"S23","county_cou":"CC2"}},{"type":"Feature","geometry":{"type":"Polygon","coordinates":[[[-157.9545,21.59049],[-157.95515,21.59145],[-157.95575,21.59391],[-157.95716,21.59794],[-157.95816,21.59881],[-157.9593,21.59906],[-157.96088,21.60038],[-157.96204,21.60407],[-157.96377,21.60653],[-157.96571,21.60821],[-157.96539,21.61191],[-157.96673,21.6143],[-157.969,21.61616],[-157.96983,21.61745],[-157.97208,21.61803],[-157.97527,21.62229],[-157.97672,21.62352],[-157.97712,21.62581],[-157.97806,21.6262],[-157.97949,21.62807],[-157.9819,21.62735],[-157.9845,21.6283],[-157.98557,21.62927],[-157.99011,21.63023],[-157.99054,21.63162],[-157.99517,21.63359],[-157.99801,21.63799],[-158.00159,21.639],[-158.00478,21.63829],[-158.0088,21.63889],[-158.00933,21.63764],[-158.01065,21.63709],[-158.01308,21.63726],[-158.01417,21.63797],[-158.01818,21.63767],[-158.02239,21.63955],[-158.02248,21.64217],[-158.02334,21.64338],[-158.02374,21.64663],[-158.0244,21.64795],[-158.02573,21.64839],[-158.02832,21.65164],[-158.02847,21.653],[-158.02943,21.65506],[-158.02966,21.65768],[-158.02835,21.65863],[-158.03045,21.66133],[-158.03334,21.66379],[-158.03497,21.66421],[-158.03559,21.66595],[-158.03727,21.66674],[-158.03882,21.66909],[-158.04052,21.66944],[-158.04042,21.67138],[-158.04137,21.67174],[-158.04203,21.67342],[-158.04669,21.6705],[-158.04727,21.66909],[-158.04898,21.6674],[-158.0513,21.66599],[-158.0527,21.66462],[-158.0539,21.66249],[-158.05739,21.66007],[-158.06126,21.65541],[-158.06254,21.65543],[-158.06315,21.65401],[-158.06197,21.65292],[-158.06178,21.65154],[-158.06359,21.64913],[-158.06332,21.64675],[-158.06479,21.64439],[-158.06492,21.64329],[-158.0629,21.64192],[-158.06401,21.63983],[-158.06571,21.63829],[-158.06804,21.63818],[-158.06894,21.63757],[-158.06888,21.63614],[-158.0699,21.63389],[-158.07108,21.63311],[-158.07155,21.63142],[-158.07291,21.63013],[-158.07407,21.62793],[-158.07563,21.62723],[-158.07584,21.62636],[-158.07814,21.62467],[-158.08111,21.62382],[-158.08237,21.62148],[-158.0847,21.62086],[-158.0857,21.61976],[-158.08596,21.6182],[-158.08826,21.61694],[-158.09038,21.61509],[-158.09509,21.61305],[-158.09619,21.61065],[-158.09774,21.60944],[-158.10006,21.60873],[-158.10228,21.60708],[-158.10354,21.6052],[-158.10759,21.60307],[-158.10646,21.60185],[-158.10504,21.60182],[-158.10358,21.59795],[-158.10393,21.59615],[-158.10337,21.59507],[-158.10583,21.59342],[-158.107,21.5952],[-158.10948,21.59311],[-158.11092,21.5905],[-158.11285,21.58904],[-158.11472,21.58932],[-158.11876,21.58938],[-158.1198,21.58759],[-158.11793,21.58625],[-158.11647,21.58391],[-158.11915,21.58202],[-158.11626,21.57856],[-158.11266,21.57719],[-158.10789,21.57858],[-158.10514,21.58104],[-158.104,21.58422],[-158.1008,21.58663],[-158.09974,21.58927],[-158.09879,21.58909],[-158.09294,21.58589],[-158.08756,21.58425],[-158.0863,21.58443],[-158.08425,21.58307],[-158.08008,21.58145],[-158.07608,21.57808],[-158.0733,21.57875],[-158.0678,21.57766],[-158.0664,21.57649],[-158.06408,21.57562],[-158.05949,21.57269],[-158.05649,21.57186],[-158.04725,21.5742],[-158.0433,21.57684],[-158.04151,21.57597],[-158.03755,21.5754],[-158.03363,21.57323],[-158.03052,21.57065],[-158.02707,21.56887],[-158.02522,21.5673],[-158.02183,21.56659],[-158.0188,21.56699],[-158.01509,21.56842],[-158.01286,21.56869],[-158.00934,21.56826],[-158.00836,21.56958],[-158.011,21.57045],[-158.01539,21.57266],[-158.01607,21.57431],[-158.01801,21.57518],[-158.0183,21.57642],[-158.01503,21.57758],[-158.01409,21.58049],[-158.01232,21.58128],[-158.01116,21.58286],[-158.00988,21.58364],[-158.01208,21.58471],[-158.01246,21.58697],[-158.01331,21.58837],[-158.01563,21.58916],[-158.01764,21.58806],[-158.01932,21.58814],[-158.02222,21.58932],[-158.02562,21.58899],[-158.02535,21.5906],[-158.02606,21.59116],[-158.02399,21.5925],[-158.01714,21.59542],[-158.01418,21.59589],[-158.01417,21.59652],[-158.0162,21.59864],[-158.01608,21.59954],[-158.0179,21.60125],[-158.01982,21.60167],[-158.02183,21.60471],[-158.02114,21.60564],[-158.02187,21.607],[-158.02041,21.60842],[-158.02053,21.61049],[-158.01891,21.61388],[-158.01871,21.61554],[-158.0174,21.61669],[-158.01547,21.61759],[-158.01591,21.61895],[-158.01357,21.62008],[-158.01111,21.61915],[-158.00887,21.61706],[-158.00565,21.61637],[-158.00284,21.61632],[-158.00217,21.61516],[-158.00005,21.61663],[-157.99781,21.61438],[-157.9968,21.61484],[-157.99444,21.6136],[-157.99275,21.61363],[-157.99196,21.61211],[-157.99211,21.61062],[-157.99062,21.60992],[-157.98973,21.60878],[-157.98808,21.60807],[-157.98675,21.60664],[-157.9869,21.60558],[-157.98521,21.60504],[-157.98437,21.60558],[-157.98156,21.60507],[-157.98278,21.60391],[-157.98139,21.60271],[-157.97933,21.60308],[-157.97834,21.6043],[-157.97729,21.60354],[-157.97582,21.60396],[-157.97525,21.60206],[-157.97373,21.6008],[-157.97344,21.59818],[-157.97186,21.59865],[-157.97116,21.59705],[-157.96878,21.59557],[-157.96707,21.59548],[-157.96634,21.59417],[-157.96244,21.59491],[-157.96022,21.59475],[-157.95886,21.59298],[-157.95602,21.59187],[-157.95608,21.59097],[-157.9545,21.59049]]]},"properties":{"dp":"47-02","county":"OAHU","ballottype":"CD2-H47-S23-CC2","us_house":"CD2","state_hous":"H47","state_sena":"S23","county_cou":"CC2"}},{"type":"Feature","geometry":{"type":"Polygon","coordinates":[[[-157.95816,21.59881],[-157.95869,21.60058],[-157.9573,21.60194],[-157.95794,21.60521],[-157.9561,21.60776],[-157.9546,21.61215],[-157.95394,21.617],[-157.95301,21.61773],[-157.95284,21.62051],[-157.95161,21.62099],[-157.9524,21.62337],[-157.95136,21.62531],[-157.95114,21.62724],[-157.95004,21.6292],[-157.95038,21.63156],[-157.94955,21.63323],[-157.94789,21.63464],[-157.94682,21.63983],[-157.94725,21.6405],[-157.94466,21.64157],[-157.94477,21.64289],[-157.94374,21.64322],[-157.94294,21.64548],[-157.9418,21.64667],[-157.93916,21.64808],[-157.93703,21.64847],[-157.93483,21.65007],[-157.93406,21.65226],[-157.93217,21.65268],[-157.92854,21.65505],[-157.92847,21.6562],[-157.92749,21.65791],[-157.92702,21.66107],[-157.93179,21.66253],[-157.93405,21.66389],[-157.93555,21.66555],[-157.93672,21.66834],[-157.93665,21.67169],[-157.93534,21.67309],[-157.93349,21.67307],[-157.93291,21.67403],[-157.93477,21.67499],[-157.93666,21.67502],[-157.94,21.67757],[-157.94181,21.681],[-157.94519,21.68478],[-157.94465,21.68736],[-157.94849,21.68983],[-157.95048,21.69328],[-157.95519,21.69694],[-157.95795,21.7012],[-157.95892,21.70218],[-157.96337,21.7041],[-157.96391,21.70614],[-157.96602,21.70815],[-157.96614,21.70954],[-157.96943,21.70922],[-157.97174,21.70991],[-157.9746,21.71018],[-157.97632,21.70944],[-157.97942,21.70941],[-157.98071,21.71041],[-157.98254,21.71037],[-157.98417,21.71142],[-157.98428,21.70954],[-157.98512,21.70901],[-157.98901,21.70537],[-157.99145,21.70467],[-157.99328,21.70553],[-157.99441,21.7054],[-157.99645,21.70616],[-157.99784,21.70531],[-157.99892,21.70711],[-157.99975,21.70491],[-157.99861,21.70425],[-157.99895,21.7024],[-158.00096,21.7001],[-158.00363,21.69943],[-158.00416,21.70028],[-158.00669,21.70048],[-158.00853,21.70015],[-158.00828,21.69788],[-158.00951,21.69661],[-158.01225,21.69593],[-158.01367,21.69836],[-158.01544,21.697],[-158.01767,21.69452],[-158.02159,21.69188],[-158.02465,21.68924],[-158.03004,21.68717],[-158.03255,21.68236],[-158.0347,21.68131],[-158.03781,21.68113],[-158.03922,21.67844],[-158.03927,21.67613],[-158.04084,21.67406],[-158.04203,21.67342],[-158.04137,21.67174],[-158.04042,21.67138],[-158.04052,21.66944],[-158.03882,21.66909],[-158.03727,21.66674],[-158.03559,21.66595],[-158.03497,21.66421],[-158.03334,21.66379],[-158.03045,21.66133],[-158.02835,21.65863],[-158.02966,21.65768],[-158.02943,21.65506],[-158.02847,21.653],[-158.02832,21.65164],[-158.02573,21.64839],[-158.0244,21.64795],[-158.02374,21.64663],[-158.02334,21.64338],[-158.02248,21.64217],[-158.02239,21.63955],[-158.01818,21.63767],[-158.01417,21.63797],[-158.01308,21.63726],[-158.01065,21.63709],[-158.00933,21.63764],[-158.0088,21.63889],[-158.00478,21.63829],[-158.00159,21.639],[-157.99801,21.63799],[-157.99517,21.63359],[-157.99054,21.63162],[-157.99011,21.63023],[-157.98557,21.62927],[-157.9845,21.6283],[-157.9819,21.62735],[-157.97949,21.62807],[-157.97806,21.6262],[-157.97712,21.62581],[-157.97672,21.62352],[-157.97527,21.62229],[-157.97208,21.61803],[-157.96983,21.61745],[-157.969,21.61616],[-157.96673,21.6143],[-157.96539,21.61191],[-157.96571,21.60821],[-157.96377,21.60653],[-157.96204,21.60407],[-157.96088,21.60038],[-157.9593,21.59906],[-157.95816,21.59881]]]},"properties":{"dp":"47-03","county":"OAHU","ballottype":"CD2-H47-S23-CC2","us_house":"CD2","state_hous":"H47","state_sena":"S23","county_cou":"CC2"}},{"type":"Feature","geometry":{"type":"Polygon","coordinates":[[[-157.89624,21.50157],[-157.89632,21.50403],[-157.8968,21.50599],[-157.89593,21.50723],[-157.89599,21.50899],[-157.89519,21.50999],[-157.89478,21.51421],[-157.89591,21.51815],[-157.89754,21.51851],[-157.89855,21.51976],[-157.89719,21.52238],[-157.89692,21.52389],[-157.89719,21.52651],[-157.89618,21.52774],[-157.89757,21.52894],[-157.89841,21.53039],[-157.89652,21.53047],[-157.89662,21.53174],[-157.89485,21.53259],[-157.89119,21.53342],[-157.89041,21.5328],[-157.88855,21.53437],[-157.88776,21.53585],[-157.88632,21.53695],[-157.88507,21.53872],[-157.88589,21.54037],[-157.88548,21.5411],[-157.88333,21.54045],[-157.88085,21.54062],[-157.88082,21.54178],[-157.87974,21.54315],[-157.87731,21.54417],[-157.87675,21.54771],[-157.87716,21.54886],[-157.87851,21.5496],[-157.87818,21.5508],[-157.87687,21.55118],[-157.87481,21.55353],[-157.87365,21.55408],[-157.87154,21.55357],[-157.8705,21.55428],[-157.86975,21.55619],[-157.87178,21.55582],[-157.87464,21.55671],[-157.87602,21.55823],[-157.8754,21.56016],[-157.8753,21.56212],[-157.87468,21.56271],[-157.87496,21.57295],[-157.87681,21.57488],[-157.88015,21.57611],[-157.88331,21.57793],[-157.88588,21.58054],[-157.88662,21.58236],[-157.88708,21.58535],[-157.8886,21.589],[-157.88994,21.59087],[-157.89143,21.59211],[-157.89346,21.59306],[-157.89542,21.59536],[-157.89785,21.60221],[-157.90005,21.60449],[-157.90152,21.6055],[-157.90543,21.6074],[-157.90708,21.60743],[-157.9084,21.60828],[-157.9093,21.61052],[-157.91257,21.6142],[-157.91285,21.61498],[-157.91271,21.62008],[-157.91817,21.62447],[-157.92046,21.62566],[-157.92119,21.62742],[-157.92056,21.63214],[-157.91845,21.63468],[-157.9187,21.63709],[-157.91812,21.64057],[-157.91896,21.64371],[-157.91764,21.64742],[-157.91285,21.64805],[-157.91426,21.64894],[-157.9179,21.64905],[-157.92203,21.64845],[-157.92318,21.65015],[-157.92642,21.65192],[-157.92777,21.65305],[-157.92854,21.65505],[-157.93217,21.65268],[-157.93406,21.65226],[-157.93483,21.65007],[-157.93703,21.64847],[-157.93916,21.64808],[-157.9418,21.64667],[-157.94294,21.64548],[-157.94374,21.64322],[-157.94477,21.64289],[-157.94466,21.64157],[-157.94725,21.6405],[-157.94682,21.63983],[-157.94789,21.63464],[-157.94955,21.63323],[-157.95038,21.63156],[-157.95004,21.6292],[-157.95114,21.62724],[-157.95136,21.62531],[-157.9524,21.62337],[-157.95161,21.62099],[-157.95284,21.62051],[-157.95301,21.61773],[-157.95394,21.617],[-157.9546,21.61215],[-157.9561,21.60776],[-157.95794,21.60521],[-157.9573,21.60194],[-157.95869,21.60058],[-157.95816,21.59881],[-157.95716,21.59794],[-157.95575,21.59391],[-157.95515,21.59145],[-157.9545,21.59049],[-157.95409,21.5887],[-157.95452,21.58742],[-157.95385,21.58625],[-157.95238,21.58646],[-157.95003,21.58555],[-157.94872,21.58378],[-157.94499,21.58369],[-157.94306,21.58278],[-157.94031,21.58006],[-157.94029,21.57859],[-157.93845,21.57675],[-157.93874,21.57569],[-157.93726,21.57298],[-157.9358,21.56903],[-157.93257,21.56762],[-157.92993,21.56421],[-157.92789,21.56423],[-157.92693,21.56206],[-157.9254,21.56218],[-157.92369,21.55942],[-157.92367,21.55718],[-157.9221,21.5551],[-157.92043,21.5543],[-157.91826,21.55228],[-157.9184,21.54837],[-157.91915,21.5458],[-157.91918,21.5436],[-157.92135,21.54034],[-157.92132,21.53494],[-157.92065,21.53194],[-157.9197,21.53075],[-157.92004,21.52766],[-157.91928,21.52616],[-157.91662,21.52376],[-157.91577,21.5203],[-157.9147,21.51873],[-157.9143,21.51707],[-157.91305,21.51636],[-157.91241,21.51476],[-157.91098,21.51313],[-157.90954,21.51266],[-157.90716,21.51031],[-157.90745,21.50854],[-157.90643,21.50779],[-157.90485,21.50554],[-157.90328,21.50422],[-157.90228,21.5023],[-157.90125,21.50154],[-157.89624,21.50157]]]},"properties":{"dp":"47-04","county":"OAHU","ballottype":"CD2-H47-S23-CC2","us_house":"CD2","state_hous":"H47","state_sena":"S23","county_cou":"CC2"}},{"type":"Feature","geometry":{"type":"Polygon","coordinates":[[[-157.87495,21.45634],[-157.87033,21.45846],[-157.86453,21.45908],[-157.86323,21.45875],[-157.86173,21.45921],[-157.86369,21.46215],[-157.86277,21.46792],[-157.86164,21.47013],[-157.86196,21.4714],[-157.86127,21.47333],[-157.85897,21.47301],[-157.85755,21.47234],[-157.85595,21.47251],[-157.85362,21.47406],[-157.85307,21.47509],[-157.84893,21.47495],[-157.84146,21.47885],[-157.84174,21.48339],[-157.84271,21.48458],[-157.84498,21.48397],[-157.84811,21.48559],[-157.84924,21.4886],[-157.8474,21.49131],[-157.84704,21.49287],[-157.84876,21.49402],[-157.85097,21.4976],[-157.85239,21.50279],[-157.85237,21.50474],[-157.85117,21.50597],[-157.8513,21.50752],[-157.84887,21.50719],[-157.84809,21.50628],[-157.84601,21.50712],[-157.83988,21.50871],[-157.8372,21.50835],[-157.835,21.50886],[-157.83456,21.50972],[-157.83555,21.51377],[-157.83574,21.51745],[-157.83522,21.51943],[-157.83535,21.52105],[-157.83473,21.52271],[-157.83463,21.52613],[-157.83491,21.52866],[-157.83716,21.53249],[-157.83795,21.53441],[-157.83968,21.53615],[-157.84086,21.53868],[-157.84153,21.54211],[-157.84447,21.54379],[-157.84618,21.54572],[-157.84623,21.54854],[-157.84672,21.55026],[-157.8486,21.55208],[-157.85107,21.55558],[-157.85259,21.55695],[-157.85499,21.55808],[-157.85618,21.55766],[-157.86006,21.55876],[-157.86376,21.56049],[-157.86713,21.55775],[-157.86847,21.55699],[-157.8693,21.55496],[-157.8705,21.55428],[-157.87154,21.55357],[-157.87365,21.55408],[-157.87481,21.55353],[-157.87687,21.55118],[-157.87818,21.5508],[-157.87851,21.5496],[-157.87716,21.54886],[-157.87675,21.54771],[-157.87731,21.54417],[-157.87974,21.54315],[-157.88082,21.54178],[-157.88085,21.54062],[-157.88333,21.54045],[-157.88548,21.5411],[-157.88589,21.54037],[-157.88507,21.53872],[-157.88632,21.53695],[-157.88776,21.53585],[-157.88855,21.53437],[-157.89041,21.5328],[-157.89119,21.53342],[-157.89485,21.53259],[-157.89662,21.53174],[-157.89652,21.53047],[-157.89841,21.53039],[-157.89757,21.52894],[-157.89618,21.52774],[-157.89719,21.52651],[-157.89692,21.52389],[-157.89719,21.52238],[-157.89855,21.51976],[-157.89754,21.51851],[-157.89591,21.51815],[-157.89478,21.51421],[-157.89519,21.50999],[-157.89599,21.50899],[-157.89593,21.50723],[-157.8968,21.50599],[-157.89632,21.50403],[-157.89624,21.50157],[-157.89625,21.49996],[-157.89495,21.49812],[-157.89427,21.49586],[-157.89205,21.49291],[-157.89223,21.48979],[-157.89157,21.4883],[-157.89173,21.48671],[-157.89035,21.48394],[-157.89094,21.48209],[-157.89044,21.47898],[-157.8892,21.47671],[-157.89003,21.4754],[-157.89069,21.47227],[-157.88931,21.46859],[-157.88775,21.46685],[-157.8872,21.46358],[-157.88504,21.46189],[-157.88281,21.46143],[-157.8822,21.46059],[-157.87985,21.46032],[-157.87622,21.46091],[-157.87603,21.45978],[-157.87475,21.45837],[-157.87495,21.45634]]]},"properties":{"dp":"48-01","county":"OAHU","ballottype":"CD2-H48-S23-CC2","us_house":"CD2","state_hous":"H48","state_sena":"S23","county_cou":"CC2"}},{"type":"Feature","geometry":{"type":"Polygon","coordinates":[[[-157.86267,21.4343],[-157.86227,21.43567],[-157.86054,21.4377],[-157.857,21.4403],[-157.85534,21.44117],[-157.85157,21.4425],[-157.8483,21.44097],[-157.8461,21.4413],[-157.84443,21.44217],[-157.84266,21.44217],[-157.84169,21.44475],[-157.8396,21.44501],[-157.83877,21.44661],[-157.83726,21.44817],[-157.83533,21.45129],[-157.83384,21.45137],[-157.83303,21.44928],[-157.83261,21.44583],[-157.83274,21.44322],[-157.83227,21.44137],[-157.83068,21.43899],[-157.82965,21.44004],[-157.82774,21.44021],[-157.82575,21.441],[-157.82354,21.44488],[-157.82259,21.44606],[-157.81379,21.44701],[-157.81449,21.44888],[-157.81447,21.45077],[-157.81564,21.45399],[-157.81643,21.45471],[-157.81936,21.45298],[-157.82263,21.45258],[-157.82337,21.45341],[-157.825,21.45314],[-157.82678,21.45562],[-157.82903,21.45671],[-157.83008,21.45799],[-157.8314,21.45792],[-157.83215,21.45953],[-157.83284,21.46232],[-157.83382,21.46182],[-157.83441,21.45795],[-157.83682,21.45777],[-157.83874,21.45983],[-157.84067,21.46062],[-157.84257,21.46325],[-157.84307,21.46515],[-157.84246,21.46602],[-157.84419,21.47029],[-157.84427,21.47198],[-157.84318,21.47281],[-157.84306,21.47443],[-157.84217,21.4752],[-157.84146,21.47885],[-157.84893,21.47495],[-157.85307,21.47509],[-157.85362,21.47406],[-157.85595,21.47251],[-157.85755,21.47234],[-157.85897,21.47301],[-157.86127,21.47333],[-157.86196,21.4714],[-157.86164,21.47013],[-157.86277,21.46792],[-157.86369,21.46215],[-157.86173,21.45921],[-157.86323,21.45875],[-157.86453,21.45908],[-157.87033,21.45846],[-157.87495,21.45634],[-157.87356,21.45493],[-157.87301,21.45284],[-157.87396,21.45158],[-157.87457,21.44762],[-157.87396,21.44331],[-157.87246,21.43981],[-157.86688,21.4368],[-157.86416,21.43618],[-157.86267,21.4343]]]},"properties":{"dp":"48-02","county":"OAHU","ballottype":"CD2-H48-S23-CC2","us_house":"CD2","state_hous":"H48","state_sena":"S23","county_cou":"CC2"}},{"type":"Feature","geometry":{"type":"Polygon","coordinates":[[[-157.84095,21.41904],[-157.84009,21.41961],[-157.83911,21.42159],[-157.83655,21.42498],[-157.83702,21.42564],[-157.84224,21.42867],[-157.83906,21.43029],[-157.83841,21.43163],[-157.83721,21.43223],[-157.83558,21.43402],[-157.83287,21.43423],[-157.83202,21.43584],[-157.82952,21.43732],[-157.83068,21.43899],[-157.83227,21.44137],[-157.83274,21.44322],[-157.83261,21.44583],[-157.83303,21.44928],[-157.83384,21.45137],[-157.83533,21.45129],[-157.83726,21.44817],[-157.83877,21.44661],[-157.8396,21.44501],[-157.84169,21.44475],[-157.84266,21.44217],[-157.84443,21.44217],[-157.8461,21.4413],[-157.8483,21.44097],[-157.85157,21.4425],[-157.85534,21.44117],[-157.857,21.4403],[-157.86054,21.4377],[-157.86227,21.43567],[-157.86267,21.4343],[-157.86157,21.43229],[-157.85955,21.43004],[-157.85915,21.42864],[-157.85855,21.42811],[-157.85055,21.42614],[-157.84814,21.42371],[-157.84497,21.42184],[-157.84335,21.42034],[-157.84095,21.41904]]]},"properties":{"dp":"48-03","county":"OAHU","ballottype":"CD2-H48-S23-CC3","us_house":"CD2","state_hous":"H48","state_sena":"S23","county_cou":"CC3"}},{"type":"Feature","geometry":{"type":"Polygon","coordinates":[[[-157.83867,21.40359],[-157.83363,21.40327],[-157.82942,21.40204],[-157.82619,21.40271],[-157.8232,21.40459],[-157.82053,21.40508],[-157.81871,21.40456],[-157.81866,21.40548],[-157.817,21.40574],[-157.81705,21.40664],[-157.81604,21.41019],[-157.81672,21.4129],[-157.81607,21.41479],[-157.81357,21.41693],[-157.81435,21.41829],[-157.81407,21.41936],[-157.81062,21.42297],[-157.81034,21.42443],[-157.81145,21.42573],[-157.81237,21.42789],[-157.81431,21.42857],[-157.81657,21.43012],[-157.81759,21.43218],[-157.81703,21.43439],[-157.81274,21.43704],[-157.81105,21.43751],[-157.81048,21.43887],[-157.80879,21.44007],[-157.80853,21.44147],[-157.81089,21.44316],[-157.81187,21.44322],[-157.81379,21.44701],[-157.82259,21.44606],[-157.82354,21.44488],[-157.82575,21.441],[-157.82774,21.44021],[-157.82965,21.44004],[-157.83068,21.43899],[-157.82952,21.43732],[-157.83202,21.43584],[-157.83287,21.43423],[-157.83558,21.43402],[-157.83721,21.43223],[-157.83841,21.43163],[-157.83906,21.43029],[-157.84224,21.42867],[-157.83702,21.42564],[-157.83655,21.42498],[-157.83911,21.42159],[-157.84009,21.41961],[-157.84095,21.41904],[-157.83853,21.41795],[-157.83798,21.41406],[-157.83667,21.41308],[-157.83676,21.41224],[-157.8385,21.41075],[-157.83867,21.40359]]]},"properties":{"dp":"48-04","county":"OAHU","ballottype":"CD2-H48-S23-CC3","us_house":"CD2","state_hous":"H48","state_sena":"S23","county_cou":"CC3"}},{"type":"Feature","geometry":{"type":"Polygon","coordinates":[[[-157.81357,21.41693],[-157.81114,21.41771],[-157.80779,21.4201],[-157.80529,21.41636],[-157.80199,21.41822],[-157.80148,21.41698],[-157.79895,21.41681],[-157.79477,21.41807],[-157.79331,21.41762],[-157.79122,21.41807],[-157.79065,21.42003],[-157.78957,21.42047],[-157.78827,21.42296],[-157.78907,21.42471],[-157.79154,21.42413],[-157.79181,21.42532],[-157.79134,21.42771],[-157.79234,21.42877],[-157.79513,21.42875],[-157.79451,21.42603],[-157.79611,21.42476],[-157.79784,21.42522],[-157.7999,21.42483],[-157.80318,21.42687],[-157.80414,21.42835],[-157.80472,21.43027],[-157.80801,21.43276],[-157.81105,21.43751],[-157.81274,21.43704],[-157.81703,21.43439],[-157.81759,21.43218],[-157.81657,21.43012],[-157.81431,21.42857],[-157.81237,21.42789],[-157.81145,21.42573],[-157.81034,21.42443],[-157.81062,21.42297],[-157.81407,21.41936],[-157.81435,21.41829],[-157.81357,21.41693]]]},"properties":{"dp":"48-05","county":"OAHU","ballottype":"CD2-H48-S24-CC3","us_house":"CD2","state_hous":"H48","state_sena":"S24","county_cou":"CC3"}},{"type":"Feature","geometry":{"type":"Polygon","coordinates":[[[-157.81871,21.40456],[-157.81698,21.40346],[-157.8147,21.40133],[-157.81343,21.39955],[-157.81288,21.39708],[-157.81312,21.39343],[-157.81165,21.39433],[-157.81053,21.39629],[-157.80972,21.40049],[-157.80867,21.402],[-157.80698,21.4031],[-157.80724,21.40886],[-157.80812,21.41071],[-157.81357,21.41693],[-157.81607,21.41479],[-157.81672,21.4129],[-157.81604,21.41019],[-157.81705,21.40664],[-157.817,21.40574],[-157.81866,21.40548],[-157.81871,21.40456]]]},"properties":{"dp":"49-01","county":"OAHU","ballottype":"CD2-H49-S23-CC3","us_house":"CD2","state_hous":"H49","state_sena":"S23","county_cou":"CC3"}},{"type":"Feature","geometry":{"type":"Polygon","coordinates":[[[-157.81357,21.41693],[-157.80812,21.41071],[-157.80595,21.41207],[-157.80532,21.41066],[-157.80383,21.41091],[-157.80172,21.41272],[-157.80006,21.41345],[-157.79653,21.41323],[-157.79513,21.41449],[-157.79221,21.41627],[-157.79331,21.41762],[-157.79477,21.41807],[-157.79895,21.41681],[-157.80148,21.41698],[-157.80199,21.41822],[-157.80529,21.41636],[-157.80779,21.4201],[-157.81114,21.41771],[-157.81357,21.41693]]]},"properties":{"dp":"49-02","county":"OAHU","ballottype":"CD2-H49-S24-CC3","us_house":"CD2","state_hous":"H49","state_sena":"S24","county_cou":"CC3"}},{"type":"Feature","geometry":{"type":"Polygon","coordinates":[[[-157.79331,21.41762],[-157.79221,21.41627],[-157.79513,21.41449],[-157.79653,21.41323],[-157.80006,21.41345],[-157.80172,21.41272],[-157.80383,21.41091],[-157.80532,21.41066],[-157.80595,21.41207],[-157.80812,21.41071],[-157.80724,21.40886],[-157.80698,21.4031],[-157.80489,21.40374],[-157.80316,21.4037],[-157.79963,21.40293],[-157.79925,21.40484],[-157.79942,21.40773],[-157.79928,21.41167],[-157.79472,21.41187],[-157.79413,21.41105],[-157.79081,21.41183],[-157.78888,21.41088],[-157.78558,21.411],[-157.78373,21.41232],[-157.78631,21.41334],[-157.78722,21.41416],[-157.78769,21.41758],[-157.79122,21.41807],[-157.79331,21.41762]]]},"properties":{"dp":"49-03","county":"OAHU","ballottype":"CD2-H49-S24-CC3","us_house":"CD2","state_hous":"H49","state_sena":"S24","county_cou":"CC3"}},{"type":"Feature","geometry":{"type":"Polygon","coordinates":[[[-157.79963,21.40293],[-157.79971,21.40186],[-157.79782,21.39686],[-157.79706,21.39357],[-157.79562,21.39485],[-157.7912,21.39626],[-157.78881,21.39833],[-157.78836,21.40123],[-157.78894,21.40496],[-157.78727,21.40586],[-157.78324,21.40604],[-157.78215,21.40644],[-157.78099,21.40806],[-157.77845,21.41034],[-157.77761,21.41179],[-157.77979,21.4117],[-157.78352,21.4096],[-157.78433,21.41117],[-157.78373,21.41232],[-157.78558,21.411],[-157.78888,21.41088],[-157.79081,21.41183],[-157.79413,21.41105],[-157.79472,21.41187],[-157.79928,21.41167],[-157.79942,21.40773],[-157.79925,21.40484],[-157.79963,21.40293]]]},"properties":{"dp":"49-04","county":"OAHU","ballottype":"CD2-H49-S24-CC3","us_house":"CD2","state_hous":"H49","state_sena":"S24","county_cou":"CC3"}},{"type":"Feature","geometry":{"type":"Polygon","coordinates":[[[-157.79369,21.36618],[-157.791,21.368],[-157.78823,21.36876],[-157.78553,21.36991],[-157.7844,21.3694],[-157.78198,21.36512],[-157.77996,21.36518],[-157.7801,21.36633],[-157.78224,21.36917],[-157.78182,21.37351],[-157.78082,21.37506],[-157.77977,21.37735],[-157.77984,21.37945],[-157.77899,21.38206],[-157.78074,21.38237],[-157.78283,21.38515],[-157.78512,21.38481],[-157.7882,21.38497],[-157.79035,21.38464],[-157.79396,21.38832],[-157.79706,21.39357],[-157.79782,21.39686],[-157.79971,21.40186],[-157.79963,21.40293],[-157.80316,21.4037],[-157.80489,21.40374],[-157.80698,21.4031],[-157.80867,21.402],[-157.80972,21.40049],[-157.81053,21.39629],[-157.81165,21.39433],[-157.81312,21.39343],[-157.81288,21.39708],[-157.81343,21.39955],[-157.8147,21.40133],[-157.81698,21.40346],[-157.81871,21.40456],[-157.82053,21.40508],[-157.8232,21.40459],[-157.82619,21.40271],[-157.82942,21.40204],[-157.83363,21.40327],[-157.83867,21.40359],[-157.83969,21.40356],[-157.8389,21.402],[-157.83572,21.40031],[-157.82985,21.39844],[-157.82845,21.39624],[-157.82495,21.39564],[-157.82405,21.39514],[-157.82545,21.39204],[-157.82455,21.38994],[-157.82515,21.38844],[-157.82415,21.38704],[-157.82355,21.38504],[-157.82199,21.38329],[-157.81863,21.38195],[-157.81362,21.37866],[-157.81075,21.37557],[-157.8103,21.37251],[-157.81037,21.37037],[-157.80965,21.36934],[-157.80796,21.36888],[-157.80732,21.36804],[-157.79741,21.36729],[-157.79369,21.36618]]]},"properties":{"dp":"49-05","county":"OAHU","ballottype":"CD2-H49-S24-CC3","us_house":"CD2","state_hous":"H49","state_sena":"S24","county_cou":"CC3"}},{"type":"Feature","geometry":{"type":"Polygon","coordinates":[[[-157.75905,21.33187],[-157.75861,21.33314],[-157.75623,21.33641],[-157.7554,21.33924],[-157.754,21.34091],[-157.75222,21.34129],[-157.75082,21.34398],[-157.74945,21.34598],[-157.75144,21.34692],[-157.7538,21.34665],[-157.75518,21.34821],[-157.75701,21.3495],[-157.75998,21.34988],[-157.75989,21.35206],[-157.76098,21.35555],[-157.76204,21.35624],[-157.76247,21.35817],[-157.76213,21.35939],[-157.76454,21.36035],[-157.76474,21.36396],[-157.76591,21.36458],[-157.76463,21.36581],[-157.76411,21.36796],[-157.76291,21.36801],[-157.76097,21.36949],[-157.76109,21.37171],[-157.76048,21.37432],[-157.76116,21.37574],[-157.7607,21.37758],[-157.76281,21.37706],[-157.76632,21.37713],[-157.77463,21.3793],[-157.77602,21.37933],[-157.77773,21.37837],[-157.78082,21.37506],[-157.78182,21.37351],[-157.78224,21.36917],[-157.7801,21.36633],[-157.77996,21.36518],[-157.78198,21.36512],[-157.7844,21.3694],[-157.78553,21.36991],[-157.78823,21.36876],[-157.791,21.368],[-157.79369,21.36618],[-157.7906,21.36406],[-157.78938,21.36211],[-157.78863,21.35957],[-157.78829,21.35517],[-157.78907,21.35321],[-157.78918,21.35003],[-157.78805,21.34454],[-157.78805,21.34304],[-157.78715,21.34115],[-157.78515,21.33975],[-157.78225,21.33715],[-157.77915,21.33585],[-157.77555,21.33565],[-157.77155,21.33315],[-157.76815,21.33225],[-157.76385,21.33215],[-157.76265,21.33175],[-157.75905,21.33187]]]},"properties":{"dp":"49-06","county":"OAHU","ballottype":"CD2-H49-S25-CC3","us_house":"CD2","state_hous":"H49","state_sena":"S25","county_cou":"CC3"}},{"type":"Feature","geometry":{"type":"Polygon","coordinates":[[[-157.79706,21.39357],[-157.79396,21.38832],[-157.79035,21.38464],[-157.7882,21.38497],[-157.78512,21.38481],[-157.78283,21.38515],[-157.78054,21.38608],[-157.77656,21.38864],[-157.77389,21.39162],[-157.77246,21.39664],[-157.77125,21.39905],[-157.76587,21.40651],[-157.76435,21.40911],[-157.76284,21.4135],[-157.76187,21.42167],[-157.76016,21.42737],[-157.76105,21.42859],[-157.763,21.42858],[-157.76425,21.42765],[-157.76436,21.42597],[-157.76549,21.42492],[-157.76425,21.42182],[-157.76523,21.41937],[-157.76664,21.41887],[-157.76631,21.41694],[-157.76843,21.41607],[-157.76902,21.41454],[-157.77166,21.41449],[-157.77177,21.41306],[-157.77268,21.41232],[-157.77508,21.41288],[-157.77761,21.41179],[-157.77845,21.41034],[-157.78099,21.40806],[-157.78215,21.40644],[-157.78324,21.40604],[-157.78727,21.40586],[-157.78894,21.40496],[-157.78836,21.40123],[-157.78881,21.39833],[-157.7912,21.39626],[-157.79562,21.39485],[-157.79706,21.39357]]]},"properties":{"dp":"50-01","county":"OAHU","ballottype":"CD2-H50-S24-CC3","us_house":"CD2","state_hous":"H50","state_sena":"S24","county_cou":"CC3"}},{"type":"Feature","geometry":{"type":"Polygon","coordinates":[[[-157.78082,21.37506],[-157.77773,21.37837],[-157.77602,21.37933],[-157.77463,21.3793],[-157.76632,21.37713],[-157.76281,21.37706],[-157.7607,21.37758],[-157.75889,21.37845],[-157.75695,21.38],[-157.74879,21.38881],[-157.7472,21.39181],[-157.74868,21.39437],[-157.75159,21.39784],[-157.75445,21.40329],[-157.75529,21.40532],[-157.75377,21.40602],[-157.75079,21.40985],[-157.74807,21.41152],[-157.74741,21.41081],[-157.74542,21.41183],[-157.74588,21.41302],[-157.74302,21.41381],[-157.74437,21.41886],[-157.7443,21.42247],[-157.74188,21.42538],[-157.74042,21.42545],[-157.73921,21.42418],[-157.73798,21.42553],[-157.73803,21.42753],[-157.73605,21.43156],[-157.73568,21.43333],[-157.73606,21.43751],[-157.73665,21.43882],[-157.73644,21.4441],[-157.73454,21.44589],[-157.73258,21.44579],[-157.73019,21.44652],[-157.72576,21.44999],[-157.72613,21.45057],[-157.72469,21.45477],[-157.72253,21.45583],[-157.72196,21.45824],[-157.72281,21.45942],[-157.72527,21.45904],[-157.72899,21.45965],[-157.7302,21.46025],[-157.73335,21.45896],[-157.73683,21.45588],[-157.73901,21.45603],[-157.74,21.45419],[-157.74209,21.45354],[-157.74426,21.45349],[-157.74779,21.45414],[-157.75313,21.45628],[-157.75646,21.45684],[-157.75868,21.45812],[-157.75983,21.458],[-157.76316,21.45988],[-157.76405,21.46226],[-157.76561,21.46122],[-157.76637,21.45868],[-157.76889,21.45631],[-157.77299,21.45724],[-157.77397,21.45386],[-157.77717,21.45202],[-157.77759,21.4499],[-157.77645,21.44955],[-157.77696,21.44816],[-157.77859,21.4461],[-157.7769,21.44343],[-157.77193,21.44267],[-157.76512,21.43946],[-157.76415,21.4382],[-157.76243,21.4385],[-157.76009,21.43713],[-157.75835,21.43687],[-157.75725,21.43569],[-157.75767,21.43476],[-157.75934,21.43386],[-157.76076,21.43241],[-157.76105,21.42859],[-157.76016,21.42737],[-157.76187,21.42167],[-157.76284,21.4135],[-157.76435,21.40911],[-157.76587,21.40651],[-157.77125,21.39905],[-157.77246,21.39664],[-157.77389,21.39162],[-157.77656,21.38864],[-157.78054,21.38608],[-157.78283,21.38515],[-157.78074,21.38237],[-157.77899,21.38206],[-157.77984,21.37945],[-157.77977,21.37735],[-157.78082,21.37506]]]},"properties":{"dp":"50-02","county":"OAHU","ballottype":"CD2-H50-S24-CC3","us_house":"CD2","state_hous":"H50","state_sena":"S24","county_cou":"CC3"}},{"type":"Feature","geometry":{"type":"Polygon","coordinates":[[[-157.76291,21.36801],[-157.76175,21.36754],[-157.75453,21.37339],[-157.75279,21.37569],[-157.75169,21.37528],[-157.75087,21.37797],[-157.74709,21.37552],[-157.74505,21.37707],[-157.74577,21.38105],[-157.74603,21.38489],[-157.74363,21.38457],[-157.74045,21.38248],[-157.73884,21.38426],[-157.73758,21.38503],[-157.74002,21.38972],[-157.74126,21.39081],[-157.74036,21.39352],[-157.74336,21.39461],[-157.74093,21.39612],[-157.74357,21.40081],[-157.7396,21.40283],[-157.73842,21.40151],[-157.73675,21.40273],[-157.74046,21.40748],[-157.74145,21.40944],[-157.74302,21.41381],[-157.74588,21.41302],[-157.74542,21.41183],[-157.74741,21.41081],[-157.74807,21.41152],[-157.75079,21.40985],[-157.75377,21.40602],[-157.75529,21.40532],[-157.75445,21.40329],[-157.75159,21.39784],[-157.74868,21.39437],[-157.7472,21.39181],[-157.74879,21.38881],[-157.75695,21.38],[-157.75889,21.37845],[-157.7607,21.37758],[-157.76116,21.37574],[-157.76048,21.37432],[-157.76109,21.37171],[-157.76097,21.36949],[-157.76291,21.36801]]]},"properties":{"dp":"50-03","county":"OAHU","ballottype":"CD2-H50-S24-CC3","us_house":"CD2","state_hous":"H50","state_sena":"S24","county_cou":"CC3"}},{"type":"Feature","geometry":{"type":"Polygon","coordinates":[[[-157.74002,21.38972],[-157.7381,21.39047],[-157.73712,21.39252],[-157.73203,21.39135],[-157.73153,21.39591],[-157.73018,21.39738],[-157.7286,21.39634],[-157.72711,21.39659],[-157.72577,21.39774],[-157.72823,21.39879],[-157.73249,21.39994],[-157.73429,21.40074],[-157.73675,21.40273],[-157.73842,21.40151],[-157.7396,21.40283],[-157.74357,21.40081],[-157.74093,21.39612],[-157.74336,21.39461],[-157.74036,21.39352],[-157.74126,21.39081],[-157.74002,21.38972]]]},"properties":{"dp":"50-04","county":"OAHU","ballottype":"CD2-H50-S25-CC3","us_house":"CD2","state_hous":"H50","state_sena":"S25","county_cou":"CC3"}},{"type":"Feature","geometry":{"type":"Polygon","coordinates":[[[-157.74945,21.34598],[-157.74742,21.34971],[-157.74659,21.35235],[-157.74574,21.35377],[-157.74568,21.35539],[-157.74377,21.35603],[-157.74121,21.3577],[-157.7384,21.3571],[-157.73736,21.35767],[-157.73671,21.35919],[-157.73596,21.35989],[-157.73578,21.3615],[-157.74005,21.36784],[-157.73716,21.36955],[-157.73935,21.37304],[-157.74017,21.37572],[-157.74113,21.38099],[-157.74045,21.38248],[-157.74363,21.38457],[-157.74603,21.38489],[-157.74577,21.38105],[-157.74505,21.37707],[-157.74709,21.37552],[-157.75087,21.37797],[-157.75169,21.37528],[-157.75279,21.37569],[-157.75453,21.37339],[-157.76175,21.36754],[-157.76291,21.36801],[-157.76411,21.36796],[-157.76463,21.36581],[-157.76591,21.36458],[-157.76474,21.36396],[-157.76454,21.36035],[-157.76213,21.35939],[-157.76247,21.35817],[-157.76204,21.35624],[-157.76098,21.35555],[-157.75989,21.35206],[-157.75998,21.34988],[-157.75701,21.3495],[-157.75518,21.34821],[-157.7538,21.34665],[-157.75144,21.34692],[-157.74945,21.34598]]]},"properties":{"dp":"50-05","county":"OAHU","ballottype":"CD2-H50-S25-CC3","us_house":"CD2","state_hous":"H50","state_sena":"S25","county_cou":"CC3"}},{"type":"Feature","geometry":{"type":"Polygon","coordinates":[[[-157.73203,21.39135],[-157.73088,21.39094],[-157.73009,21.3888],[-157.72972,21.38519],[-157.73045,21.38334],[-157.72917,21.38179],[-157.72852,21.37901],[-157.72544,21.37964],[-157.72436,21.3791],[-157.7242,21.37778],[-157.72269,21.37729],[-157.72148,21.37582],[-157.72048,21.37309],[-157.71862,21.37503],[-157.71945,21.3759],[-157.71959,21.3783],[-157.71838,21.38021],[-157.7161,21.37954],[-157.71184,21.37925],[-157.71056,21.37986],[-157.70894,21.37958],[-157.70578,21.38018],[-157.70828,21.3811],[-157.70983,21.38474],[-157.71064,21.3856],[-157.71198,21.389],[-157.71368,21.39035],[-157.71586,21.39335],[-157.72033,21.39607],[-157.72228,21.39577],[-157.72549,21.39751],[-157.72711,21.39659],[-157.7286,21.39634],[-157.73018,21.39738],[-157.73153,21.39591],[-157.73203,21.39135]]]},"properties":{"dp":"51-01","county":"OAHU","ballottype":"CD2-H51-S25-CC3","us_house":"CD2","state_hous":"H51","state_sena":"S25","county_cou":"CC3"}},{"type":"Feature","geometry":{"type":"Polygon","coordinates":[[[-157.74045,21.38248],[-157.74113,21.38099],[-157.74017,21.37572],[-157.73935,21.37304],[-157.73716,21.36955],[-157.73429,21.37174],[-157.73114,21.37357],[-157.72966,21.37497],[-157.72865,21.37706],[-157.72852,21.37901],[-157.72917,21.38179],[-157.73045,21.38334],[-157.72972,21.38519],[-157.73009,21.3888],[-157.73088,21.39094],[-157.73203,21.39135],[-157.73712,21.39252],[-157.7381,21.39047],[-157.74002,21.38972],[-157.73758,21.38503],[-157.73884,21.38426],[-157.74045,21.38248]]]},"properties":{"dp":"51-02","county":"OAHU","ballottype":"CD2-H51-S25-CC3","us_house":"CD2","state_hous":"H51","state_sena":"S25","county_cou":"CC3"}},{"type":"Feature","geometry":{"type":"Polygon","coordinates":[[[-157.73671,21.35919],[-157.73462,21.35954],[-157.72974,21.35472],[-157.72871,21.3571],[-157.72406,21.35973],[-157.7218,21.35743],[-157.71956,21.35815],[-157.71633,21.36145],[-157.71297,21.36293],[-157.71241,21.36408],[-157.71037,21.3643],[-157.70962,21.36658],[-157.70823,21.37107],[-157.70604,21.37618],[-157.70578,21.38018],[-157.70894,21.37958],[-157.71056,21.37986],[-157.71184,21.37925],[-157.7161,21.37954],[-157.71838,21.38021],[-157.71959,21.3783],[-157.71945,21.3759],[-157.71862,21.37503],[-157.72048,21.37309],[-157.72148,21.37582],[-157.72269,21.37729],[-157.7242,21.37778],[-157.72436,21.3791],[-157.72544,21.37964],[-157.72852,21.37901],[-157.72865,21.37706],[-157.72966,21.37497],[-157.73114,21.37357],[-157.73429,21.37174],[-157.73716,21.36955],[-157.74005,21.36784],[-157.73578,21.3615],[-157.73596,21.35989],[-157.73671,21.35919]]]},"properties":{"dp":"51-03","county":"OAHU","ballottype":"CD2-H51-S25-CC3","us_house":"CD2","state_hous":"H51","state_sena":"S25","county_cou":"CC3"}},{"type":"Feature","geometry":{"type":"Polygon","coordinates":[[[-157.75082,21.34398],[-157.75201,21.34027],[-157.75058,21.34026],[-157.74603,21.34097],[-157.74286,21.34189],[-157.73947,21.34249],[-157.73569,21.33818],[-157.73503,21.33779],[-157.72506,21.33551],[-157.72301,21.33387],[-157.72003,21.3336],[-157.71652,21.33172],[-157.71447,21.33148],[-157.71281,21.33036],[-157.71134,21.33273],[-157.70779,21.33269],[-157.70776,21.33508],[-157.7087,21.33653],[-157.70836,21.33885],[-157.70399,21.3374],[-157.70486,21.33995],[-157.70449,21.34062],[-157.69949,21.34162],[-157.70135,21.34384],[-157.70417,21.34822],[-157.70695,21.35394],[-157.70903,21.36035],[-157.70976,21.3653],[-157.70962,21.36658],[-157.71037,21.3643],[-157.71241,21.36408],[-157.71297,21.36293],[-157.71633,21.36145],[-157.71956,21.35815],[-157.7218,21.35743],[-157.72406,21.35973],[-157.72871,21.3571],[-157.72974,21.35472],[-157.73462,21.35954],[-157.73671,21.35919],[-157.73736,21.35767],[-157.7384,21.3571],[-157.74121,21.3577],[-157.74377,21.35603],[-157.74568,21.35539],[-157.74574,21.35377],[-157.74659,21.35235],[-157.74742,21.34971],[-157.74945,21.34598],[-157.75082,21.34398]]]},"properties":{"dp":"51-04","county":"OAHU","ballottype":"CD2-H51-S25-CC3","us_house":"CD2","state_hous":"H51","state_sena":"S25","county_cou":"CC3"}},{"type":"Feature","geometry":{"type":"Polygon","coordinates":[[[-157.64897,21.31102],[-157.6514,21.31064],[-157.65341,21.31093],[-157.65684,21.31016],[-157.65906,21.31018],[-157.66049,21.31172],[-157.66048,21.31425],[-157.66327,21.31667],[-157.6666,21.31611],[-157.66831,21.31705],[-157.66995,21.31894],[-157.67146,21.31984],[-157.67368,21.3221],[-157.67652,21.32318],[-157.67937,21.32522],[-157.68617,21.32743],[-157.69014,21.32965],[-157.69327,21.33237],[-157.69625,21.33645],[-157.69789,21.33937],[-157.69949,21.34162],[-157.70449,21.34062],[-157.70486,21.33995],[-157.70399,21.3374],[-157.70836,21.33885],[-157.7087,21.33653],[-157.70776,21.33508],[-157.70779,21.33269],[-157.71134,21.33273],[-157.71281,21.33036],[-157.71447,21.33148],[-157.71652,21.33172],[-157.72003,21.3336],[-157.72301,21.33387],[-157.72506,21.33551],[-157.73503,21.33779],[-157.73569,21.33818],[-157.73947,21.34249],[-157.74286,21.34189],[-157.74603,21.34097],[-157.75058,21.34026],[-157.75201,21.34027],[-157.75082,21.34398],[-157.75222,21.34129],[-157.754,21.34091],[-157.7554,21.33924],[-157.75623,21.33641],[-157.75861,21.33314],[-157.75905,21.33187],[-157.7581,21.3313],[-157.75578,21.33064],[-157.75267,21.32784],[-157.74919,21.32723],[-157.74777,21.32591],[-157.74381,21.32475],[-157.73929,21.32381],[-157.73706,21.32305],[-157.73486,21.32334],[-157.73226,21.32274],[-157.73096,21.32264],[-157.72766,21.32324],[-157.72586,21.32414],[-157.72136,21.31865],[-157.71896,21.31844],[-157.71686,21.31715],[-157.71496,21.31704],[-157.71276,21.31744],[-157.71076,21.31704],[-157.70976,21.31824],[-157.70716,21.31774],[-157.70636,21.31666],[-157.70457,21.31658],[-157.70347,21.31736],[-157.69696,21.31906],[-157.69506,21.32044],[-157.69155,21.32004],[-157.6895,21.32123],[-157.68741,21.3216],[-157.68533,21.32104],[-157.68483,21.31993],[-157.68121,21.32064],[-157.67816,21.32018],[-157.67442,21.31776],[-157.67235,21.31726],[-157.67124,21.31574],[-157.668,21.31254],[-157.66568,21.31155],[-157.66305,21.30935],[-157.66225,21.30955],[-157.66043,21.30815],[-157.65861,21.30895],[-157.6573,21.30865],[-157.65434,21.3095],[-157.65145,21.30865],[-157.64897,21.31102]]]},"properties":{"dp":"51-05","county":"OAHU","ballottype":"CD2-H51-S25-CC3","us_house":"CD2","state_hous":"H51","state_sena":"S25","county_cou":"CC3"}},{"type":"Feature","geometry":{"type":"Polygon","coordinates":[[[-158.02828,21.34033],[-158.03175,21.33854],[-158.03226,21.33729],[-158.03089,21.33664],[-158.02901,21.33827],[-158.02733,21.33911],[-158.02828,21.34033]]]},"properties":{"dp":"42-01","county":"OAHU","ballottype":"CD1-H42-S20-CC9","us_house":"CD1","state_hous":"H42","state_sena":"S20","county_cou":"CC9"}},{"type":"Feature","geometry":{"type":"Polygon","coordinates":[[[-158.0267,21.34738],[-158.03027,21.34318],[-158.02828,21.34033],[-158.02512,21.34149],[-158.0267,21.34738]]]},"properties":{"dp":"42-01","county":"OAHU","ballottype":"CD1-H42-S20-CC9","us_house":"CD1","state_hous":"H42","state_sena":"S20","county_cou":"CC9"}},{"type":"Feature","geometry":{"type":"Polygon","coordinates":[[[-157.70939,21.28511],[-157.70982,21.2855],[-157.71251,21.28453],[-157.71511,21.28458],[-157.71647,21.28576],[-157.71758,21.28455],[-157.71857,21.28523],[-157.7187,21.28411],[-157.71738,21.28317],[-157.71521,21.2827],[-157.71248,21.28118],[-157.71186,21.28153],[-157.71144,21.28259],[-157.70888,21.28326],[-157.70939,21.28511]]]},"properties":{"dp":"18-05","county":"OAHU","ballottype":"CD1-H18-S09-CC4","us_house":"CD1","state_hous":"H18","state_sena":"S09","county_cou":"CC4"}},{"type":"Feature","geometry":{"type":"Polygon","coordinates":[[[-157.70007,21.28855],[-157.70202,21.28966],[-157.70338,21.28886],[-157.70441,21.29029],[-157.70283,21.29137],[-157.70227,21.29425],[-157.70296,21.29736],[-157.70365,21.29845],[-157.7031,21.29999],[-157.70379,21.30208],[-157.70074,21.30576],[-157.70259,21.30694],[-157.70403,21.30731],[-157.70469,21.30946],[-157.7047,21.3113],[-157.70584,21.31248],[-157.70677,21.31441],[-157.70636,21.31666],[-157.70716,21.31774],[-157.70976,21.31824],[-157.71076,21.31704],[-157.71276,21.31744],[-157.71496,21.31704],[-157.71537,21.31628],[-157.71417,21.31422],[-157.71328,21.31077],[-157.71076,21.30693],[-157.70926,21.30519],[-157.71059,21.30444],[-157.71062,21.3022],[-157.71144,21.29838],[-157.71049,21.29714],[-157.71095,21.2948],[-157.70816,21.2926],[-157.70815,21.28983],[-157.70751,21.28898],[-157.71005,21.28729],[-157.70905,21.28525],[-157.70764,21.28389],[-157.70512,21.28509],[-157.70421,21.28609],[-157.70271,21.28656],[-157.70007,21.28855]]]},"properties":{"dp":"18-05","county":"OAHU","ballottype":"CD1-H18-S09-CC4","us_house":"CD1","state_hous":"H18","state_sena":"S09","county_cou":"CC4"}}]}